date,open,high,low,close,volume
2021-10-04,5.630000114440918,6.019999980926514,5.599999904632568,5.909999847412109,12619822
2021-10-05,5.909999847412109,5.909999847412109,5.909999847412109,5.909999847412109,0
2021-10-06,5.909999847412109,5.909999847412109,5.909999847412109,5.909999847412109,0
2021-10-10,5.909999847412109,5.909999847412109,5.909999847412109,5.909999847412109,0
2021-10-12,0.421999990940094,0.4690000116825104,0.41100001335144043,0.421999990940094,31678863
2021-10-13,0.421999990940094,0.42500001192092896,0.3799999952316284,0.38199999928474426,17833566
2021-10-14,0.38199999928474426,0.40400001406669617,0.375,0.3869999945163727,14022552
2021-10-17,0.3869999945163727,0.3959999978542328,0.3709999918937683,0.3799999952316284,10112351
2021-10-18,0.3799999952316284,0.3799999952316284,0.3799999952316284,0.3799999952316284,0
2021-10-19,0.37299999594688416,0.3799999952316284,0.3330000042915344,0.33799999952316284,12534813
2021-10-20,0.33799999952316284,0.3540000021457672,0.31299999356269836,0.3409999907016754,13675583
2021-10-24,0.3409999907016754,0.3529999852180481,0.3319999873638153,0.33500000834465027,4889215
2021-10-25,0.33500000834465027,0.3400000035762787,0.2849999964237213,0.3019999861717224,5459757
2021-10-26,0.3019999861717224,0.33000001311302185,0.2849999964237213,0.2879999876022339,5922708
2021-10-27,0.2879999876022339,0.3050000071525574,0.27000001072883606,0.2980000078678131,3607789
2021-10-28,0.2980000078678131,0.30300000309944153,0.2879999876022339,0.3009999990463257,6549351
2021-10-31,0.3009999990463257,0.3199999928474426,0.29600000381469727,0.3199999928474426,6747874
2021-11-01,0.3199999928474426,0.33000001311302185,0.30799999833106995,0.3140000104904175,4633445
2021-11-02,0.3140000104904175,0.3199999928474426,0.31200000643730164,0.3149999976158142,1718361
2021-11-03,0.3149999976158142,0.3190000057220459,0.30399999022483826,0.3050000071525574,2593952
2021-11-04,0.3050000071525574,0.3089999854564667,0.2930000126361847,0.30399999022483826,1344269
2021-11-07,0.30399999022483826,0.30399999022483826,0.30399999022483826,0.30399999022483826,0
2021-11-08,0.30399999022483826,0.30399999022483826,0.30399999022483826,0.30399999022483826,0
2021-11-09,0.30399999022483826,0.30399999022483826,0.30399999022483826,0.30399999022483826,0
2021-11-10,0.3050000071525574,0.3070000112056732,0.28999999165534973,0.2930000126361847,7183787
2021-11-11,0.2930000126361847,0.3100000023841858,0.28999999165534973,0.30799999833106995,5756456
2021-11-14,0.30799999833106995,0.3100000023841858,0.3019999861717224,0.30399999022483826,2496171
2021-11-15,0.30399999022483826,0.30399999022483826,0.28999999165534973,0.29100000858306885,3684200
2021-11-17,0.2709999978542328,0.27900001406669617,0.257999986410141,0.26100000739097595,5508697
2021-11-18,0.26100000739097595,0.26600000262260437,0.25,0.2529999911785126,5799116
2021-11-21,0.2529999911785126,0.257999986410141,0.24199999868869781,0.24500000476837158,1862208
2021-11-22,0.24500000476837158,0.2549999952316284,0.23999999463558197,0.25200000405311584,4565054
2021-11-23,0.25200000405311584,0.25999999046325684,0.25,0.257999986410141,3852954
2021-11-24,0.257999986410141,0.2619999945163727,0.25099998712539673,0.25699999928474426,1327634
2021-11-25,0.25699999928474426,0.27000001072883606,0.2549999952316284,0.2630000114440918,2073707
2021-11-28,0.2630000114440918,0.2630000114440918,0.2630000114440918,0.2630000114440918,0
2021-11-29,0.25699999928474426,0.27399998903274536,0.2549999952316284,0.2709999978542328,6086387
2021-11-30,0.2709999978542328,0.2709999978542328,0.2709999978542328,0.2709999978542328,0
2021-12-01,0.2709999978542328,0.2709999978542328,0.2709999978542328,0.2709999978542328,0
2021-12-02,0.2800000011920929,0.28600001335144043,0.27000001072883606,0.2720000147819519,6513385
2021-12-05,0.2720000147819519,0.27900001406669617,0.27000001072883606,0.27000001072883606,9737654
2021-12-06,0.27000001072883606,0.27300000190734863,0.2669999897480011,0.26899999380111694,6783949
2021-12-07,0.26899999380111694,0.27799999713897705,0.25999999046325684,0.2619999945163727,6034328
2021-12-08,0.2619999945163727,0.26499998569488525,0.2540000081062317,0.25999999046325684,2804577
2021-12-09,0.25999999046325684,0.26499998569488525,0.25699999928474426,0.2630000114440918,2399474
2021-12-12,0.2630000114440918,0.26899999380111694,0.25999999046325684,0.2619999945163727,1970380
2021-12-13,0.2619999945163727,0.26899999380111694,0.26100000739097595,0.2639999985694885,3062500
2021-12-14,0.2639999985694885,0.2720000147819519,0.25999999046325684,0.25999999046325684,4072812
2021-12-15,0.25999999046325684,0.26499998569488525,0.257999986410141,0.257999986410141,1372194
2021-12-16,0.257999986410141,0.2639999985694885,0.257999986410141,0.25999999046325684,3345359
2021-12-19,0.25999999046325684,0.2639999985694885,0.257999986410141,0.25999999046325684,1117177
2021-12-20,0.25999999046325684,0.2619999945163727,0.2549999952316284,0.25699999928474426,2173151
2021-12-22,0.2590000033378601,0.2759999930858612,0.2590000033378601,0.2709999978542328,7289952
2021-12-23,0.2709999978542328,0.27900001406669617,0.26899999380111694,0.27399998903274536,4317765
2021-12-26,0.27399998903274536,0.2800000011920929,0.27000001072883606,0.2759999930858612,4490365
2021-12-27,0.2759999930858612,0.2770000100135803,0.26899999380111694,0.2709999978542328,1647457
2021-12-28,0.2709999978542328,0.2750000059604645,0.26899999380111694,0.27000001072883606,1414310
2022-01-03,0.2939999997615814,0.30000001192092896,0.28600001335144043,0.28700000047683716,2630704
2022-01-04,0.28700000047683716,0.2930000126361847,0.28700000047683716,0.289000004529953,4294269
2022-01-09,0.2939999997615814,0.2939999997615814,0.2939999997615814,0.2939999997615814,0
2022-01-10,0.2939999997615814,0.2939999997615814,0.2939999997615814,0.2939999997615814,0
2022-01-11,0.29499998688697815,0.2980000078678131,0.2879999876022339,0.2930000126361847,13454235
2022-01-12,0.2930000126361847,0.29499998688697815,0.28700000047683716,0.289000004529953,8641796
2022-01-13,0.289000004529953,0.2930000126361847,0.2849999964237213,0.28700000047683716,5595121
2022-01-16,0.28700000047683716,0.289000004529953,0.2809999883174896,0.28299999237060547,3729694
2022-01-17,0.28299999237060547,0.2840000092983246,0.2770000100135803,0.2800000011920929,2604031
2022-01-18,0.2800000011920929,0.2840000092983246,0.27900001406669617,0.28200000524520874,1402308
2022-01-19,0.28200000524520874,0.2840000092983246,0.27799999713897705,0.28200000524520874,4463716
2022-01-20,0.28200000524520874,0.2849999964237213,0.27799999713897705,0.28299999237060547,2280957
2022-01-23,0.28299999237060547,0.28299999237060547,0.2770000100135803,0.28200000524520874,3094952
2022-01-24,0.28200000524520874,0.28200000524520874,0.27399998903274536,0.2750000059604645,1911085
2022-01-26,0.27799999713897705,0.27900001406669617,0.27399998903274536,0.2750000059604645,1518035
2022-01-30,0.2750000059604645,0.2800000011920929,0.27000001072883606,0.2709999978542328,1980996
2022-01-31,0.2709999978542328,0.2770000100135803,0.26899999380111694,0.2750000059604645,1553604
2022-02-01,0.2750000059604645,0.28700000047683716,0.2750000059604645,0.2849999964237213,2811082
2022-02-02,0.2849999964237213,0.289000004529953,0.28299999237060547,0.28600001335144043,1304658
2022-02-03,0.28600001335144043,0.289000004529953,0.2800000011920929,0.2809999883174896,1421765
2022-02-06,0.2809999883174896,0.2879999876022339,0.27799999713897705,0.28600001335144043,3064817
2022-02-07,0.28600001335144043,0.2879999876022339,0.27900001406669617,0.2800000011920929,1542544
2022-02-08,0.2800000011920929,0.28299999237060547,0.27799999713897705,0.2800000011920929,783783
2022-02-09,0.2800000011920929,0.29100000858306885,0.2800000011920929,0.28299999237060547,7729108
2022-02-10,0.28299999237060547,0.28700000047683716,0.2759999930858612,0.28299999237060547,877325
2022-02-14,0.2680000066757202,0.27000001072883606,0.25999999046325684,0.26499998569488525,2778551
2022-02-15,0.26499998569488525,0.27799999713897705,0.2639999985694885,0.26499998569488525,967520
2022-02-17,0.2759999930858612,0.28200000524520874,0.27000001072883606,0.2720000147819519,3191479
2022-02-20,0.2720000147819519,0.2759999930858612,0.26600000262260437,0.2720000147819519,561939
2022-02-21,0.2720000147819519,0.2759999930858612,0.26600000262260437,0.27399998903274536,1635867
2022-02-23,0.26600000262260437,0.26899999380111694,0.26100000739097595,0.26100000739097595,6375314
2022-02-27,0.2460000067949295,0.2639999985694885,0.24400000274181366,0.2590000033378601,1391223
2022-02-28,0.2590000033378601,0.25999999046325684,0.25200000405311584,0.2590000033378601,1647199
2022-03-01,0.2590000033378601,0.2680000066757202,0.257999986410141,0.2590000033378601,957603
2022-03-02,0.2590000033378601,0.2619999945163727,0.2409999966621399,0.24799999594688416,4323741
2022-03-06,0.25600001215934753,0.257999986410141,0.25,0.25200000405311584,1480022
2022-03-08,0.2619999945163727,0.2619999945163727,0.2619999945163727,0.2619999945163727,0
2022-03-09,0.2590000033378601,0.26499998569488525,0.25699999928474426,0.26100000739097595,1562263
2022-03-10,0.26100000739097595,0.2669999897480011,0.2590000033378601,0.2630000114440918,2240979
2022-03-13,0.2630000114440918,0.26899999380111694,0.2549999952316284,0.2590000033378601,1455582
2022-03-14,0.2590000033378601,0.2590000033378601,0.2590000033378601,0.2590000033378601,0
2022-03-15,0.2590000033378601,0.25999999046325684,0.25,0.2590000033378601,1160121
2022-03-16,0.2590000033378601,0.26499998569488525,0.2529999911785126,0.2639999985694885,1186620
2022-03-17,0.2639999985694885,0.2680000066757202,0.26100000739097595,0.2639999985694885,671074
2022-03-20,0.2639999985694885,0.26600000262260437,0.25999999046325684,0.2630000114440918,2373568
2022-03-22,0.2809999883174896,0.28700000047683716,0.2750000059604645,0.27799999713897705,4443090
2022-03-23,0.27799999713897705,0.2809999883174896,0.27399998903274536,0.27799999713897705,197255
2022-03-24,0.27799999713897705,0.2849999964237213,0.27000001072883606,0.2750000059604645,2354650
2022-03-27,0.2750000059604645,0.2800000011920929,0.27000001072883606,0.2770000100135803,1386748
2022-03-28,0.2770000100135803,0.2800000011920929,0.2549999952316284,0.257999986410141,3224199
2022-03-29,0.257999986410141,0.2639999985694885,0.2529999911785126,0.25999999046325684,1264432
2022-03-30,0.25999999046325684,0.2680000066757202,0.2590000033378601,0.25999999046325684,869010
2022-03-31,0.25999999046325684,0.2639999985694885,0.2540000081062317,0.2619999945163727,1295157
2022-04-03,0.2619999945163727,0.27000001072883606,0.26100000739097595,0.2619999945163727,602305
2022-04-04,0.2619999945163727,0.2669999897480011,0.26100000739097595,0.2619999945163727,546739
2022-04-05,0.2619999945163727,0.2669999897480011,0.25999999046325684,0.2619999945163727,666560
2022-04-06,0.2619999945163727,0.2639999985694885,0.25600001215934753,0.2619999945163727,1019144
2022-04-10,0.2619999945163727,0.2630000114440918,0.25,0.2619999945163727,627736
2022-04-12,0.24500000476837158,0.25600001215934753,0.24199999868869781,0.25,1376590
2022-04-13,0.25,0.25600001215934753,0.23600000143051147,0.23899999260902405,2915457
2022-04-14,0.23899999260902405,0.25,0.22200000286102295,0.22599999606609344,2497976
2022-04-17,0.22599999606609344,0.2290000021457672,0.20000000298023224,0.20100000500679016,3991300
2022-04-18,0.20100000500679016,0.21699999272823334,0.20000000298023224,0.20200000703334808,8479139
2022-04-19,0.20200000703334808,0.21799999475479126,0.20200000703334808,0.2160000056028366,2582843
2022-04-20,0.2160000056028366,0.2199999988079071,0.20999999344348907,0.2160000056028366,914399
2022-04-21,0.2160000056028366,0.2329999953508377,0.2150000035762787,0.23100000619888306,3010481
2022-04-26,0.23100000619888306,0.23999999463558197,0.22599999606609344,0.23100000619888306,1075214
2022-04-27,0.23100000619888306,0.23800000548362732,0.22200000286102295,0.23100000619888306,753310
2022-04-28,0.23100000619888306,0.24500000476837158,0.23000000417232513,0.24199999868869781,2419955
2022-05-08,0.24199999868869781,0.2540000081062317,0.23999999463558197,0.25,1545304
2022-05-09,0.25,0.2549999952316284,0.24199999868869781,0.24300000071525574,1660233
2022-05-10,0.24300000071525574,0.24899999797344208,0.23499999940395355,0.24300000071525574,1103932
2022-05-11,0.24300000071525574,0.24899999797344208,0.24199999868869781,0.24300000071525574,724280
2022-05-12,0.24300000071525574,0.24500000476837158,0.23499999940395355,0.24300000071525574,641692
2022-05-15,0.24300000071525574,0.24699999392032623,0.23600000143051147,0.24300000071525574,1202005
2022-05-16,0.24300000071525574,0.2460000067949295,0.2329999953508377,0.24300000071525574,906405
2022-05-17,0.24300000071525574,0.24300000071525574,0.2240000069141388,0.24300000071525574,547880
2022-05-18,0.24300000071525574,0.24300000071525574,0.23600000143051147,0.24300000071525574,428449
2022-05-22,0.24300000071525574,0.24400000274181366,0.23000000417232513,0.23399999737739563,3230470
2022-05-23,0.23399999737739563,0.24199999868869781,0.2329999953508377,0.23600000143051147,1917874
2022-05-24,0.23600000143051147,0.23999999463558197,0.2290000021457672,0.23100000619888306,3115249
2022-05-25,0.23100000619888306,0.23399999737739563,0.2199999988079071,0.22300000488758087,1455820
2022-05-26,0.22300000488758087,0.22300000488758087,0.2199999988079071,0.22300000488758087,540351
2022-05-30,0.22300000488758087,0.22599999606609344,0.2199999988079071,0.22200000286102295,1550145
2022-05-31,0.22200000286102295,0.2290000021457672,0.22200000286102295,0.22200000286102295,1240725
2022-06-01,0.22200000286102295,0.22300000488758087,0.2150000035762787,0.22200000286102295,1209082
2022-06-02,0.22200000286102295,0.22599999606609344,0.2150000035762787,0.22200000286102295,1041182
2022-06-05,0.22200000286102295,0.22200000286102295,0.22200000286102295,0.22200000286102295,0
2022-06-06,0.23100000619888306,0.2370000034570694,0.22699999809265137,0.23199999332427979,6424675
2022-06-07,0.23199999332427979,0.23499999940395355,0.2290000021457672,0.23199999332427979,1168836
2022-06-09,0.2370000034570694,0.24300000071525574,0.2370000034570694,0.2409999966621399,1835376
2022-06-12,0.2409999966621399,0.25,0.2370000034570694,0.24899999797344208,5687084
2022-06-13,0.24899999797344208,0.257999986410141,0.24899999797344208,0.25600001215934753,5969199
2022-06-14,0.25600001215934753,0.26100000739097595,0.25099998712539673,0.25999999046325684,5366617
2022-06-15,0.25999999046325684,0.27000001072883606,0.25999999046325684,0.2680000066757202,6712519
2022-06-16,0.2680000066757202,0.2720000147819519,0.2329999953508377,0.2329999953508377,12389330
2022-06-19,0.2329999953508377,0.24300000071525574,0.2329999953508377,0.23399999737739563,7219218
2022-06-20,0.23399999737739563,0.23999999463558197,0.2280000001192093,0.23600000143051147,1662509
2022-06-21,0.23600000143051147,0.23899999260902405,0.23000000417232513,0.2370000034570694,2588258
2022-06-22,0.2370000034570694,0.23899999260902405,0.23000000417232513,0.23399999737739563,1986848
2022-06-23,0.23399999737739563,0.23600000143051147,0.23000000417232513,0.23399999737739563,2248888
2022-06-26,0.23399999737739563,0.2370000034570694,0.23100000619888306,0.23399999737739563,1240395
2022-06-27,0.23399999737739563,0.23499999940395355,0.22599999606609344,0.22699999809265137,1907406
2022-06-28,0.22699999809265137,0.22699999809265137,0.2160000056028366,0.21899999678134918,1819534
2022-07-03,0.21899999678134918,0.23399999737739563,0.2160000056028366,0.21699999272823334,1408445
2022-07-04,0.21699999272823334,0.22100000083446503,0.20999999344348907,0.21299999952316284,1480222
2022-07-05,0.21299999952316284,0.2199999988079071,0.20900000631809235,0.21299999952316284,712304
2022-07-06,0.21299999952316284,0.22499999403953552,0.21299999952316284,0.2160000056028366,2192603
2022-07-17,0.22100000083446503,0.2290000021457672,0.2160000056028366,0.22100000083446503,349654
2022-07-18,0.22100000083446503,0.2280000001192093,0.2160000056028366,0.22100000083446503,1490808
2022-07-19,0.22100000083446503,0.22699999809265137,0.22100000083446503,0.22100000083446503,722484
2022-07-20,0.22100000083446503,0.23000000417232513,0.2199999988079071,0.22499999403953552,2711199
2022-07-21,0.22499999403953552,0.23399999737739563,0.22200000286102295,0.23199999332427979,2447150
2022-07-24,0.23199999332427979,0.23499999940395355,0.2290000021457672,0.23000000417232513,2661610
2022-07-27,0.23999999463558197,0.24199999868869781,0.2370000034570694,0.23999999463558197,373497
2022-07-28,0.23999999463558197,0.23999999463558197,0.2290000021457672,0.23399999737739563,3136456
2022-07-31,0.23399999737739563,0.23899999260902405,0.23199999332427979,0.23399999737739563,913136
2022-08-01,0.23399999737739563,0.23899999260902405,0.23100000619888306,0.23399999737739563,522210
2022-08-02,0.23399999737739563,0.23499999940395355,0.23000000417232513,0.23399999737739563,2300680
2022-08-03,0.23399999737739563,0.23800000548362732,0.2329999953508377,0.23399999737739563,813881
2022-08-08,0.257999986410141,0.26499998569488525,0.25600001215934753,0.25699999928474426,3168250
2022-08-09,0.25699999928474426,0.2590000033378601,0.24400000274181366,0.24400000274181366,5503632
2022-08-10,0.24400000274181366,0.24899999797344208,0.2409999966621399,0.24199999868869781,1324167
2022-08-11,0.24199999868869781,0.24500000476837158,0.23999999463558197,0.24199999868869781,898823
2022-08-15,0.27300000190734863,0.2800000011920929,0.25999999046325684,0.26899999380111694,12725120
2022-08-16,0.26899999380111694,0.2759999930858612,0.26499998569488525,0.2680000066757202,3611613
2022-08-18,0.2800000011920929,0.2800000011920929,0.2800000011920929,0.2800000011920929,0
2022-08-21,0.28200000524520874,0.30300000309944153,0.28200000524520874,0.2939999997615814,5688952
2022-08-22,0.2939999997615814,0.29899999499320984,0.2840000092983246,0.2939999997615814,1000169
2022-08-23,0.2939999997615814,0.2939999997615814,0.2939999997615814,0.2939999997615814,0
2022-08-24,0.28299999237060547,0.2919999957084656,0.27000001072883606,0.2720000147819519,2706876
2022-08-25,0.2720000147819519,0.2809999883174896,0.27000001072883606,0.2720000147819519,6814487
2022-08-28,0.2720000147819519,0.2770000100135803,0.26499998569488525,0.27000001072883606,9825254
2022-08-29,0.27000001072883606,0.2750000059604645,0.26600000262260437,0.2669999897480011,4347907
2022-08-30,0.2669999897480011,0.27300000190734863,0.26600000262260437,0.2709999978542328,4028800
2022-08-31,0.2709999978542328,0.2759999930858612,0.2669999897480011,0.2680000066757202,2889410
2022-09-01,0.2680000066757202,0.27000001072883606,0.25699999928474426,0.2590000033378601,2456457
2022-09-04,0.2590000033378601,0.2619999945163727,0.25,0.25999999046325684,1328532
2022-09-05,0.25999999046325684,0.2639999985694885,0.2590000033378601,0.2630000114440918,3087412
2022-09-06,0.2630000114440918,0.2680000066757202,0.25999999046325684,0.26600000262260437,2043532
2022-09-07,0.26600000262260437,0.26899999380111694,0.25600001215934753,0.2590000033378601,2025023
2022-09-08,0.2590000033378601,0.26499998569488525,0.257999986410141,0.2590000033378601,721489
2022-09-14,0.2590000033378601,0.2619999945163727,0.25699999928474426,0.2590000033378601,1170922
2022-09-15,0.2590000033378601,0.2630000114440918,0.2529999911785126,0.2540000081062317,2033621
2022-09-18,0.2540000081062317,0.2549999952316284,0.2329999953508377,0.23600000143051147,1738098
2022-09-19,0.23600000143051147,0.24799999594688416,0.23000000417232513,0.2409999966621399,2166733
2022-09-20,0.2409999966621399,0.2529999911785126,0.23999999463558197,0.2460000067949295,1374204
2022-09-27,0.2460000067949295,0.24899999797344208,0.24400000274181366,0.24699999392032623,1428577
2022-09-28,0.24699999392032623,0.24699999392032623,0.2409999966621399,0.24699999392032623,949462
2022-10-02,0.24500000476837158,0.2460000067949295,0.23800000548362732,0.24500000476837158,502447
2022-10-04,0.24500000476837158,0.25,0.23800000548362732,0.23899999260902405,6128755
2022-10-05,0.23899999260902405,0.24400000274181366,0.23000000417232513,0.2329999953508377,6316815
2022-10-09,0.2329999953508377,0.23499999940395355,0.23000000417232513,0.2329999953508377,768647
2022-10-10,0.2329999953508377,0.23499999940395355,0.2290000021457672,0.2329999953508377,1158770
2022-10-11,0.2329999953508377,0.23399999737739563,0.22300000488758087,0.2329999953508377,1020359
2022-10-12,0.2329999953508377,0.2329999953508377,0.2240000069141388,0.2329999953508377,924970
2022-10-16,0.22300000488758087,0.2290000021457672,0.22300000488758087,0.22599999606609344,12861664
2022-10-17,0.22599999606609344,0.23100000619888306,0.22499999403953552,0.2290000021457672,9012930
2022-10-18,0.2290000021457672,0.257999986410141,0.2280000001192093,0.24400000274181366,35000901
2022-10-19,0.24400000274181366,0.2630000114440918,0.23499999940395355,0.25200000405311584,41988610
2022-10-20,0.25200000405311584,0.2720000147819519,0.2460000067949295,0.26899999380111694,36219859
2022-10-23,0.26899999380111694,0.2770000100135803,0.257999986410141,0.2590000033378601,18601881
2022-10-24,0.2590000033378601,0.26600000262260437,0.25,0.25200000405311584,12526323
2022-10-25,0.25200000405311584,0.25699999928474426,0.24199999868869781,0.24699999392032623,14796595
2022-10-26,0.24699999392032623,0.24699999392032623,0.24699999392032623,0.24699999392032623,0
2022-10-30,0.24899999797344208,0.2529999911785126,0.24199999868869781,0.24300000071525574,6564824
2022-10-31,0.24300000071525574,0.24799999594688416,0.23999999463558197,0.24300000071525574,4319437
2022-11-01,0.24300000071525574,0.25099998712539673,0.23999999463558197,0.24400000274181366,5621957
2022-11-02,0.24400000274181366,0.24899999797344208,0.23800000548362732,0.23999999463558197,2296973
2022-11-03,0.23999999463558197,0.24400000274181366,0.2370000034570694,0.23899999260902405,2558111
2022-11-06,0.23899999260902405,0.2409999966621399,0.23600000143051147,0.23899999260902405,1027446
2022-11-07,0.23899999260902405,0.24199999868869781,0.23899999260902405,0.23999999463558197,2280746
2022-11-08,0.23999999463558197,0.24199999868869781,0.2370000034570694,0.23800000548362732,2098957
2022-11-09,0.23800000548362732,0.2409999966621399,0.23499999940395355,0.23800000548362732,1107677
2022-11-10,0.23800000548362732,0.23999999463558197,0.23800000548362732,0.23800000548362732,617216
2022-11-14,0.24400000274181366,0.2460000067949295,0.2409999966621399,0.24400000274181366,1355651
2022-11-15,0.24400000274181366,0.2460000067949295,0.2409999966621399,0.24199999868869781,4159882
2022-11-20,0.2540000081062317,0.2680000066757202,0.2540000081062317,0.2590000033378601,16418084
2022-11-21,0.2590000033378601,0.2639999985694885,0.24899999797344208,0.25099998712539673,9022276
2022-11-23,0.25999999046325684,0.26499998569488525,0.2549999952316284,0.25600001215934753,6006476
2022-11-24,0.25600001215934753,0.257999986410141,0.2540000081062317,0.25600001215934753,652824
2022-11-27,0.25600001215934753,0.26100000739097595,0.25600001215934753,0.25999999046325684,4757109
2022-11-28,0.25999999046325684,0.2630000114440918,0.25600001215934753,0.257999986410141,4618445
2022-11-29,0.257999986410141,0.26499998569488525,0.25600001215934753,0.2639999985694885,6954706
2022-12-01,0.2759999930858612,0.2849999964237213,0.2759999930858612,0.2770000100135803,6990542
2022-12-04,0.2770000100135803,0.28299999237060547,0.2759999930858612,0.2809999883174896,4404352
2022-12-05,0.2809999883174896,0.289000004529953,0.2709999978542328,0.27300000190734863,5025721
2022-12-06,0.27300000190734863,0.28299999237060547,0.26499998569488525,0.2750000059604645,4776490
2022-12-07,0.2750000059604645,0.27900001406669617,0.2709999978542328,0.2720000147819519,8073117
2022-12-08,0.2720000147819519,0.28999999165534973,0.2720000147819519,0.28700000047683716,17002543
2022-12-11,0.28700000047683716,0.3059999942779541,0.28700000047683716,0.28999999165534973,8483723
2022-12-12,0.28999999165534973,0.29499998688697815,0.28200000524520874,0.2879999876022339,3078056
2022-12-13,0.2879999876022339,0.296999990940094,0.2840000092983246,0.28600001335144043,13888962
2022-12-14,0.28600001335144043,0.2939999997615814,0.2849999964237213,0.28999999165534973,8889184
2022-12-18,0.3019999861717224,0.3149999976158142,0.3019999861717224,0.3070000112056732,4354358
2022-12-19,0.3070000112056732,0.31299999356269836,0.2809999883174896,0.29499998688697815,4411689
2022-12-20,0.29499998688697815,0.30000001192092896,0.28600001335144043,0.2879999876022339,2807009
2022-12-21,0.2879999876022339,0.29499998688697815,0.28299999237060547,0.28600001335144043,1126715
2022-12-22,0.28600001335144043,0.2930000126361847,0.27300000190734863,0.2800000011920929,1837666
2022-12-25,0.2800000011920929,0.2800000011920929,0.26499998569488525,0.26899999380111694,1727910
2022-12-26,0.26899999380111694,0.28299999237060547,0.26100000739097595,0.2800000011920929,1443902
2022-12-27,0.2800000011920929,0.2840000092983246,0.27399998903274536,0.27900001406669617,1310063
2022-12-29,0.28999999165534973,0.296999990940094,0.2849999964237213,0.289000004529953,2700699
2023-01-02,0.289000004529953,0.29899999499320984,0.289000004529953,0.296999990940094,2025763
2023-01-03,0.296999990940094,0.3089999854564667,0.29600000381469727,0.3059999942779541,5458538
2023-01-04,0.3059999942779541,0.3070000112056732,0.29100000858306885,0.2980000078678131,7263377
2023-01-05,0.2980000078678131,0.3070000112056732,0.2919999957084656,0.29499998688697815,2320593
2023-01-09,0.29499998688697815,0.3019999861717224,0.2840000092983246,0.28999999165534973,5788487
2023-01-10,0.28999999165534973,0.28999999165534973,0.27799999713897705,0.2809999883174896,3227719
2023-01-11,0.2809999883174896,0.28999999165534973,0.27300000190734863,0.27799999713897705,1536049
2023-01-12,0.27799999713897705,0.28700000047683716,0.27300000190734863,0.27799999713897705,226178
2023-01-15,0.27799999713897705,0.2919999957084656,0.2720000147819519,0.27799999713897705,550510
2023-01-17,0.289000004529953,0.296999990940094,0.28200000524520874,0.2879999876022339,2353820
2023-01-18,0.2879999876022339,0.29499998688697815,0.28600001335144043,0.2879999876022339,2703956
2023-01-19,0.2879999876022339,0.29499998688697815,0.28600001335144043,0.28999999165534973,2227243
2023-01-23,0.3019999861717224,0.3100000023841858,0.29499998688697815,0.296999990940094,1534381
2023-01-24,0.296999990940094,0.30000001192092896,0.2879999876022339,0.28999999165534973,1677328
2023-01-25,0.28999999165534973,0.30000001192092896,0.28999999165534973,0.29600000381469727,1075207
2023-01-29,0.29600000381469727,0.30000001192092896,0.28999999165534973,0.29600000381469727,836020
2023-01-30,0.29600000381469727,0.2980000078678131,0.2879999876022339,0.29600000381469727,615013
2023-02-01,0.28299999237060547,0.289000004529953,0.2750000059604645,0.28299999237060547,341198
2023-02-02,0.28299999237060547,0.29899999499320984,0.27399998903274536,0.27799999713897705,1053328
2023-02-05,0.27799999713897705,0.28999999165534973,0.26499998569488525,0.27799999713897705,827588
2023-02-06,0.27799999713897705,0.2849999964237213,0.27000001072883606,0.27799999713897705,660573
2023-02-07,0.27799999713897705,0.289000004529953,0.2720000147819519,0.2800000011920929,1525712
2023-02-08,0.2800000011920929,0.2879999876022339,0.27300000190734863,0.2800000011920929,2091962
2023-02-09,0.2800000011920929,0.2800000011920929,0.27300000190734863,0.2800000011920929,556554
2023-02-12,0.2800000011920929,0.28700000047683716,0.2759999930858612,0.2800000011920929,704452
2023-02-13,0.2800000011920929,0.28600001335144043,0.2709999978542328,0.2800000011920929,354095
2023-02-14,0.2800000011920929,0.2849999964237213,0.2770000100135803,0.2800000011920929,690200
2023-02-15,0.2800000011920929,0.2919999957084656,0.2800000011920929,0.289000004529953,1673313
2023-02-16,0.289000004529953,0.2939999997615814,0.28299999237060547,0.289000004529953,281728
2023-02-19,0.289000004529953,0.2930000126361847,0.28200000524520874,0.289000004529953,351708
2023-02-22,0.289000004529953,0.289000004529953,0.2800000011920929,0.289000004529953,862127
2023-02-27,0.2750000059604645,0.27900001406669617,0.2669999897480011,0.27000001072883606,1895539
2023-02-28,0.27000001072883606,0.27300000190734863,0.26600000262260437,0.27000001072883606,932391
2023-03-01,0.27000001072883606,0.2800000011920929,0.27000001072883606,0.2770000100135803,2205200
2023-03-02,0.2770000100135803,0.2809999883174896,0.2750000059604645,0.2770000100135803,657121
2023-03-05,0.2770000100135803,0.28200000524520874,0.27000001072883606,0.27300000190734863,2058176
2023-03-06,0.27300000190734863,0.27900001406669617,0.2680000066757202,0.27000001072883606,1420497
2023-03-07,0.27000001072883606,0.2750000059604645,0.2639999985694885,0.27000001072883606,717821
2023-03-09,0.25999999046325684,0.27000001072883606,0.257999986410141,0.25999999046325684,918927
2023-03-12,0.25999999046325684,0.27000001072883606,0.25,0.25999999046325684,957616
2023-03-14,0.23899999260902405,0.24500000476837158,0.2329999953508377,0.23899999260902405,377517
2023-03-15,0.23899999260902405,0.25999999046325684,0.21899999678134918,0.23899999260902405,1254713
2023-03-16,0.23899999260902405,0.23899999260902405,0.22100000083446503,0.23899999260902405,754300
2023-03-19,0.23899999260902405,0.24899999797344208,0.22599999606609344,0.23899999260902405,494777
2023-03-20,0.23899999260902405,0.24699999392032623,0.2290000021457672,0.24199999868869781,2048840
2023-03-21,0.24199999868869781,0.24799999594688416,0.2409999966621399,0.24199999868869781,292969
2023-03-22,0.24199999868869781,0.24799999594688416,0.23999999463558197,0.24199999868869781,318111
2023-03-23,0.24199999868869781,0.24400000274181366,0.23000000417232513,0.24199999868869781,398833
2023-03-26,0.24199999868869781,0.25,0.23999999463558197,0.24199999868869781,115042
2023-03-27,0.24199999868869781,0.2529999911785126,0.2409999966621399,0.24199999868869781,709087
2023-03-28,0.24199999868869781,0.24799999594688416,0.23999999463558197,0.24199999868869781,245904
2023-03-29,0.24199999868869781,0.25,0.23999999463558197,0.24199999868869781,502102
2023-03-30,0.24199999868869781,0.25,0.2370000034570694,0.23999999463558197,2241261
2023-04-02,0.23999999463558197,0.24799999594688416,0.23600000143051147,0.23999999463558197,541313
2023-04-03,0.23999999463558197,0.24899999797344208,0.2370000034570694,0.23999999463558197,426153
2023-04-04,0.23999999463558197,0.24699999392032623,0.23999999463558197,0.23999999463558197,319800
2023-04-06,0.23999999463558197,0.25,0.23999999463558197,0.23999999463558197,1740109
2023-04-09,0.23999999463558197,0.24899999797344208,0.23899999260902405,0.23999999463558197,1664063
2023-04-10,0.23999999463558197,0.24699999392032623,0.23999999463558197,0.23999999463558197,142535
2023-04-11,0.23999999463558197,0.2460000067949295,0.23899999260902405,0.23999999463558197,894677
2023-04-12,0.23999999463558197,0.2460000067949295,0.23999999463558197,0.23999999463558197,210966
2023-04-13,0.23999999463558197,0.24400000274181366,0.23899999260902405,0.23999999463558197,415956
2023-04-18,0.23999999463558197,0.24400000274181366,0.23800000548362732,0.23999999463558197,415566
2023-04-19,0.23999999463558197,0.24300000071525574,0.23899999260902405,0.23999999463558197,346451
2023-04-26,0.23999999463558197,0.24899999797344208,0.23999999463558197,0.23999999463558197,291950
2023-04-27,0.23999999463558197,0.24400000274181366,0.23999999463558197,0.23999999463558197,680667
2023-05-01,0.2460000067949295,0.2460000067949295,0.2460000067949295,0.2460000067949295,0
2023-05-02,0.2409999966621399,0.24799999594688416,0.23999999463558197,0.2409999966621399,160149
2023-05-03,0.2409999966621399,0.24799999594688416,0.2370000034570694,0.2409999966621399,490317
2023-05-07,0.2409999966621399,0.24400000274181366,0.23600000143051147,0.2409999966621399,609348
2023-05-08,0.2409999966621399,0.24699999392032623,0.23999999463558197,0.2409999966621399,1057824
2023-05-11,0.2409999966621399,0.24799999594688416,0.2409999966621399,0.2460000067949295,1352617
2023-05-14,0.2460000067949295,0.24899999797344208,0.23999999463558197,0.2460000067949295,1051399
2023-05-15,0.2460000067949295,0.2460000067949295,0.24400000274181366,0.2460000067949295,585774
2023-05-23,0.2409999966621399,0.257999986410141,0.23999999463558197,0.2529999911785126,2759325
2023-05-24,0.2529999911785126,0.25999999046325684,0.25,0.2529999911785126,1453465
2023-05-25,0.2529999911785126,0.2540000081062317,0.24500000476837158,0.2529999911785126,1182137
2023-05-28,0.2529999911785126,0.2619999945163727,0.25200000405311584,0.25999999046325684,2984271
2023-05-29,0.25999999046325684,0.2639999985694885,0.25,0.25999999046325684,8868072
2023-05-30,0.25999999046325684,0.2750000059604645,0.25999999046325684,0.27000001072883606,7057937
2023-05-31,0.27000001072883606,0.2750000059604645,0.26499998569488525,0.2709999978542328,2032587
2023-06-01,0.2709999978542328,0.2800000011920929,0.26600000262260437,0.2750000059604645,2479687
2023-06-06,0.296999990940094,0.3019999861717224,0.2930000126361847,0.29600000381469727,5392814
2023-06-07,0.29600000381469727,0.296999990940094,0.28200000524520874,0.29100000858306885,3487288
2023-06-08,0.29100000858306885,0.29499998688697815,0.28299999237060547,0.29100000858306885,649542
2023-06-11,0.29100000858306885,0.296999990940094,0.2800000011920929,0.28299999237060547,1143163
2023-06-12,0.28299999237060547,0.2879999876022339,0.2720000147819519,0.28299999237060547,1055248
2023-06-13,0.28299999237060547,0.2849999964237213,0.27000001072883606,0.2720000147819519,1620710
2023-06-14,0.2720000147819519,0.28999999165534973,0.2709999978542328,0.28299999237060547,1425096
2023-06-18,0.289000004529953,0.30000001192092896,0.2809999883174896,0.2980000078678131,2734308
2023-06-19,0.2980000078678131,0.32899999618530273,0.2930000126361847,0.31299999356269836,8888115
2023-06-21,0.33399999141693115,0.3440000116825104,0.31700000166893005,0.3190000057220459,11237569
2023-06-22,0.3190000057220459,0.3540000021457672,0.31299999356269836,0.3190000057220459,14503372
2023-06-25,0.3190000057220459,0.3269999921321869,0.30399999022483826,0.3059999942779541,4187494
2023-06-26,0.3059999942779541,0.31700000166893005,0.30300000309944153,0.3070000112056732,2210401
2023-07-05,0.3109999895095825,0.3179999887943268,0.3070000112056732,0.30799999833106995,1516613
2023-07-06,0.30799999833106995,0.31299999356269836,0.2939999997615814,0.30300000309944153,2084050
2023-07-09,0.30300000309944153,0.3050000071525574,0.2750000059604645,0.27900001406669617,1511183
2023-07-10,0.27900001406669617,0.2879999876022339,0.27000001072883606,0.2800000011920929,4691691
2023-07-11,0.2800000011920929,0.2800000011920929,0.27000001072883606,0.27300000190734863,12334323
2023-07-12,0.27300000190734863,0.2750000059604645,0.26100000739097595,0.27000001072883606,9784491
2023-07-13,0.27000001072883606,0.27900001406669617,0.26899999380111694,0.2720000147819519,2546955
2023-07-16,0.2720000147819519,0.27900001406669617,0.2680000066757202,0.27000001072883606,9789573
2023-07-17,0.27000001072883606,0.2750000059604645,0.26600000262260437,0.26899999380111694,3563403
2023-07-19,0.2709999978542328,0.2709999978542328,0.2709999978542328,0.2709999978542328,0
2023-07-24,0.2849999964237213,0.28999999165534973,0.2759999930858612,0.2770000100135803,11498841
2023-07-25,0.2770000100135803,0.2800000011920929,0.27000001072883606,0.2709999978542328,4659802
2023-07-26,0.2709999978542328,0.2849999964237213,0.27000001072883606,0.2840000092983246,10183310
2023-07-27,0.2840000092983246,0.28700000047683716,0.2770000100135803,0.2840000092983246,4438110
2023-07-30,0.2840000092983246,0.28600001335144043,0.2709999978542328,0.2750000059604645,7526716
2023-07-31,0.2750000059604645,0.27799999713897705,0.27300000190734863,0.27399998903274536,2204757
2023-08-01,0.27399998903274536,0.2770000100135803,0.2709999978542328,0.27300000190734863,1600510
2023-08-02,0.27300000190734863,0.2750000059604645,0.27000001072883606,0.2720000147819519,2668597
2023-08-03,0.2720000147819519,0.28200000524520874,0.2720000147819519,0.2770000100135803,5564686
2023-08-06,0.2770000100135803,0.2879999876022339,0.2750000059604645,0.28600001335144043,4294863
2023-08-07,0.28600001335144043,0.2879999876022339,0.2809999883174896,0.28200000524520874,5476304
2023-08-08,0.28200000524520874,0.29100000858306885,0.2809999883174896,0.28200000524520874,4735312
2023-08-09,0.28200000524520874,0.28600001335144043,0.2809999883174896,0.28299999237060547,1945384
2023-08-10,0.28299999237060547,0.289000004529953,0.2770000100135803,0.27900001406669617,1712878
2023-08-13,0.27900001406669617,0.28200000524520874,0.27300000190734863,0.2759999930858612,2488323
2023-08-14,0.2759999930858612,0.2800000011920929,0.2759999930858612,0.27799999713897705,1684579
2023-08-15,0.27799999713897705,0.2879999876022339,0.2759999930858612,0.27799999713897705,6514241
2023-08-16,0.27799999713897705,0.2800000011920929,0.2759999930858612,0.27799999713897705,2046582
2023-08-17,0.27799999713897705,0.27799999713897705,0.27000001072883606,0.2720000147819519,2361047
2023-08-20,0.2720000147819519,0.27900001406669617,0.27000001072883606,0.2720000147819519,795807
2023-08-22,0.2720000147819519,0.27900001406669617,0.27000001072883606,0.2720000147819519,4654094
2023-08-23,0.2720000147819519,0.30399999022483826,0.2720000147819519,0.2849999964237213,22877220
2023-08-24,0.2849999964237213,0.29100000858306885,0.2750000059604645,0.2770000100135803,5132799
2023-08-27,0.2770000100135803,0.28600001335144043,0.27000001072883606,0.2709999978542328,5888621
2023-08-28,0.2709999978542328,0.27799999713897705,0.27000001072883606,0.27000001072883606,3250438
2023-08-29,0.27000001072883606,0.2750000059604645,0.27000001072883606,0.27399998903274536,5088231
2023-08-30,0.27399998903274536,0.30399999022483826,0.2720000147819519,0.3009999990463257,20076754
2023-08-31,0.3009999990463257,0.3009999990463257,0.3009999990463257,0.3009999990463257,0
2023-09-03,0.3190000057220459,0.3370000123977661,0.3109999895095825,0.31700000166893005,23297060
2023-09-04,0.31700000166893005,0.3230000138282776,0.3100000023841858,0.31299999356269836,5578909
2023-09-06,0.3330000042915344,0.34299999475479126,0.328000009059906,0.3370000123977661,17476953
2023-09-07,0.3370000123977661,0.3400000035762787,0.33000001311302185,0.3310000002384186,4292535
2023-09-10,0.3310000002384186,0.3310000002384186,0.3310000002384186,0.3310000002384186,0
2023-09-11,0.32899999618530273,0.33399999141693115,0.3160000145435333,0.3199999928474426,5927707
2023-09-12,0.3199999928474426,0.32499998807907104,0.3149999976158142,0.31700000166893005,1253711
2023-09-13,0.31700000166893005,0.328000009059906,0.3100000023841858,0.31200000643730164,4830907
2023-09-14,0.31200000643730164,0.3199999928474426,0.3100000023841858,0.31200000643730164,8531764
2023-09-17,0.31200000643730164,0.3199999928474426,0.30300000309944153,0.3050000071525574,8239500
2023-09-18,0.3050000071525574,0.3149999976158142,0.30000001192092896,0.3070000112056732,1603071
2023-09-19,0.3070000112056732,0.3100000023841858,0.30000001192092896,0.3019999861717224,2833382
2023-09-20,0.3019999861717224,0.3019999861717224,0.3019999861717224,0.3019999861717224,0
2023-09-21,0.3019999861717224,0.3019999861717224,0.3019999861717224,0.3019999861717224,0
2023-09-24,0.3019999861717224,0.3019999861717224,0.3019999861717224,0.3019999861717224,0
2023-09-25,0.28700000047683716,0.3019999861717224,0.2809999883174896,0.2840000092983246,8039381
2023-09-26,0.2840000092983246,0.2919999957084656,0.2800000011920929,0.28200000524520874,1511242
2023-09-27,0.28200000524520874,0.28200000524520874,0.28200000524520874,0.28200000524520874,0
2023-10-01,0.28200000524520874,0.28200000524520874,0.28200000524520874,0.28200000524520874,0
2023-10-02,0.2800000011920929,0.28299999237060547,0.27300000190734863,0.27399998903274536,1893305
2023-10-03,0.27399998903274536,0.2800000011920929,0.27300000190734863,0.27399998903274536,928245
2023-10-04,0.27399998903274536,0.2800000011920929,0.2720000147819519,0.2759999930858612,2112346
2023-10-09,0.2630000114440918,0.2669999897480011,0.25999999046325684,0.26100000739097595,1267566
2023-10-10,0.26100000739097595,0.27300000190734863,0.25999999046325684,0.2669999897480011,2030696
2023-10-11,0.2669999897480011,0.27300000190734863,0.2630000114440918,0.2669999897480011,915551
2023-10-12,0.2669999897480011,0.2759999930858612,0.26600000262260437,0.2709999978542328,2448574
2023-10-15,0.2709999978542328,0.2750000059604645,0.26600000262260437,0.26899999380111694,2417762
2023-10-16,0.26899999380111694,0.27000001072883606,0.26499998569488525,0.2680000066757202,3426625
2023-10-17,0.2680000066757202,0.2770000100135803,0.2680000066757202,0.27399998903274536,8522839
2023-10-18,0.27399998903274536,0.2800000011920929,0.2619999945163727,0.2709999978542328,5812153
2023-10-19,0.2709999978542328,0.2709999978542328,0.2709999978542328,0.2709999978542328,0
2023-10-22,0.27000001072883606,0.27900001406669617,0.27000001072883606,0.27399998903274536,3742038
2023-10-23,0.27399998903274536,0.2770000100135803,0.2709999978542328,0.27300000190734863,7410589
2023-10-24,0.27300000190734863,0.27799999713897705,0.2709999978542328,0.2720000147819519,5602334
2023-10-26,0.28200000524520874,0.289000004529953,0.27799999713897705,0.2809999883174896,2162116
2023-10-29,0.2809999883174896,0.289000004529953,0.2809999883174896,0.2849999964237213,1471683
2023-10-30,0.2849999964237213,0.2919999957084656,0.28200000524520874,0.289000004529953,3674335
2023-10-31,0.289000004529953,0.29499998688697815,0.28200000524520874,0.2879999876022339,2172238
2023-11-02,0.2770000100135803,0.28999999165534973,0.2720000147819519,0.28700000047683716,3974208
2023-11-05,0.28700000047683716,0.2939999997615814,0.2849999964237213,0.2879999876022339,2147052
2023-11-06,0.2879999876022339,0.29600000381469727,0.28700000047683716,0.2879999876022339,764657
2023-11-07,0.2879999876022339,0.29499998688697815,0.28600001335144043,0.2919999957084656,2775039
2023-11-08,0.2919999957084656,0.296999990940094,0.28200000524520874,0.2840000092983246,3221629
2023-11-09,0.2840000092983246,0.296999990940094,0.28299999237060547,0.2919999957084656,8415225
2023-11-13,0.30300000309944153,0.3269999921321869,0.30300000309944153,0.3160000145435333,19613029
2023-11-14,0.3160000145435333,0.3240000009536743,0.3050000071525574,0.3070000112056732,8873447
2023-11-15,0.3070000112056732,0.3160000145435333,0.3019999861717224,0.30399999022483826,5155631
2023-11-19,0.3070000112056732,0.32199999690055847,0.3070000112056732,0.30799999833106995,5064858
2023-11-20,0.30799999833106995,0.3149999976158142,0.29899999499320984,0.3009999990463257,3459439
2023-11-21,0.3009999990463257,0.32100000977516174,0.30000001192092896,0.32100000977516174,9186474
2023-11-22,0.32100000977516174,0.3370000123977661,0.31700000166893005,0.3310000002384186,24653253
2023-11-23,0.3310000002384186,0.33899998664855957,0.3269999921321869,0.32899999618530273,9263518
2023-11-26,0.32899999618530273,0.33500000834465027,0.3240000009536743,0.3310000002384186,8542087
2023-11-27,0.3310000002384186,0.33799999952316284,0.3269999921321869,0.33399999141693115,9381153
2023-11-28,0.33399999141693115,0.3580000102519989,0.3240000009536743,0.33500000834465027,9644554
2023-11-29,0.33500000834465027,0.3580000102519989,0.33000001311302185,0.335999995470047,12886827
2023-11-30,0.335999995470047,0.3449999988079071,0.33000001311302185,0.3319999873638153,5615843
2023-12-03,0.3319999873638153,0.33899998664855957,0.3240000009536743,0.3240000009536743,7192548
2023-12-05,0.33000001311302185,0.33399999141693115,0.328000009059906,0.33000001311302185,4526931
2023-12-06,0.33000001311302185,0.3319999873638153,0.32499998807907104,0.328000009059906,4672978
2023-12-10,0.3240000009536743,0.33000001311302185,0.3179999887943268,0.3199999928474426,5157574
2023-12-11,0.3199999928474426,0.33000001311302185,0.3109999895095825,0.33000001311302185,6574215
2023-12-12,0.33000001311302185,0.3700000047683716,0.33000001311302185,0.3540000021457672,35197091
2023-12-13,0.3540000021457672,0.3790000081062317,0.3479999899864197,0.35199999809265137,15763946
2023-12-14,0.35199999809265137,0.35499998927116394,0.33899998664855957,0.3400000035762787,10883219
2023-12-18,0.34700000286102295,0.35499998927116394,0.33799999952316284,0.34200000762939453,6870322
2023-12-19,0.34200000762939453,0.3499999940395355,0.3310000002384186,0.3409999907016754,8662752
2023-12-20,0.3409999907016754,0.3449999988079071,0.3310000002384186,0.3319999873638153,5890763
2023-12-21,0.3319999873638153,0.3400000035762787,0.3269999921321869,0.32899999618530273,8873581
2023-12-24,0.32899999618530273,0.32899999618530273,0.32899999618530273,0.32899999618530273,0
2023-12-25,0.32199999690055847,0.3490000069141388,0.3179999887943268,0.34700000286102295,15444684
2023-12-26,0.34700000286102295,0.35600000619888306,0.33399999141693115,0.33899998664855957,10506768
2023-12-27,0.33899998664855957,0.34599998593330383,0.3310000002384186,0.335999995470047,3484306
2023-12-28,0.335999995470047,0.35100001096725464,0.33399999141693115,0.33899998664855957,5998875
2023-12-31,0.33899998664855957,0.34299999475479126,0.3330000042915344,0.33500000834465027,4908521
2024-01-03,0.3479999899864197,0.3499999940395355,0.33899998664855957,0.34200000762939453,10363314
2024-01-04,0.34200000762939453,0.34700000286102295,0.33899998664855957,0.3400000035762787,5152067
2024-01-08,0.3400000035762787,0.3440000116825104,0.33899998664855957,0.3400000035762787,4582856
2024-01-09,0.3400000035762787,0.367000013589859,0.3400000035762787,0.35199999809265137,29106286
2024-01-10,0.35199999809265137,0.38499999046325684,0.3499999940395355,0.3720000088214874,41779841
2024-01-11,0.3720000088214874,0.38199999928474426,0.3720000088214874,0.375,23656606
2024-01-14,0.375,0.3790000081062317,0.367000013589859,0.3700000047683716,10171557
2024-01-15,0.3700000047683716,0.37599998712539673,0.3700000047683716,0.3700000047683716,11653361
2024-01-16,0.3700000047683716,0.3889999985694885,0.3700000047683716,0.3799999952316284,17306552
2024-01-17,0.3799999952316284,0.38499999046325684,0.3659999966621399,0.3700000047683716,5753491
2024-01-18,0.3700000047683716,0.3799999952316284,0.36800000071525574,0.3709999918937683,4204349
2024-01-21,0.3709999918937683,0.37700000405311584,0.3700000047683716,0.37299999594688416,7375514
2024-01-22,0.37299999594688416,0.3799999952316284,0.36899998784065247,0.37299999594688416,7298006
2024-01-23,0.37299999594688416,0.37299999594688416,0.36399999260902405,0.367000013589859,4317491
2024-01-24,0.367000013589859,0.37299999594688416,0.3659999966621399,0.367000013589859,3054549
2024-01-29,0.38999998569488525,0.39800000190734863,0.3799999952316284,0.3840000033378601,13938849
2024-01-30,0.3840000033378601,0.4009999930858612,0.38100001215934753,0.4000000059604645,15669404
2024-01-31,0.4000000059604645,0.4090000092983246,0.35100001096725464,0.35499998927116394,11678995
2024-02-01,0.35499998927116394,0.3709999918937683,0.33000001311302185,0.3659999966621399,10766836
2024-02-04,0.3659999966621399,0.37299999594688416,0.35600000619888306,0.36500000953674316,4737401
2024-02-07,0.38999998569488525,0.3959999978542328,0.3799999952316284,0.39399999380111694,10382790
2024-02-08,0.39399999380111694,0.39399999380111694,0.382999986410141,0.38499999046325684,3247862
2024-02-11,0.38499999046325684,0.3970000147819519,0.37700000405311584,0.3799999952316284,5637856
2024-02-12,0.3799999952316284,0.38499999046325684,0.36800000071525574,0.3700000047683716,6272534
2024-02-18,0.3919999897480011,0.3919999897480011,0.3919999897480011,0.3919999897480011,0
2024-02-19,0.3970000147819519,0.40400001406669617,0.3930000066757202,0.3959999978542328,6417617
2024-02-22,0.4440000057220459,0.5220000147819519,0.44200000166893005,0.5090000033378601,45800948
2024-02-25,0.5090000033378601,0.5799999833106995,0.47600001096725464,0.5239999890327454,44572560
2024-02-26,0.5239999890327454,0.5659999847412109,0.503000020980835,0.5400000214576721,18487728
2024-02-27,0.5400000214576721,0.5569999814033508,0.5009999871253967,0.5080000162124634,20095211
2024-02-28,0.5080000162124634,0.5180000066757202,0.4569999873638153,0.46700000762939453,14109474
2024-02-29,0.46700000762939453,0.49900001287460327,0.4309999942779541,0.49900001287460327,15097213
2024-03-04,0.5070000290870667,0.5180000066757202,0.48500001430511475,0.5019999742507935,10181877
2024-03-05,0.5019999742507935,0.5149999856948853,0.49000000953674316,0.4909999966621399,13717240
2024-03-06,0.4909999966621399,0.49900001287460327,0.46000000834465027,0.4740000069141388,8790808
2024-03-07,0.4740000069141388,0.4860000014305115,0.453000009059906,0.46000000834465027,5261311
2024-03-10,0.46000000834465027,0.47999998927116394,0.45899999141693115,0.4620000123977661,11726505
2024-03-11,0.4620000123977661,0.4749999940395355,0.45500001311302185,0.4560000002384186,7165143
2024-03-12,0.4560000002384186,0.4699999988079071,0.44699999690055847,0.44999998807907104,3996674
2024-03-13,0.44999998807907104,0.46799999475479126,0.4129999876022339,0.43299999833106995,8905717
2024-03-14,0.43299999833106995,0.4429999887943268,0.42500001192092896,0.4350000023841858,3690640
2024-03-17,0.4350000023841858,0.4490000009536743,0.4259999990463257,0.42899999022483826,4505349
2024-03-19,0.39100000262260437,0.39100000262260437,0.3659999966621399,0.3779999911785126,4177655
2024-03-21,0.3970000147819519,0.41499999165534973,0.3930000066757202,0.4050000011920929,2423111
2024-03-24,0.4050000011920929,0.41499999165534973,0.3959999978542328,0.4009999930858612,1574002
2024-03-26,0.41499999165534973,0.41600000858306885,0.38999998569488525,0.3919999897480011,6800818
2024-03-27,0.3919999897480011,0.39500001072883606,0.3779999911785126,0.38100001215934753,6475420
2024-03-28,0.38100001215934753,0.3840000033378601,0.3700000047683716,0.37400001287460327,2424675
2024-03-31,0.37400001287460327,0.3840000033378601,0.36000001430511475,0.3619999885559082,2101129
2024-04-02,0.375,0.3779999911785126,0.3700000047683716,0.3720000088214874,919712
2024-04-03,0.3720000088214874,0.4000000059604645,0.36800000071525574,0.3799999952316284,6864540
2024-04-04,0.3799999952316284,0.38999998569488525,0.3799999952316284,0.3840000033378601,10350861
2024-04-07,0.3840000033378601,0.39399999380111694,0.35100001096725464,0.36399999260902405,18426370
2024-04-08,0.36399999260902405,0.37400001287460327,0.3619999885559082,0.3709999918937683,5222263
2024-04-16,0.3880000114440918,0.38999998569488525,0.3799999952316284,0.382999986410141,7806155
2024-04-17,0.382999986410141,0.3970000147819519,0.382999986410141,0.39100000262260437,13788357
2024-04-18,0.39100000262260437,0.3970000147819519,0.3569999933242798,0.35899999737739563,15632048
2024-04-22,0.367000013589859,0.37299999594688416,0.3499999940395355,0.3540000021457672,7513411
2024-04-23,0.3540000021457672,0.36000001430511475,0.3310000002384186,0.335999995470047,9732109
2024-04-24,0.335999995470047,0.3400000035762787,0.3140000104904175,0.32199999690055847,5790243
2024-04-28,0.32199999690055847,0.32199999690055847,0.32199999690055847,0.32199999690055847,0
2024-04-29,0.30399999022483826,0.31299999356269836,0.30000001192092896,0.3100000023841858,6897741
2024-04-30,0.3100000023841858,0.31200000643730164,0.28200000524520874,0.28999999165534973,5134074
2024-05-02,0.2919999957084656,0.30300000309944153,0.28999999165534973,0.29600000381469727,2084425
2024-05-07,0.29600000381469727,0.29899999499320984,0.2879999876022339,0.2930000126361847,2212034
2024-05-08,0.2930000126361847,0.29600000381469727,0.28600001335144043,0.289000004529953,2143992
2024-05-09,0.289000004529953,0.3070000112056732,0.289000004529953,0.28999999165534973,2233203
2024-05-12,0.28999999165534973,0.29499998688697815,0.2759999930858612,0.28299999237060547,1711029
2024-05-14,0.27000001072883606,0.28200000524520874,0.2680000066757202,0.27000001072883606,3980908
2024-05-15,0.27000001072883606,0.2809999883174896,0.26600000262260437,0.2770000100135803,2046090
2024-05-19,0.2849999964237213,0.2849999964237213,0.2849999964237213,0.2849999964237213,0
2024-05-20,0.29100000858306885,0.3199999928474426,0.28999999165534973,0.3070000112056732,13546222
2024-05-21,0.3070000112056732,0.3149999976158142,0.30300000309944153,0.30399999022483826,8124825
2024-05-22,0.30399999022483826,0.31200000643730164,0.30000001192092896,0.3050000071525574,6671378
2024-05-23,0.3050000071525574,0.3109999895095825,0.30000001192092896,0.3009999990463257,3891076
2024-05-26,0.3009999990463257,0.3009999990463257,0.3009999990463257,0.3009999990463257,0
2024-05-27,0.3050000071525574,0.3190000057220459,0.30300000309944153,0.3089999854564667,10841075
2024-05-28,0.3089999854564667,0.31200000643730164,0.3009999990463257,0.30399999022483826,4199809
2024-05-29,0.30399999022483826,0.30799999833106995,0.3019999861717224,0.3059999942779541,4231635
2024-05-30,0.3059999942779541,0.3059999942779541,0.296999990940094,0.30000001192092896,3173387
2024-06-02,0.30000001192092896,0.3059999942779541,0.28600001335144043,0.2930000126361847,2683193
2024-06-03,0.2930000126361847,0.2980000078678131,0.2809999883174896,0.2840000092983246,5346133
2024-06-05,0.28999999165534973,0.2939999997615814,0.2800000011920929,0.2849999964237213,1241566
2024-06-06,0.2849999964237213,0.28999999165534973,0.2840000092983246,0.2849999964237213,925894
2024-06-09,0.2849999964237213,0.2930000126361847,0.2750000059604645,0.27799999713897705,1770257
2024-06-10,0.27799999713897705,0.2879999876022339,0.2759999930858612,0.27900001406669617,4488007
2024-06-11,0.27900001406669617,0.289000004529953,0.2770000100135803,0.2840000092983246,5018274
2024-06-13,0.31299999356269836,0.3179999887943268,0.3070000112056732,0.3109999895095825,9135166
2024-06-23,0.3109999895095825,0.32499998807907104,0.3100000023841858,0.3190000057220459,11441112
2024-06-24,0.3190000057220459,0.3330000042915344,0.31299999356269836,0.31299999356269836,16990514
2024-06-25,0.31299999356269836,0.3190000057220459,0.3109999895095825,0.3140000104904175,3810844
2024-06-26,0.3140000104904175,0.3199999928474426,0.31200000643730164,0.3179999887943268,9695361
2024-06-27,0.3179999887943268,0.32199999690055847,0.3149999976158142,0.31700000166893005,5098941
2024-07-02,0.3160000145435333,0.3240000009536743,0.3160000145435333,0.31700000166893005,6487858
2024-07-03,0.31700000166893005,0.3240000009536743,0.3160000145435333,0.31700000166893005,4778546
2024-07-04,0.31700000166893005,0.3230000138282776,0.3149999976158142,0.3149999976158142,5041723
2024-07-08,0.3190000057220459,0.32199999690055847,0.3140000104904175,0.3160000145435333,2771874
2024-07-09,0.3160000145435333,0.3319999873638153,0.31299999356269836,0.3199999928474426,15920237
2024-07-10,0.3199999928474426,0.32600000500679016,0.3140000104904175,0.3179999887943268,11480816
2024-07-14,0.3179999887943268,0.3230000138282776,0.3109999895095825,0.3149999976158142,5824526
2024-07-15,0.3149999976158142,0.3190000057220459,0.3149999976158142,0.3149999976158142,2608562
2024-07-16,0.3149999976158142,0.3190000057220459,0.31200000643730164,0.3140000104904175,2989437
2024-07-17,0.3140000104904175,0.3179999887943268,0.31299999356269836,0.3160000145435333,3776507
2024-07-18,0.3160000145435333,0.3199999928474426,0.3160000145435333,0.3179999887943268,3433167
2024-07-21,0.3179999887943268,0.3319999873638153,0.3179999887943268,0.3310000002384186,9065417
2024-07-23,0.3499999940395355,0.3540000021457672,0.34299999475479126,0.3479999899864197,8512335
2024-07-24,0.3479999899864197,0.3569999933242798,0.3479999899864197,0.3499999940395355,11451722
2024-07-28,0.3499999940395355,0.35499998927116394,0.34599998593330383,0.34700000286102295,6363809
2024-07-29,0.34700000286102295,0.3540000021457672,0.3440000116825104,0.3449999988079071,8015846
2024-07-30,0.3449999988079071,0.3499999940395355,0.34299999475479126,0.34700000286102295,4015114
2024-07-31,0.34700000286102295,0.3630000054836273,0.34299999475479126,0.35100001096725464,20946688
2024-08-01,0.35100001096725464,0.35499998927116394,0.34599998593330383,0.34700000286102295,6095479
2024-08-07,0.3100000023841858,0.31700000166893005,0.3100000023841858,0.3109999895095825,6535530
2024-08-08,0.3109999895095825,0.32100000977516174,0.3109999895095825,0.3190000057220459,4420767
2024-08-11,0.3190000057220459,0.35199999809265137,0.3179999887943268,0.33500000834465027,36903304
2024-08-12,0.33500000834465027,0.3449999988079071,0.33000001311302185,0.3310000002384186,8774396
2024-08-13,0.3310000002384186,0.33500000834465027,0.32600000500679016,0.33000001311302185,6886343
2024-08-14,0.33000001311302185,0.3330000042915344,0.32199999690055847,0.32600000500679016,6383760
2024-08-15,0.32600000500679016,0.32899999618530273,0.31700000166893005,0.3190000057220459,8295491
2024-08-18,0.3190000057220459,0.3240000009536743,0.31700000166893005,0.3199999928474426,3675754
2024-08-19,0.3199999928474426,0.3240000009536743,0.3179999887943268,0.32199999690055847,3488002
2024-08-20,0.32199999690055847,0.328000009059906,0.3199999928474426,0.32199999690055847,4196148
2024-08-22,0.3269999921321869,0.335999995470047,0.32499998807907104,0.3269999921321869,9265306
2024-08-25,0.3269999921321869,0.33500000834465027,0.3269999921321869,0.3310000002384186,12377301
2024-08-26,0.3310000002384186,0.33399999141693115,0.32600000500679016,0.3269999921321869,8824929
2024-08-27,0.3269999921321869,0.34299999475479126,0.3269999921321869,0.3400000035762787,18737276
2024-08-28,0.3400000035762787,0.3499999940395355,0.3370000123977661,0.34299999475479126,18162979
2024-08-29,0.34299999475479126,0.34599998593330383,0.3370000123977661,0.3409999907016754,11740582
2024-09-01,0.3409999907016754,0.3479999899864197,0.33899998664855957,0.3400000035762787,4314137
2024-09-02,0.3400000035762787,0.3479999899864197,0.3400000035762787,0.34200000762939453,12125914
2024-09-03,0.34200000762939453,0.3580000102519989,0.34200000762939453,0.34599998593330383,13338894
2024-09-05,0.34200000762939453,0.3499999940395355,0.3400000035762787,0.3409999907016754,3770287
2024-09-08,0.3409999907016754,0.3479999899864197,0.33799999952316284,0.33899998664855957,4538130
2024-09-09,0.33899998664855957,0.34599998593330383,0.3370000123977661,0.33799999952316284,3934393
2024-09-10,0.33799999952316284,0.3449999988079071,0.33799999952316284,0.3400000035762787,5539067
2024-09-11,0.3400000035762787,0.34599998593330383,0.335999995470047,0.3400000035762787,2570975
2024-09-12,0.3400000035762787,0.3440000116825104,0.3199999928474426,0.3310000002384186,3436820
2024-09-16,0.3310000002384186,0.335999995470047,0.32499998807907104,0.33399999141693115,1310681
2024-09-17,0.33399999141693115,0.335999995470047,0.32600000500679016,0.32600000500679016,2205412
2024-09-18,0.32600000500679016,0.33399999141693115,0.32499998807907104,0.32499998807907104,4109141
2024-09-22,0.3310000002384186,0.335999995470047,0.33000001311302185,0.3330000042915344,3035381
2024-09-24,0.335999995470047,0.335999995470047,0.335999995470047,0.335999995470047,0
2024-09-25,0.3330000042915344,0.33899998664855957,0.3330000042915344,0.3370000123977661,1722516
2024-09-26,0.3370000123977661,0.3409999907016754,0.33500000834465027,0.3370000123977661,2078446
2024-09-29,0.3370000123977661,0.3400000035762787,0.33500000834465027,0.335999995470047,1689281
2024-09-30,0.335999995470047,0.3409999907016754,0.33500000834465027,0.335999995470047,3619080
2024-10-01,0.335999995470047,0.34200000762939453,0.33500000834465027,0.33899998664855957,3539624
2024-10-02,0.33899998664855957,0.33899998664855957,0.3319999873638153,0.3330000042915344,4917325
2024-10-03,0.3330000042915344,0.33399999141693115,0.328000009059906,0.3319999873638153,4457485
2024-10-07,0.3319999873638153,0.38600000739097595,0.32499998807907104,0.3269999921321869,7049600
2024-10-09,0.2778109908103943,0.2984809875488281,0.2753300070762634,0.29434698820114136,21552582
2024-10-10,0.29434698820114136,0.30344200134277344,0.28525200486183167,0.28938600420951843,26632642
2024-10-13,0.28938600420951843,0.29434698820114136,0.27450400590896606,0.2778109908103943,16520140
2024-10-14,0.2778109908103943,0.28029099106788635,0.2612740099430084,0.2645820081233978,20603432
2024-10-15,0.2645820081233978,0.26788899302482605,0.2596209943294525,0.2637549936771393,18719569
2024-10-17,0.2840000092983246,0.2980000078678131,0.2800000011920929,0.2930000126361847,6456792
2024-10-20,0.2930000126361847,0.29899999499320984,0.26600000262260437,0.2709999978542328,12753595
2024-10-21,0.2709999978542328,0.2759999930858612,0.2619999945163727,0.27399998903274536,6128427
2024-10-22,0.27399998903274536,0.27799999713897705,0.27000001072883606,0.2750000059604645,9407315
2024-10-24,0.28700000047683716,0.2930000126361847,0.2840000092983246,0.28600001335144043,4693443
2024-10-27,0.28600001335144043,0.28999999165534973,0.2840000092983246,0.2849999964237213,2442100
2024-10-28,0.2849999964237213,0.289000004529953,0.28299999237060547,0.2849999964237213,6273294
2024-10-29,0.2849999964237213,0.2879999876022339,0.2800000011920929,0.2809999883174896,2918533
2024-10-31,0.28600001335144043,0.2879999876022339,0.2800000011920929,0.28700000047683716,4262809
2024-11-03,0.28700000047683716,0.289000004529953,0.2840000092983246,0.2849999964237213,2139788
2024-11-04,0.2849999964237213,0.28600001335144043,0.2800000011920929,0.2809999883174896,8351292
2024-11-05,0.2809999883174896,0.3100000023841858,0.2809999883174896,0.2879999876022339,58689732
2024-11-06,0.2879999876022339,0.28999999165534973,0.28299999237060547,0.2840000092983246,10753326
2024-11-07,0.2840000092983246,0.28700000047683716,0.28299999237060547,0.2849999964237213,4793574
2024-11-10,0.2849999964237213,0.3070000112056732,0.2849999964237213,0.3050000071525574,35546187
2024-11-11,0.3050000071525574,0.3100000023841858,0.30000001192092896,0.30399999022483826,19103821
2024-11-12,0.30399999022483826,0.3059999942779541,0.28700000047683716,0.2939999997615814,22021213
2024-11-13,0.2939999997615814,0.29600000381469727,0.289000004529953,0.28999999165534973,6687595
2024-11-14,0.28999999165534973,0.2939999997615814,0.2879999876022339,0.28999999165534973,9521899
2024-11-17,0.28999999165534973,0.2939999997615814,0.28700000047683716,0.28999999165534973,10932399
2024-11-18,0.28999999165534973,0.296999990940094,0.28700000047683716,0.289000004529953,9806565
2024-11-19,0.289000004529953,0.296999990940094,0.28700000047683716,0.289000004529953,8765033
2024-11-20,0.289000004529953,0.2930000126361847,0.2840000092983246,0.28600001335144043,8541662
2024-11-21,0.28600001335144043,0.28700000047683716,0.2809999883174896,0.28200000524520874,6783729
2024-11-24,0.28200000524520874,0.2849999964237213,0.27399998903274536,0.27799999713897705,6184893
2024-11-25,0.27799999713897705,0.2809999883174896,0.2750000059604645,0.2770000100135803,3547101
2024-11-26,0.2770000100135803,0.2809999883174896,0.27000001072883606,0.2720000147819519,3999458
2024-11-27,0.2720000147819519,0.2840000092983246,0.27000001072883606,0.2750000059604645,8904288
2024-11-28,0.2750000059604645,0.2770000100135803,0.2720000147819519,0.27399998903274536,2966965
2024-12-01,0.27399998903274536,0.27799999713897705,0.27300000190734863,0.2750000059604645,2972726
2024-12-02,0.2750000059604645,0.27900001406669617,0.27000001072883606,0.27300000190734863,2560914
2024-12-04,0.2750000059604645,0.2770000100135803,0.27000001072883606,0.2759999930858612,2735554
2024-12-08,0.29899999499320984,0.30799999833106995,0.296999990940094,0.29899999499320984,19976000
2024-12-09,0.29899999499320984,0.3070000112056732,0.29499998688697815,0.29600000381469727,17058765
2024-12-10,0.29600000381469727,0.30000001192092896,0.28299999237060547,0.2849999964237213,11030944
2024-12-11,0.2849999964237213,0.2919999957084656,0.2849999964237213,0.28600001335144043,6089412
2024-12-15,0.28999999165534973,0.2919999957084656,0.2800000011920929,0.2800000011920929,31111259
2024-12-16,0.2800000011920929,0.3009999990463257,0.27399998903274536,0.29600000381469727,104296142
2024-12-17,0.29600000381469727,0.30000001192092896,0.2809999883174896,0.2849999964237213,22681970
2024-12-18,0.2849999964237213,0.2879999876022339,0.27799999713897705,0.27900001406669617,12916878
2024-12-19,0.27900001406669617,0.27900001406669617,0.27000001072883606,0.2750000059604645,15999562
2024-12-22,0.2750000059604645,0.28200000524520874,0.27399998903274536,0.2759999930858612,17841066
2024-12-24,0.25999999046325684,0.26100000739097595,0.2529999911785126,0.25600001215934753,24394890
2024-12-25,0.25600001215934753,0.2619999945163727,0.25600001215934753,0.25699999928474426,30687400
2024-12-26,0.25699999928474426,0.25999999046325684,0.2540000081062317,0.257999986410141,24729611
2024-12-29,0.257999986410141,0.2590000033378601,0.2529999911785126,0.2540000081062317,14082055
2024-12-30,0.2540000081062317,0.2549999952316284,0.24699999392032623,0.24799999594688416,13153756
2024-12-31,0.24799999594688416,0.25200000405311584,0.24400000274181366,0.25,12416763
2025-01-02,0.25,0.25600001215934753,0.25,0.25600001215934753,18016045
2025-01-05,0.25600001215934753,0.257999986410141,0.2549999952316284,0.25699999928474426,15192380
2025-01-06,0.25699999928474426,0.257999986410141,0.2529999911785126,0.2529999911785126,20452483
2025-01-08,0.2529999911785126,0.2540000081062317,0.25,0.25099998712539673,12836991
2025-01-09,0.25099998712539673,0.2540000081062317,0.25,0.25,14914520
2025-01-13,0.24699999392032623,0.25,0.24199999868869781,0.24199999868869781,16291035
2025-01-14,0.24199999868869781,0.24300000071525574,0.23499999940395355,0.24199999868869781,12871238
2025-01-15,0.24199999868869781,0.24500000476837158,0.23999999463558197,0.24300000071525574,10312156
2025-01-20,0.25999999046325684,0.2709999978542328,0.25699999928474426,0.2669999897480011,81544663
2025-01-21,0.2669999897480011,0.28600001335144043,0.26499998569488525,0.28200000524520874,91277855
2025-01-22,0.28200000524520874,0.28299999237060547,0.26899999380111694,0.2720000147819519,49260451
2025-01-23,0.2720000147819519,0.2759999930858612,0.26899999380111694,0.27300000190734863,30541911
2025-01-26,0.27300000190734863,0.2750000059604645,0.27000001072883606,0.27000001072883606,15837278
2025-01-27,0.27000001072883606,0.2720000147819519,0.26100000739097595,0.26100000739097595,18262280
2025-01-28,0.26100000739097595,0.26499998569488525,0.25999999046325684,0.25999999046325684,10358812
2025-01-30,0.26600000262260437,0.27000001072883606,0.2639999985694885,0.2639999985694885,9710004
2025-02-02,0.2639999985694885,0.27399998903274536,0.26100000739097595,0.27000001072883606,30492841
2025-02-03,0.27000001072883606,0.2709999978542328,0.2630000114440918,0.26499998569488525,14867563
2025-02-04,0.26499998569488525,0.2750000059604645,0.2639999985694885,0.27399998903274536,34730408
2025-02-05,0.27399998903274536,0.2809999883174896,0.27000001072883606,0.2750000059604645,99993803
2025-02-06,0.2750000059604645,0.27900001406669617,0.2720000147819519,0.27300000190734863,55140675
2025-02-09,0.27300000190734863,0.2849999964237213,0.27300000190734863,0.27900001406669617,175223862
2025-02-11,0.3100000023841858,0.3230000138282776,0.29499998688697815,0.2980000078678131,293927915
2025-02-12,0.2980000078678131,0.3009999990463257,0.2879999876022339,0.2930000126361847,138184952
2025-02-13,0.2930000126361847,0.3050000071525574,0.2919999957084656,0.2939999997615814,112432179
2025-02-16,0.2939999997615814,0.296999990940094,0.289000004529953,0.29499998688697815,85830489
2025-02-17,0.29499998688697815,0.29600000381469727,0.28999999165534973,0.28999999165534973,56777916
2025-02-18,0.28999999165534973,0.30300000309944153,0.2879999876022339,0.29600000381469727,220260273
2025-02-19,0.29600000381469727,0.30000001192092896,0.2930000126361847,0.2939999997615814,81761335
2025-02-20,0.2939999997615814,0.29600000381469727,0.28999999165534973,0.2919999957084656,61135482
2025-02-23,0.2919999957084656,0.30300000309944153,0.28999999165534973,0.29600000381469727,141244016
2025-02-24,0.29600000381469727,0.30000001192092896,0.2930000126361847,0.2930000126361847,44128102
2025-02-25,0.2930000126361847,0.296999990940094,0.29100000858306885,0.2939999997615814,39226743
2025-02-26,0.2939999997615814,0.29600000381469727,0.29100000858306885,0.29100000858306885,59583839
2025-02-27,0.29100000858306885,0.2930000126361847,0.28700000047683716,0.2879999876022339,33433354
2025-03-02,0.2879999876022339,0.29100000858306885,0.2840000092983246,0.2840000092983246,19549141
2025-03-03,0.2840000092983246,0.28700000047683716,0.27799999713897705,0.28200000524520874,50170152
2025-03-05,0.2849999964237213,0.28700000047683716,0.2800000011920929,0.2800000011920929,24817337
2025-03-06,0.2800000011920929,0.28299999237060547,0.2770000100135803,0.27900001406669617,21730870
2025-03-09,0.27900001406669617,0.28299999237060547,0.27799999713897705,0.2800000011920929,20918758
2025-03-10,0.2800000011920929,0.28299999237060547,0.27900001406669617,0.2800000011920929,21796435
2025-03-11,0.2800000011920929,0.2800000011920929,0.2759999930858612,0.27799999713897705,18355655
2025-03-12,0.27799999713897705,0.28299999237060547,0.27799999713897705,0.28299999237060547,18608105
2025-03-16,0.28700000047683716,0.2930000126361847,0.2840000092983246,0.28600001335144043,50897854
2025-03-17,0.28600001335144043,0.2879999876022339,0.28200000524520874,0.28299999237060547,39533874
2025-03-18,0.28299999237060547,0.2849999964237213,0.27900001406669617,0.2800000011920929,49227202
2025-03-19,0.2800000011920929,0.28299999237060547,0.27900001406669617,0.2800000011920929,30075748
2025-03-20,0.2800000011920929,0.2840000092983246,0.2800000011920929,0.28200000524520874,23894669
2025-03-23,0.28200000524520874,0.289000004529953,0.28200000524520874,0.2849999964237213,34423647
2025-03-24,0.2849999964237213,0.28999999165534973,0.28200000524520874,0.28200000524520874,41099382
2025-03-25,0.28200000524520874,0.2840000092983246,0.27900001406669617,0.2800000011920929,32236767
2025-03-26,0.2800000011920929,0.28299999237060547,0.2770000100135803,0.27799999713897705,30078379
2025-03-27,0.27799999713897705,0.2809999883174896,0.27799999713897705,0.2800000011920929,21950988
2025-04-03,0.2800000011920929,0.2800000011920929,0.2759999930858612,0.27799999713897705,27551983
2025-04-07,0.2619999945163727,0.2639999985694885,0.257999986410141,0.2630000114440918,27414712
2025-04-13,0.2669999897480011,0.2709999978542328,0.26499998569488525,0.2680000066757202,32639869
2025-04-14,0.2680000066757202,0.2759999930858612,0.2680000066757202,0.27399998903274536,70832118
2025-04-15,0.27399998903274536,0.27799999713897705,0.2709999978542328,0.27399998903274536,66838268
2025-04-16,0.27399998903274536,0.2770000100135803,0.2720000147819519,0.27300000190734863,34988441
2025-04-17,0.27300000190734863,0.27399998903274536,0.2709999978542328,0.27300000190734863,24462023
2025-04-22,0.27300000190734863,0.27799999713897705,0.2720000147819519,0.2750000059604645,23443803
2025-04-23,0.2750000059604645,0.2809999883174896,0.27399998903274536,0.2809999883174896,86648807
2025-04-27,0.2809999883174896,0.28600001335144043,0.2809999883174896,0.2840000092983246,46311619
2025-04-28,0.2840000092983246,0.28600001335144043,0.2800000011920929,0.2809999883174896,33951122
2025-04-29,0.2809999883174896,0.28299999237060547,0.27799999713897705,0.27799999713897705,35163959
2025-04-30,0.27799999713897705,0.2800000011920929,0.2770000100135803,0.27799999713897705,20598020
2025-05-04,0.27799999713897705,0.29100000858306885,0.27799999713897705,0.2879999876022339,130433264
2025-05-05,0.2879999876022339,0.28999999165534973,0.28200000524520874,0.2840000092983246,30521674
2025-05-06,0.2840000092983246,0.2930000126361847,0.2840000092983246,0.2879999876022339,78423569
2025-05-07,0.2879999876022339,0.29100000858306885,0.28200000524520874,0.28200000524520874,47795846
2025-05-08,0.28200000524520874,0.2849999964237213,0.2759999930858612,0.27900001406669617,43002110
2025-05-11,0.27900001406669617,0.28299999237060547,0.27900001406669617,0.27900001406669617,24445329
2025-05-12,0.27900001406669617,0.28600001335144043,0.27799999713897705,0.28200000524520874,33573560
2025-05-13,0.28200000524520874,0.28700000047683716,0.27799999713897705,0.2800000011920929,33061137
2025-05-14,0.2800000011920929,0.2809999883174896,0.2770000100135803,0.27900001406669617,31011675
2025-05-15,0.27900001406669617,0.2800000011920929,0.2759999930858612,0.2770000100135803,23671099
2025-05-18,0.2770000100135803,0.27900001406669617,0.27300000190734863,0.27399998903274536,17632774
2025-05-19,0.27399998903274536,0.27399998903274536,0.2680000066757202,0.26899999380111694,20421683
2025-05-20,0.26899999380111694,0.27300000190734863,0.26899999380111694,0.2720000147819519,14193897
2025-05-21,0.2720000147819519,0.27300000190734863,0.26899999380111694,0.26899999380111694,24724745
2025-05-22,0.26899999380111694,0.2849999964237213,0.26899999380111694,0.2770000100135803,43511431
2025-05-25,0.2770000100135803,0.2800000011920929,0.2759999930858612,0.2759999930858612,18347827
2025-05-26,0.2759999930858612,0.2800000011920929,0.27399998903274536,0.27399998903274536,26724560
2025-05-27,0.27399998903274536,0.2770000100135803,0.2720000147819519,0.2750000059604645,20112778
2025-05-28,0.2750000059604645,0.27900001406669617,0.27300000190734863,0.27300000190734863,25017755
2025-05-29,0.27300000190734863,0.2750000059604645,0.26899999380111694,0.27300000190734863,41069326
2025-06-01,0.27300000190734863,0.2840000092983246,0.27300000190734863,0.27399998903274536,92656298
2025-06-02,0.27399998903274536,0.2750000059604645,0.27000001072883606,0.2709999978542328,38266606
2025-06-03,0.2709999978542328,0.2770000100135803,0.2709999978542328,0.2770000100135803,26066938
2025-06-04,0.2770000100135803,0.2809999883174896,0.2770000100135803,0.27799999713897705,27762919
2025-06-11,0.2800000011920929,0.2840000092983246,0.27799999713897705,0.27799999713897705,48049755
2025-06-16,0.25600001215934753,0.25999999046325684,0.2540000081062317,0.25699999928474426,21724231
2025-06-17,0.25699999928474426,0.25999999046325684,0.24699999392032623,0.24799999594688416,31965068
2025-06-18,0.24799999594688416,0.2529999911785126,0.24400000274181366,0.25,16196909
2025-06-19,0.25,0.25200000405311584,0.24400000274181366,0.24500000476837158,16894511
2025-06-22,0.24500000476837158,0.25,0.23999999463558197,0.24899999797344208,27397452
2025-06-25,0.2619999945163727,0.26899999380111694,0.25999999046325684,0.2680000066757202,18589440
2025-06-29,0.2680000066757202,0.2709999978542328,0.26499998569488525,0.2680000066757202,23162932
2025-06-30,0.2680000066757202,0.2759999930858612,0.26499998569488525,0.27000001072883606,72715519
2025-07-02,0.27399998903274536,0.29600000381469727,0.2720000147819519,0.29499998688697815,217292609
2025-07-06,0.29499998688697815,0.30300000309944153,0.2930000126361847,0.2930000126361847,129865957
2025-07-07,0.2930000126361847,0.29499998688697815,0.2879999876022339,0.2919999957084656,97831788
2025-07-09,0.2919999957084656,0.2930000126361847,0.28600001335144043,0.28600001335144043,30553615
2025-07-10,0.28600001335144043,0.289000004529953,0.28600001335144043,0.28700000047683716,18699829
2025-07-13,0.28700000047683716,0.289000004529953,0.28299999237060547,0.28299999237060547,19275058
2025-07-14,0.28299999237060547,0.2919999957084656,0.2800000011920929,0.289000004529953,58537898
2025-07-15,0.289000004529953,0.2919999957084656,0.28700000047683716,0.28700000047683716,37333703
2025-07-16,0.28700000047683716,0.289000004529953,0.28200000524520874,0.28200000524520874,28999029
2025-07-17,0.28200000524520874,0.2849999964237213,0.2809999883174896,0.28299999237060547,19672926
2025-07-21,0.2849999964237213,0.28700000047683716,0.28200000524520874,0.28200000524520874,28163788
2025-07-22,0.28200000524520874,0.2840000092983246,0.27799999713897705,0.27900001406669617,36139934
2025-07-23,0.27900001406669617,0.27900001406669617,0.27900001406669617,0.27900001406669617,0
2025-07-27,0.2770000100135803,0.2809999883174896,0.2770000100135803,0.27900001406669617,30345860
2025-07-28,0.27900001406669617,0.2800000011920929,0.27300000190734863,0.27399998903274536,22727947
2025-07-29,0.27399998903274536,0.2840000092983246,0.27300000190734863,0.2800000011920929,34638290
2025-07-31,0.28700000047683716,0.2939999997615814,0.28299999237060547,0.2930000126361847,64434808
2025-08-03,0.2930000126361847,0.2930000126361847,0.2930000126361847,0.2930000126361847,0
2025-08-04,0.2930000126361847,0.2930000126361847,0.2930000126361847,0.2930000126361847,0
2025-08-05,0.2930000126361847,0.2930000126361847,0.2930000126361847,0.2930000126361847,0
2025-08-06,0.2930000126361847,0.2930000126361847,0.2930000126361847,0.2930000126361847,0
2025-08-07,0.2930000126361847,0.2930000126361847,0.2930000126361847,0.2930000126361847,0
2025-08-10,0.3059999942779541,0.3100000023841858,0.30399999022483826,0.3059999942779541,32574719
2025-08-11,0.3059999942779541,0.30799999833106995,0.30000001192092896,0.3019999861717224,41839373
2025-08-12,0.3019999861717224,0.3149999976158142,0.30000001192092896,0.3149999976158142,77408820
2025-08-13,0.3149999976158142,0.3240000009536743,0.3089999854564667,0.31200000643730164,139428852
2025-08-14,0.31200000643730164,0.3160000145435333,0.3089999854564667,0.3109999895095825,61678582
2025-08-17,0.3109999895095825,0.32100000977516174,0.3109999895095825,0.31700000166893005,79311255
2025-08-18,0.31700000166893005,0.32100000977516174,0.3140000104904175,0.3149999976158142,53566788
2025-08-19,0.3149999976158142,0.3179999887943268,0.31200000643730164,0.3140000104904175,40439830
2025-08-20,0.3140000104904175,0.3179999887943268,0.3050000071525574,0.3059999942779541,51445465
2025-08-21,0.3059999942779541,0.3089999854564667,0.30399999022483826,0.3050000071525574,29491981
2025-08-24,0.3050000071525574,0.3100000023841858,0.3050000071525574,0.3070000112056732,20271328
2025-08-25,0.3070000112056732,0.3100000023841858,0.3009999990463257,0.3050000071525574,30641018
2025-08-26,0.3050000071525574,0.3190000057220459,0.30300000309944153,0.3140000104904175,73890627
2025-08-27,0.3140000104904175,0.3190000057220459,0.3070000112056732,0.3089999854564667,64297467
2025-08-31,0.3149999976158142,0.3190000057220459,0.3050000071525574,0.3050000071525574,27633897
2025-09-01,0.3050000071525574,0.30799999833106995,0.30399999022483826,0.3070000112056732,15038710
2025-09-02,0.3070000112056732,0.3149999976158142,0.3059999942779541,0.3140000104904175,29140461
2025-09-03,0.3140000104904175,0.3160000145435333,0.3070000112056732,0.3109999895095825,32670240
2025-09-07,0.3109999895095825,0.3140000104904175,0.30799999833106995,0.30799999833106995,13644456
2025-09-08,0.30799999833106995,0.3109999895095825,0.3059999942779541,0.3070000112056732,21639153
2025-09-09,0.3070000112056732,0.31700000166893005,0.3059999942779541,0.30799999833106995,64519884
2025-09-10,0.30799999833106995,0.3100000023841858,0.3059999942779541,0.3089999854564667,19396970
2025-09-11,0.3089999854564667,0.3109999895095825,0.3059999942779541,0.3059999942779541,39473462
2025-09-15,0.31700000166893005,0.3199999928474426,0.3100000023841858,0.3109999895095825,59424201
2025-09-16,0.3109999895095825,0.3140000104904175,0.296999990940094,0.3009999990463257,46416417
2025-09-17,0.3009999990463257,0.3050000071525574,0.29899999499320984,0.3019999861717224,19952306
2025-09-18,0.3019999861717224,0.30799999833106995,0.3019999861717224,0.3019999861717224,31965030
2025-09-21,0.3019999861717224,0.30799999833106995,0.3009999990463257,0.3009999990463257,17422536
2025-09-22,0.3009999990463257,0.30399999022483826,0.30000001192092896,0.3009999990463257,14710108
2025-09-23,0.3009999990463257,0.30399999022483826,0.29899999499320984,0.30000001192092896,16253684
2025-09-24,0.30000001192092896,0.3059999942779541,0.296999990940094,0.29899999499320984,56335843
2025-09-25,0.29899999499320984,0.3050000071525574,0.29899999499320984,0.3019999861717224,41305614
2025-09-28,0.3019999861717224,0.3050000071525574,0.30000001192092896,0.3009999990463257,40302826
2025-09-29,0.3009999990463257,0.30399999022483826,0.29899999499320984,0.3009999990463257,13479939
2025-09-30,0.3009999990463257,0.3059999942779541,0.29899999499320984,0.3019999861717224,31765516
2025-10-01,0.3019999861717224,0.30399999022483826,0.30000001192092896,0.30000001192092896,26350572
2025-10-02,0.30000001192092896,0.3019999861717224,0.29600000381469727,0.29899999499320984,13064653
2025-10-05,0.29899999499320984,0.30300000309944153,0.296999990940094,0.29899999499320984,16988326
2025-10-06,0.29899999499320984,0.3009999990463257,0.296999990940094,0.296999990940094,13150175
2025-10-07,0.296999990940094,0.29899999499320984,0.2919999957084656,0.29499998688697815,38288380
2025-10-08,0.29499998688697815,0.296999990940094,0.29100000858306885,0.2919999957084656,18946893
2025-10-12,0.2919999957084656,0.29499998688697815,0.2849999964237213,0.28600001335144043,30248835
2025-10-13,0.28600001335144043,0.29600000381469727,0.28299999237060547,0.2919999957084656,61404078
2025-10-14,0.2919999957084656,0.30000001192092896,0.289000004529953,0.289000004529953,35949032
2025-10-15,0.289000004529953,0.2939999997615814,0.2849999964237213,0.2919999957084656,14308199
2025-10-16,0.2919999957084656,0.29600000381469727,0.28999999165534973,0.29100000858306885,25848083
2025-10-20,0.2939999997615814,0.2980000078678131,0.2939999997615814,0.29499998688697815,18142876
2025-10-21,0.29499998688697815,0.29899999499320984,0.2939999997615814,0.2939999997615814,28526437
2025-10-23,0.30399999022483826,0.3100000023841858,0.30300000309944153,0.3050000071525574,42462233
2025-10-26,0.3050000071525574,0.3100000023841858,0.30300000309944153,0.3070000112056732,34665913
2025-10-27,0.3070000112056732,0.3100000023841858,0.3050000071525574,0.3059999942779541,23299158
2025-10-28,0.3059999942779541,0.3089999854564667,0.2980000078678131,0.30000001192092896,36522370
2025-10-29,0.30000001192092896,0.30399999022483826,0.29899999499320984,0.30000001192092896,20500126
2025-10-30,0.30000001192092896,0.3009999990463257,0.296999990940094,0.2980000078678131,11127619
2025-11-02,0.2980000078678131,0.30000001192092896,0.28999999165534973,0.2930000126361847,12404761
2025-11-03,0.2930000126361847,0.29600000381469727,0.289000004529953,0.28999999165534973,23948195
2025-11-04,0.28999999165534973,0.2930000126361847,0.289000004529953,0.29100000858306885,11944663
2025-11-05,0.29100000858306885,0.2939999997615814,0.28700000047683716,0.2879999876022339,12983030
2025-11-06,0.2879999876022339,0.28999999165534973,0.28700000047683716,0.28700000047683716,17828745
2025-11-09,0.28700000047683716,0.2919999957084656,0.28700000047683716,0.289000004529953,11657040
2025-11-10,0.289000004529953,0.29100000858306885,0.2840000092983246,0.2849999964237213,15425266
2025-11-11,0.2849999964237213,0.2879999876022339,0.2849999964237213,0.28600001335144043,12804402
2025-11-12,0.28600001335144043,0.3050000071525574,0.28600001335144043,0.29600000381469727,68698846
2025-11-13,0.29600000381469727,0.30000001192092896,0.2919999957084656,0.2919999957084656,18533563
2025-11-16,0.2919999957084656,0.2980000078678131,0.2919999957084656,0.29499998688697815,16308485
2025-11-18,0.3089999854564667,0.3160000145435333,0.30300000309944153,0.30399999022483826,132199633
2025-11-19,0.30399999022483826,0.3100000023841858,0.3009999990463257,0.30300000309944153,52442007
2025-11-23,0.31700000166893005,0.32600000500679016,0.31700000166893005,0.3179999887943268,125949659
2025-11-24,0.3179999887943268,0.32100000977516174,0.30799999833106995,0.3100000023841858,67717570
2025-11-25,0.3100000023841858,0.31299999356269836,0.3019999861717224,0.3019999861717224,50664898
2025-11-26,0.3019999861717224,0.3059999942779541,0.2980000078678131,0.30000001192092896,46742652
2025-11-27,0.30000001192092896,0.3160000145435333,0.30000001192092896,0.3149999976158142,49794086
2025-11-30,0.3149999976158142,0.3199999928474426,0.31200000643730164,0.31299999356269836,43237710
2025-12-01,0.31299999356269836,0.3190000057220459,0.3109999895095825,0.31200000643730164,40732488
2025-12-02,0.31200000643730164,0.3440000116825104,0.31200000643730164,0.34200000762939453,387865326
2025-12-03,0.34200000762939453,0.35100001096725464,0.3310000002384186,0.33500000834465027,220577214
2025-12-04,0.33500000834465027,0.3400000035762787,0.33000001311302185,0.335999995470047,83130216
2025-12-07,0.335999995470047,0.3440000116825104,0.3310000002384186,0.33399999141693115,65030640
2025-12-08,0.33399999141693115,0.35199999809265137,0.33399999141693115,0.33399999141693115,198669819
2025-12-09,0.33399999141693115,0.3449999988079071,0.33399999141693115,0.3370000123977661,149231604
2025-12-10,0.3370000123977661,0.3409999907016754,0.3330000042915344,0.33399999141693115,69331789
2025-12-11,0.33399999141693115,0.33799999952316284,0.33000001311302185,0.33000001311302185,70637556
2025-12-14,0.33000001311302185,0.3319999873638153,0.32100000977516174,0.32199999690055847,58321005
2025-12-15,0.32199999690055847,0.32499998807907104,0.32100000977516174,0.32100000977516174,27462481
2025-12-17,0.3269999921321869,0.33000001311302185,0.3240000009536743,0.3240000009536743,32476969
2025-12-18,0.3240000009536743,0.32600000500679016,0.3199999928474426,0.32100000977516174,30079490
2025-12-21,0.32100000977516174,0.3240000009536743,0.31299999356269836,0.3140000104904175,42320510
2025-12-22,0.3140000104904175,0.3160000145435333,0.3070000112056732,0.30799999833106995,49744721
2025-12-23,0.30799999833106995,0.3140000104904175,0.30399999022483826,0.31299999356269836,56437340
2025-12-24,0.31299999356269836,0.3149999976158142,0.30799999833106995,0.3089999854564667,27100624
2025-12-25,0.3089999854564667,0.31299999356269836,0.3070000112056732,0.3089999854564667,25938230
2025-12-28,0.3089999854564667,0.3140000104904175,0.3089999854564667,0.3100000023841858,37661310
2025-12-29,0.3100000023841858,0.31200000643730164,0.3089999854564667,0.3089999854564667,13483092
2025-12-30,0.3089999854564667,0.3179999887943268,0.3089999854564667,0.3149999976158142,50671229
2026-01-04,0.3190000057220459,0.32100000977516174,0.31200000643730164,0.31200000643730164,26058054
2026-01-05,0.31200000643730164,0.31299999356269836,0.3070000112056732,0.3089999854564667,23943081
2026-01-06,0.3089999854564667,0.3109999895095825,0.3070000112056732,0.3089999854564667,15130562
2026-01-08,0.3089999854564667,0.3109999895095825,0.3070000112056732,0.30799999833106995,15362531
2026-01-11,0.30799999833106995,0.3140000104904175,0.3059999942779541,0.31299999356269836,32508532
2026-01-12,0.31299999356269836,0.3149999976158142,0.3059999942779541,0.3059999942779541,18682518
2026-01-13,0.3059999942779541,0.3089999854564667,0.3019999861717224,0.30300000309944153,15605651
2026-01-14,0.30300000309944153,0.3050000071525574,0.2840000092983246,0.28999999165534973,43661015
2026-01-15,0.28999999165534973,0.2919999957084656,0.2849999964237213,0.28600001335144043,14024369
2026-01-19,0.28999999165534973,0.29499998688697815,0.289000004529953,0.2939999997615814,9109980
2026-01-20,0.2939999997615814,0.29600000381469727,0.2919999957084656,0.2930000126361847,7715324
2026-01-21,0.2930000126361847,0.2939999997615814,0.289000004529953,0.2919999957084656,14398314
2026-01-22,0.2919999957084656,0.29600000381469727,0.2919999957084656,0.2930000126361847,12937412
2026-01-25,0.2930000126361847,0.2939999997615814,0.289000004529953,0.28999999165534973,9197463
2026-01-26,0.28999999165534973,0.2919999957084656,0.28700000047683716,0.2879999876022339,12447182
2026-01-27,0.2879999876022339,0.29100000858306885,0.2849999964237213,0.289000004529953,16525098
2026-01-28,0.289000004529953,0.2939999997615814,0.2750000059604645,0.2930000126361847,39688094
2026-02-01,0.2930000126361847,0.30300000309944153,0.2919999957084656,0.30000001192092896,47615002
2026-02-02,0.30000001192092896,0.3009999990463257,0.2939999997615814,0.2939999997615814,12761075
2026-02-03,0.2939999997615814,0.29899999499320984,0.2930000126361847,0.2980000078678131,14724683
2026-02-04,0.2980000078678131,0.3009999990463257,0.29499998688697815,0.29600000381469727,15196263
2026-02-05,0.29600000381469727,0.2980000078678131,0.2840000092983246,0.29100000858306885,13166700
2026-02-09,0.2939999997615814,0.296999990940094,0.2930000126361847,0.29499998688697815,7063036
2026-02-10,0.29499998688697815,0.3019999861717224,0.29499998688697815,0.2980000078678131,21093807
2026-02-11,0.2980000078678131,0.3009999990463257,0.29499998688697815,0.29600000381469727,9454730
2026-02-12,0.29600000381469727,0.30000001192092896,0.29499998688697815,0.2980000078678131,13957003
2026-02-15,0.2980000078678131,0.3059999942779541,0.2980000078678131,0.3009999990463257,35196020
2026-02-16,0.3009999990463257,0.30399999022483826,0.29600000381469727,0.29600000381469727,21499098
2026-02-17,0.29600000381469727,0.29899999499320984,0.29600000381469727,0.296999990940094,9731004
2026-02-18,0.296999990940094,0.3019999861717224,0.29600000381469727,0.29899999499320984,10301401
2026-02-19,0.29899999499320984,0.3019999861717224,0.2849999964237213,0.28700000047683716,19405337
2026-02-22,0.28700000047683716,0.2919999957084656,0.2840000092983246,0.2849999964237213,9800101
2026-02-24,0.2879999876022339,0.28999999165534973,0.28299999237060547,0.28600001335144043,11325337
2026-02-25,0.28600001335144043,0.28999999165534973,0.2809999883174896,0.2809999883174896,14890407
2026-02-26,0.2809999883174896,0.28700000047683716,0.27900001406669617,0.2809999883174896,8600885
2026-03-02,0.2720000147819519,0.2770000100135803,0.27000001072883606,0.2709999978542328,9321354
2026-03-03,0.2709999978542328,0.2750000059604645,0.2680000066757202,0.27000001072883606,13847783
2026-03-04,0.27000001072883606,0.2770000100135803,0.27000001072883606,0.2750000059604645,7611463
2026-03-05,0.2750000059604645,0.27900001406669617,0.2750000059604645,0.2770000100135803,6920184
2026-03-08,0.2770000100135803,0.2800000011920929,0.2709999978542328,0.2770000100135803,10687646
2026-03-09,0.2770000100135803,0.28200000524520874,0.2750000059604645,0.2800000011920929,10447282
2026-03-10,0.2800000011920929,0.28600001335144043,0.27799999713897705,0.2849999964237213,9567017
2026-03-11,0.2849999964237213,0.2879999876022339,0.28299999237060547,0.28700000047683716,3774309
2026-03-12,0.28700000047683716,0.2879999876022339,0.2840000092983246,0.2849999964237213,3417212
2026-03-15,0.2849999964237213,0.28700000047683716,0.2840000092983246,0.28600001335144043,12870337
2026-03-16,0.28600001335144043,0.2879999876022339,0.2770000100135803,0.27900001406669617,6862831
2026-03-17,0.27900001406669617,0.2840000092983246,0.27799999713897705,0.28200000524520874,9364367
2026-03-18,0.28200000524520874,0.28999999165534973,0.2809999883174896,0.2849999964237213,13579733
2026-03-19,0.2849999964237213,0.2849999964237213,0.2849999964237213,0.2849999964237213,0
2026-03-24,0.2849999964237213,0.289000004529953,0.28299999237060547,0.2879999876022339,15913463
2026-03-26,0.28999999165534973,0.2919999957084656,0.2849999964237213,0.2879999876022339,8783763
2026-03-29,0.2879999876022339,0.28999999165534973,0.2840000092983246,0.28600001335144043,8931022
2026-03-30,0.28600001335144043,0.289000004529953,0.28299999237060547,0.2849999964237213,7529006
2026-03-31,0.2849999964237213,0.28600001335144043,0.2800000011920929,0.2800000011920929,11146054
2026-04-02,0.28200000524520874,0.2840000092983246,0.2809999883174896,0.2809999883174896,7350783
2026-04-05,0.2809999883174896,0.28999999165534973,0.2800000011920929,0.28600001335144043,22631006
2026-04-06,0.28600001335144043,0.289000004529953,0.2849999964237213,0.28700000047683716,7053484
2026-04-07,0.28700000047683716,0.29100000858306885,0.2840000092983246,0.2849999964237213,17034045
2026-04-09,0.2879999876022339,0.28999999165534973,0.28600001335144043,0.2879999876022339,5739852
2026-04-14,0.2879999876022339,0.289000004529953,0.2849999964237213,0.28600001335144043,9783923
2026-04-16,0.2879999876022339,0.29100000858306885,0.28700000047683716,0.28700000047683716,19467168
2026-04-19,0.28700000047683716,0.29100000858306885,0.28700000047683716,0.289000004529953,9177406
2026-04-21,0.2939999997615814,0.29899999499320984,0.2930000126361847,0.29499998688697815,24687260
2026-04-22,0.29499998688697815,0.2980000078678131,0.2919999957084656,0.2939999997615814,12479455
2026-04-23,0.2939999997615814,0.2980000078678131,0.2930000126361847,0.2930000126361847,22797928
2026-04-26,0.2930000126361847,0.29600000381469727,0.2930000126361847,0.2939999997615814,15359601
2026-04-27,0.2939999997615814,0.296999990940094,0.2939999997615814,0.29600000381469727,17551342
2026-04-29,0.3019999861717224,0.30300000309944153,0.29899999499320984,0.29899999499320984,21244693
2026-04-30,0.29899999499320984,0.3009999990463257,0.29600000381469727,0.29899999499320984,21697142
2026-05-03,0.29899999499320984,0.3019999861717224,0.2980000078678131,0.2980000078678131,16390478
2026-05-04,0.2980000078678131,0.3050000071525574,0.2980000078678131,0.30399999022483826,50150023
2026-05-05,0.30399999022483826,0.3050000071525574,0.2980000078678131,0.2980000078678131,24631121
2026-05-10,0.3009999990463257,0.30399999022483826,0.2980000078678131,0.30300000309944153,19280870
2026-05-11,0.30300000309944153,0.31700000166893005,0.30300000309944153,0.3089999854564667,99834042
2026-05-13,0.31299999356269836,0.3149999976158142,0.3089999854564667,0.3109999895095825,28110689
2026-05-14,0.3109999895095825,0.31299999356269836,0.3089999854564667,0.3100000023841858,21307927
2026-05-17,0.3100000023841858,0.3109999895095825,0.30300000309944153,0.30300000309944153,49296786
2026-05-18,0.30300000309944153,0.3190000057220459,0.3019999861717224,0.3089999854564667,98242597
2026-05-19,0.3089999854564667,0.3140000104904175,0.3050000071525574,0.3059999942779541,27650271
2026-05-20,0.3059999942779541,0.3089999854564667,0.3009999990463257,0.3009999990463257,40776948
2026-05-21,0.3009999990463257,0.30300000309944153,0.29499998688697815,0.296999990940094,21389011
2026-05-24,0.24565699696540833,0.2506200075149536,0.24565699696540833,0.24896599352359772,33961803
2026-05-25,0.24896599352359772,0.26137301325798035,0.24731099605560303,0.25641000270843506,150433802
2026-05-26,0.25641000270843506,0.25641000270843506,0.25641000270843506,0.25641000270843506,0
2026-05-27,0.25641000270843506,0.25641000270843506,0.25641000270843506,0.25641000270843506,0
2026-05-28,0.25641000270843506,0.25641000270843506,0.25641000270843506,0.25641000270843506,0
2026-05-31,0.25641000270843506,0.25641000270843506,0.25641000270843506,0.25641000270843506,0
2026-06-02,0.2770000100135803,0.2770000100135803,0.2709999978542328,0.2750000059604645,43302097
2026-06-03,0.2750000059604645,0.33000001311302185,0.27300000190734863,0.33000001311302185,781655514
2026-06-07,0.38199999928474426,0.38499999046325684,0.3499999940395355,0.35600000619888306,400288037
2026-06-08,0.35600000619888306,0.37299999594688416,0.33799999952316284,0.33899998664855957,237809322
2026-06-10,0.3529999852180481,0.35600000619888306,0.3310000002384186,0.3330000042915344,156535333
2026-06-14,0.3100000023841858,0.33000001311302185,0.3100000023841858,0.3190000057220459,169390416
2026-06-15,0.3190000057220459,0.3230000138282776,0.31200000643730164,0.31299999356269836,79868185
2026-06-16,0.31299999356269836,0.3160000145435333,0.3050000071525574,0.3070000112056732,88645331
2026-06-17,0.3070000112056732,0.3070000112056732,0.3070000112056732,0.3070000112056732,0
2026-06-18,0.3070000112056732,0.3070000112056732,0.3070000112056732,0.3070000112056732,0
2026-06-22,0.33000001311302185,0.33000001311302185,0.33000001311302185,0.33000001311302185,0
2026-06-23,0.32499998807907104,0.32899999618530273,0.31200000643730164,0.3160000145435333,62255996
2026-06-24,0.3160000145435333,0.328000009059906,0.3100000023841858,0.3179999887943268,64235916
2026-06-25,0.3179999887943268,0.3230000138282776,0.31200000643730164,0.31299999356269836,63916099
2026-06-28,0.31299999356269836,0.3179999887943268,0.3019999861717224,0.3050000071525574,64882637
2026-06-29,0.3050000071525574,0.30799999833106995,0.3009999990463257,0.30399999022483826,22877264
2026-07-01,0.3230000138282776,0.32499998807907104,0.3149999976158142,0.3190000057220459,39126645
2026-07-05,0.3190000057220459,0.3230000138282776,0.3149999976158142,0.3179999887943268,17222289
2026-07-06,0.3179999887943268,0.32199999690055847,0.31700000166893005,0.3199999928474426,23251747
2026-07-07,0.3199999928474426,0.32100000977516174,0.3149999976158142,0.3149999976158142,18364943
2026-07-08,0.3149999976158142,0.32499998807907104,0.31299999356269836,0.3149999976158142,53777255
2026-07-09,0.3149999976158142,0.3199999928474426,0.3140000104904175,0.31700000166893005,61181253
2026-07-12,0.31700000166893005,0.32199999690055847,0.3140000104904175,0.3160000145435333,65003578
2026-07-13,0.3160000145435333,0.3190000057220459,0.3109999895095825,0.31299999356269836,69785752
2026-07-14,0.31299999356269836,0.31299999356269836,0.3089999854564667,0.3109999895095825,90730225
2026-07-15,0.3109999895095825,0.32100000977516174,0.3109999895095825,0.3149999976158142,118177547
2026-07-19,0.3499999940395355,0.3580000102519989,0.33899998664855957,0.3449999988079071,142232537
2026-07-20,0.3449999988079071,0.3700000047683716,0.3449999988079071,0.36500000953674316,106779369
2026-07-21,0.36500000953674316,0.3709999918937683,0.3580000102519989,0.36500000953674316,86881275
2026-07-22,0.36500000953674316,0.36800000071525574,0.35600000619888306,0.36500000953674316,37048995
2026-07-26,0.36500000953674316,0.39899998903274536,0.3610000014305115,0.3959999978542328,227899286
2026-07-27,0.3959999978542328,0.4699999988079071,0.38600000739097595,0.45399999618530273,384022589
2026-07-28,0.45399999618530273,0.4699999988079071,0.43299999833106995,0.46000000834465027,166537742
2026-07-29,0.46000000834465027,0.46700000762939453,0.4350000023841858,0.4490000009536743,68262667
2026-08-02,0.421999990940094,0.4350000023841858,0.4000000059604645,0.4339999854564667,67400700
2026-08-04,0.4410000145435333,0.45500001311302185,0.4309999942779541,0.45399999618530273,46787835
2026-08-05,0.45399999618530273,0.45899999141693115,0.44200000166893005,0.4490000009536743,31221600
2026-08-06,0.4490000009536743,0.44999998807907104,0.43799999356269836,0.44600000977516174,33431426
2026-08-09,0.44600000977516174,0.44600000977516174,0.44600000977516174,0.44600000977516174,0
2026-08-10,0.44600000977516174,0.44600000977516174,0.44600000977516174,0.44600000977516174,0
2026-08-11,0.5009999871253967,0.5170000195503235,0.48399999737739563,0.5,132545759
2026-08-12,0.5,0.5059999823570251,0.4819999933242798,0.4830000102519989,67172388
2026-08-13,0.4830000102519989,0.4959999918937683,0.4819999933242798,0.4959999918937683,25449079
2026-08-16,0.4959999918937683,0.4959999918937683,0.4959999918937683,0.4959999918937683,0
2026-08-17,0.5400000214576721,0.5600000023841858,0.5329999923706055,0.550000011920929,61562476
2026-08-18,0.550000011920929,0.5590000152587891,0.5400000214576721,0.5569999814033508,28104994
2026-08-19,0.5569999814033508,0.5699999928474426,0.5109999775886536,0.5220000147819519,46028000
2026-08-20,0.5220000147819519,0.5220000147819519,0.4970000088214874,0.5070000290870667,69742652
2026-08-23,0.5070000290870667,0.5789999961853027,0.5019999742507935,0.5400000214576721,118209043
2026-08-24,0.5400000214576721,0.5490000247955322,0.5080000162124634,0.5080000162124634,30563880
2026-08-25,0.5080000162124634,0.5289999842643738,0.4950000047683716,0.503000020980835,37938653
2026-08-26,0.503000020980835,0.5099999904632568,0.47999998927116394,0.47999998927116394,83642419
2026-08-27,0.47999998927116394,0.47999998927116394,0.47999998927116394,0.47999998927116394,0
2026-08-30,0.47999998927116394,0.5149999856948853,0.4729999899864197,0.4749999940395355,256220205
2026-08-31,0.4749999940395355,0.47999998927116394,0.4519999921321869,0.4519999921321869,239128085
2026-09-01,0.4519999921321869,0.46000000834465027,0.42500001192092896,0.4320000112056732,156109939
2026-09-02,0.4320000112056732,0.4359999895095825,0.42500001192092896,0.4269999861717224,67472893
2026-09-03,0.4269999861717224,0.4449999928474426,0.4269999861717224,0.4300000071525574,123556256
2026-09-06,0.4300000071525574,0.44699999690055847,0.4300000071525574,0.43799999356269836,59056815
2026-09-07,0.43799999356269836,0.44999998807907104,0.43299999833106995,0.44600000977516174,49029554
2026-09-08,0.44600000977516174,0.49399998784065247,0.4399999976158142,0.4659999907016754,174037659
2026-09-10,0.43299999833106995,0.4390000104904175,0.4090000092983246,0.4350000023841858,201020728
2026-09-13,0.4350000023841858,0.4449999928474426,0.4259999990463257,0.4449999928474426,93556913
2026-09-14,0.4449999928474426,0.45500001311302185,0.4309999942779541,0.4309999942779541,121871199
2026-09-15,0.4309999942779541,0.4399999976158142,0.4269999861717224,0.4399999976158142,117943911
2026-09-16,0.4399999976158142,0.45500001311302185,0.43700000643730164,0.44200000166893005,96336629
2026-09-17,0.44200000166893005,0.46000000834465027,0.43700000643730164,0.46000000834465027,194457695
2026-09-20,0.46000000834465027,0.47999998927116394,0.4519999921321869,0.46399998664855957,165293104
2026-09-21,0.46399998664855957,0.46399998664855957,0.42800000309944153,0.4300000071525574,164128055
2026-09-22,0.4300000071525574,0.4429999887943268,0.4259999990463257,0.4259999990463257,88561000
2026-09-23,0.4259999990463257,0.4339999854564667,0.4099999964237213,0.4099999964237213,82041613
2026-09-24,0.4099999964237213,0.41100001335144043,0.3720000088214874,0.39100000262260437,105871586
2026-09-27,0.39100000262260437,0.4059999883174896,0.3630000054836273,0.36399999260902405,60917487
2026-09-28,0.36399999260902405,0.37299999594688416,0.34299999475479126,0.3490000069141388,68434398
2026-09-29,0.3490000069141388,0.3630000054836273,0.3330000042915344,0.335999995470047,35970917
2026-09-30,0.335999995470047,0.34299999475479126,0.328000009059906,0.34200000762939453,53372845
