date,open,high,low,close,volume
2021-10-04,0.2139739990234375,0.21877199411392212,0.21013599634170532,0.21109500527381897,5273762
2021-10-05,0.21109500527381897,0.21973100304603577,0.19862200319766998,0.20246000587940216,22957087
2021-10-06,0.20246000587940216,0.21013599634170532,0.20054100453853607,0.2072570025920868,5885715
2021-10-10,0.2072570025920868,0.21109500527381897,0.20149999856948853,0.20246000587940216,5160047
2021-10-11,0.20246000587940216,0.20917600393295288,0.19958099722862244,0.20341899991035461,5879825
2021-10-12,0.20341899991035461,0.20917600393295288,0.20149999856948853,0.20246000587940216,7945722
2021-10-13,0.20246000587940216,0.20341899991035461,0.19862200319766998,0.19958099722862244,6858067
2021-10-14,0.19958099722862244,0.21013599634170532,0.19862200319766998,0.20149999856948853,13689078
2021-10-17,0.20149999856948853,0.20341899991035461,0.19862200319766998,0.20054100453853607,2500445
2021-10-18,0.20054100453853607,0.20054100453853607,0.20054100453853607,0.20054100453853607,0
2021-10-19,0.20054100453853607,0.20054100453853607,0.1813499927520752,0.1813499927520752,16137198
2021-10-20,0.1813499927520752,0.1813499927520752,0.1640789955854416,0.1640789955854416,13559189
2021-10-24,0.1640789955854416,0.17847199738025665,0.1640789955854416,0.16503800451755524,7039017
2021-10-25,0.16503800451755524,0.1727139949798584,0.14872600138187408,0.14968599379062653,20437091
2021-10-26,0.14968599379062653,0.15928100049495697,0.1362520009279251,0.1381710022687912,11303455
2021-10-27,0.1381710022687912,0.15064500272274017,0.1295360028743744,0.14968599379062653,5150324
2021-10-28,0.14968599379062653,0.1640789955854416,0.14392900466918945,0.15928100049495697,11864385
2021-10-31,0.15928100049495697,0.16503800451755524,0.14968599379062653,0.1602409929037094,5925796
2021-11-01,0.1602409929037094,0.17559300363063812,0.15928100049495697,0.1727139949798584,25631313
2021-11-02,0.1727139949798584,0.1746329963207245,0.16791699826717377,0.16983599960803986,9669204
2021-11-03,0.16983599960803986,0.1707949936389923,0.1535239964723587,0.15640200674533844,10254974
2021-11-04,0.15640200674533844,0.1640789955854416,0.14392900466918945,0.15640200674533844,11321454
2021-11-07,0.15640200674533844,0.15640200674533844,0.15640200674533844,0.15640200674533844,0
2021-11-08,0.15640200674533844,0.15640200674533844,0.15640200674533844,0.15640200674533844,0
2021-11-09,0.15640200674533844,0.15640200674533844,0.15640200674533844,0.15640200674533844,0
2021-11-10,0.16120000183582306,0.16503800451755524,0.14872600138187408,0.15256400406360626,14234143
2021-11-11,0.15256400406360626,0.15832099318504333,0.15256400406360626,0.1554429978132248,3971935
2021-11-14,0.1554429978132248,0.15832099318504333,0.15256400406360626,0.1535239964723587,4991215
2021-11-15,0.1535239964723587,0.15640200674533844,0.14296899735927582,0.14584800601005554,9746879
2021-11-16,0.14584800601005554,0.14584800601005554,0.14584800601005554,0.14584800601005554,0
2021-11-17,0.13913099467754364,0.146807000041008,0.13433299958705902,0.13721199333667755,12030677
2021-11-18,0.13721199333667755,0.14104999601840973,0.13433299958705902,0.13721199333667755,3106419
2021-11-21,0.13721199333667755,0.13721199333667755,0.1295360028743744,0.13145500421524048,2663823
2021-11-22,0.13145500421524048,0.1362520009279251,0.1276170015335083,0.13433299958705902,4626936
2021-11-23,0.13433299958705902,0.13913099467754364,0.13337400555610657,0.13529300689697266,4818097
2021-11-24,0.13529300689697266,0.1381710022687912,0.13337400555610657,0.13529300689697266,3959269
2021-11-25,0.13529300689697266,0.14201000332832336,0.13529300689697266,0.13913099467754364,5323631
2021-11-28,0.13913099467754364,0.13913099467754364,0.13913099467754364,0.13913099467754364,0
2021-11-29,0.1381710022687912,0.14392900466918945,0.13529300689697266,0.13913099467754364,7553790
2021-11-30,0.13913099467754364,0.1448879987001419,0.13721199333667755,0.14392900466918945,5583829
2021-12-01,0.14392900466918945,0.146807000041008,0.14201000332832336,0.1448879987001419,7642618
2021-12-02,0.1448879987001419,0.14968599379062653,0.14296899735927582,0.14392900466918945,5999237
2021-12-05,0.14392900466918945,0.146807000041008,0.14296899735927582,0.1448879987001419,5939113
2021-12-06,0.1448879987001419,0.15064500272274017,0.14392900466918945,0.14392900466918945,9161727
2021-12-07,0.14392900466918945,0.1448879987001419,0.13913099467754364,0.1400900036096573,7202380
2021-12-08,0.1400900036096573,0.14201000332832336,0.13721199333667755,0.13913099467754364,3471787
2021-12-09,0.13913099467754364,0.14104999601840973,0.13529300689697266,0.1400900036096573,5838773
2021-12-12,0.1400900036096573,0.14201000332832336,0.1381710022687912,0.13913099467754364,1256347
2021-12-13,0.13913099467754364,0.14104999601840973,0.1381710022687912,0.13913099467754364,2392884
2021-12-14,0.13913099467754364,0.13913099467754364,0.13913099467754364,0.13913099467754364,0
2021-12-15,0.13721199333667755,0.13721199333667755,0.13433299958705902,0.13529300689697266,1662077
2021-12-16,0.13529300689697266,0.1400900036096573,0.13433299958705902,0.13529300689697266,3215461
2021-12-19,0.13529300689697266,0.13721199333667755,0.13433299958705902,0.13433299958705902,2106736
2021-12-20,0.13433299958705902,0.13433299958705902,0.13433299958705902,0.13433299958705902,0
2021-12-21,0.1362520009279251,0.13721199333667755,0.13433299958705902,0.13433299958705902,2698330
2021-12-23,0.13721199333667755,0.14201000332832336,0.13721199333667755,0.1381710022687912,4266086
2021-12-27,0.14104999601840973,0.14296899735927582,0.1381710022687912,0.13913099467754364,4381910
2021-12-28,0.13913099467754364,0.14296899735927582,0.13529300689697266,0.1381710022687912,5237814
2021-12-30,0.1400900036096573,0.14296899735927582,0.13913099467754364,0.14201000332832336,3298796
2022-01-02,0.14201000332832336,0.15160499513149261,0.14104999601840973,0.14968599379062653,6156720
2022-01-04,0.1640789955854416,0.18039099872112274,0.15928100049495697,0.1640789955854416,27401049
2022-01-05,0.1640789955854416,0.16695700585842133,0.1602409929037094,0.16311900317668915,5230671
2022-01-09,0.16311900317668915,0.16311900317668915,0.16311900317668915,0.16311900317668915,0
2022-01-10,0.1602409929037094,0.1621599942445755,0.15640200674533844,0.15832099318504333,3282245
2022-01-11,0.15832099318504333,0.15832099318504333,0.15256400406360626,0.1535239964723587,7347405
2022-01-12,0.1535239964723587,0.15736199915409088,0.15256400406360626,0.1535239964723587,3082455
2022-01-13,0.1535239964723587,0.1554429978132248,0.15160499513149261,0.15256400406360626,4862139
2022-01-16,0.15256400406360626,0.16503800451755524,0.14776700735092163,0.16311900317668915,13506987
2022-01-17,0.16311900317668915,0.16983599960803986,0.1621599942445755,0.16791699826717377,15184229
2022-01-18,0.16791699826717377,0.16791699826717377,0.1621599942445755,0.16311900317668915,7912436
2022-01-19,0.16311900317668915,0.16983599960803986,0.15928100049495697,0.16695700585842133,10788921
2022-01-20,0.16695700585842133,0.16983599960803986,0.16311900317668915,0.1640789955854416,8483641
2022-01-23,0.1640789955854416,0.17847199738025665,0.1621599942445755,0.17367400228977203,20883774
2022-01-25,0.1813499927520752,0.18326899409294128,0.16791699826717377,0.1707949936389923,13743783
2022-01-30,0.17559300363063812,0.1794310063123703,0.16983599960803986,0.1727139949798584,10663548
2022-01-31,0.1727139949798584,0.18518799543380737,0.17175500094890594,0.1813499927520752,13466565
2022-02-01,0.1813499927520752,0.18231000006198883,0.17367400228977203,0.17655199766159058,8478022
2022-02-02,0.17655199766159058,0.17655199766159058,0.1727139949798584,0.17367400228977203,8149672
2022-02-03,0.17367400228977203,0.1775120049715042,0.17175500094890594,0.1727139949798584,2951655
2022-02-06,0.1727139949798584,0.17847199738025665,0.1727139949798584,0.17559300363063812,6291367
2022-02-07,0.17559300363063812,0.17655199766159058,0.17175500094890594,0.1727139949798584,2860528
2022-02-08,0.1727139949798584,0.1746329963207245,0.17175500094890594,0.1727139949798584,3039517
2022-02-09,0.1727139949798584,0.1746329963207245,0.1707949936389923,0.1707949936389923,2489593
2022-02-10,0.1707949936389923,0.1707949936389923,0.1640789955854416,0.16503800451755524,5511333
2022-02-13,0.16503800451755524,0.16599799692630768,0.14872600138187408,0.14872600138187408,10043604
2022-02-14,0.14872600138187408,0.1535239964723587,0.13721199333667755,0.14776700735092163,14866424
2022-02-17,0.1554429978132248,0.15928100049495697,0.15256400406360626,0.1554429978132248,3859106
2022-02-20,0.1554429978132248,0.1554429978132248,0.15160499513149261,0.15256400406360626,5495160
2022-02-21,0.15256400406360626,0.15736199915409088,0.15160499513149261,0.1535239964723587,3918924
2022-02-22,0.1535239964723587,0.15448300540447235,0.14776700735092163,0.15256400406360626,7443587
2022-02-23,0.15256400406360626,0.16695700585842133,0.146807000041008,0.16695700585842133,29090500
2022-02-24,0.16695700585842133,0.17175500094890594,0.15064500272274017,0.15832099318504333,30207908
2022-02-27,0.15832099318504333,0.16983599960803986,0.15832099318504333,0.16503800451755524,27128529
2022-02-28,0.16503800451755524,0.16887600719928741,0.1602409929037094,0.16599799692630768,26222240
2022-03-02,0.1727139949798584,0.1746329963207245,0.16887600719928741,0.1727139949798584,12383171
2022-03-06,0.17559300363063812,0.17847199738025665,0.16983599960803986,0.17175500094890594,14517300
2022-03-07,0.17175500094890594,0.1727139949798584,0.16503800451755524,0.16695700585842133,6115029
2022-03-08,0.16695700585842133,0.16695700585842133,0.16695700585842133,0.16695700585842133,0
2022-03-10,0.1794310063123703,0.1794310063123703,0.16983599960803986,0.1707949936389923,28049451
2022-03-13,0.1707949936389923,0.17367400228977203,0.16695700585842133,0.16983599960803986,10101474
2022-03-14,0.16983599960803986,0.16983599960803986,0.16791699826717377,0.16791699826717377,11947504
2022-03-15,0.16791699826717377,0.16887600719928741,0.1602409929037094,0.1621599942445755,13907236
2022-03-16,0.1621599942445755,0.16599799692630768,0.15928100049495697,0.1621599942445755,15299970
2022-03-17,0.1621599942445755,0.16503800451755524,0.1621599942445755,0.1640789955854416,4645107
2022-03-20,0.1640789955854416,0.16599799692630768,0.16311900317668915,0.1640789955854416,3447550
2022-03-21,0.1640789955854416,0.16983599960803986,0.1640789955854416,0.16791699826717377,9353272
2022-03-22,0.16791699826717377,0.1746329963207245,0.16599799692630768,0.17175500094890594,15936595
2022-03-23,0.17175500094890594,0.1727139949798584,0.16695700585842133,0.16791699826717377,7120930
2022-03-24,0.16791699826717377,0.16887600719928741,0.16311900317668915,0.16503800451755524,7931599
2022-03-27,0.16503800451755524,0.16695700585842133,0.1621599942445755,0.1640789955854416,4119322
2022-03-29,0.15736199915409088,0.1621599942445755,0.15736199915409088,0.1602409929037094,2876258
2022-03-30,0.1602409929037094,0.1621599942445755,0.1554429978132248,0.15640200674533844,5716641
2022-03-31,0.15640200674533844,0.16120000183582306,0.1554429978132248,0.15928100049495697,3758113
2022-04-03,0.15928100049495697,0.1621599942445755,0.1554429978132248,0.15832099318504333,1892427
2022-04-04,0.15832099318504333,0.16311900317668915,0.15736199915409088,0.15928100049495697,3103441
2022-04-05,0.15928100049495697,0.16120000183582306,0.15640200674533844,0.15640200674533844,1571485
2022-04-06,0.15640200674533844,0.15928100049495697,0.15448300540447235,0.1554429978132248,2331300
2022-04-07,0.1554429978132248,0.15640200674533844,0.15256400406360626,0.15448300540447235,5308578
2022-04-10,0.15448300540447235,0.15448300540447235,0.14968599379062653,0.15160499513149261,2272213
2022-04-11,0.15160499513149261,0.1535239964723587,0.14872600138187408,0.15064500272274017,2753088
2022-04-12,0.15064500272274017,0.15064500272274017,0.14872600138187408,0.14968599379062653,1525400
2022-04-13,0.14968599379062653,0.15256400406360626,0.146807000041008,0.14872600138187408,3511917
2022-04-14,0.14872600138187408,0.14968599379062653,0.14584800601005554,0.14776700735092163,2844863
2022-04-17,0.14776700735092163,0.14872600138187408,0.1362520009279251,0.13721199333667755,4435412
2022-04-18,0.13721199333667755,0.13913099467754364,0.1295360028743744,0.13433299958705902,3228200
2022-04-20,0.14104999601840973,0.14296899735927582,0.13913099467754364,0.1400900036096573,1348490
2022-04-21,0.1400900036096573,0.1535239964723587,0.1381710022687912,0.15064500272274017,6072067
2022-04-26,0.15064500272274017,0.15064500272274017,0.14392900466918945,0.14584800601005554,4356264
2022-04-27,0.14584800601005554,0.14872600138187408,0.14584800601005554,0.14584800601005554,192612
2022-05-08,0.1602409929037094,0.16311900317668915,0.15448300540447235,0.16120000183582306,4536640
2022-05-09,0.16120000183582306,0.16599799692630768,0.1602409929037094,0.1621599942445755,3701398
2022-05-11,0.15832099318504333,0.16120000183582306,0.15832099318504333,0.16120000183582306,2481687
2022-05-12,0.16120000183582306,0.16120000183582306,0.1535239964723587,0.15448300540447235,4464168
2022-05-15,0.15448300540447235,0.1602409929037094,0.15160499513149261,0.15640200674533844,5368528
2022-05-16,0.15600000321865082,0.1589999943971634,0.14900000393390656,0.1550000011920929,8151414
2022-05-17,0.1550000011920929,0.15700000524520874,0.15000000596046448,0.15199999511241913,3001412
2022-05-18,0.15199999511241913,0.15600000321865082,0.1509999930858612,0.1550000011920929,2273662
2022-05-24,0.16699999570846558,0.1679999977350235,0.1599999964237213,0.16200000047683716,11951212
2022-05-25,0.16200000047683716,0.16200000047683716,0.1509999930858612,0.15600000321865082,12415366
2022-05-26,0.15600000321865082,0.16599999368190765,0.15600000321865082,0.15800000727176666,11862534
2022-05-29,0.15800000727176666,0.1599999964237213,0.15000000596046448,0.15399999916553497,19193911
2022-05-30,0.15399999916553497,0.164000004529953,0.15299999713897705,0.16099999845027924,11422060
2022-05-31,0.16099999845027924,0.1679999977350235,0.16099999845027924,0.16200000047683716,13582065
2022-06-01,0.16200000047683716,0.164000004529953,0.15700000524520874,0.15800000727176666,7220174
2022-06-02,0.15800000727176666,0.16300000250339508,0.15800000727176666,0.16099999845027924,7306275
2022-06-05,0.16099999845027924,0.16099999845027924,0.16099999845027924,0.16099999845027924,0
2022-06-06,0.164000004529953,0.16599999368190765,0.16200000047683716,0.164000004529953,7017231
2022-06-07,0.164000004529953,0.17100000381469727,0.164000004529953,0.16899999976158142,15705300
2022-06-09,0.17900000512599945,0.18199999630451202,0.17299999296665192,0.17399999499320984,14399291
2022-06-12,0.17399999499320984,0.1770000010728836,0.17000000178813934,0.1720000058412552,21145275
2022-06-13,0.1720000058412552,0.17299999296665192,0.16599999368190765,0.16599999368190765,14981317
2022-06-14,0.16599999368190765,0.17000000178813934,0.16300000250339508,0.1679999977350235,11271366
2022-06-15,0.1679999977350235,0.17100000381469727,0.16500000655651093,0.16599999368190765,5591858
2022-06-16,0.16599999368190765,0.16699999570846558,0.164000004529953,0.164000004529953,7919600
2022-06-19,0.164000004529953,0.16500000655651093,0.15299999713897705,0.15600000321865082,14895983
2022-06-20,0.15600000321865082,0.16099999845027924,0.15299999713897705,0.15600000321865082,11867544
2022-06-21,0.15600000321865082,0.16099999845027924,0.1550000011920929,0.1589999943971634,7141034
2022-06-22,0.1589999943971634,0.1599999964237213,0.15600000321865082,0.1589999943971634,4949095
2022-06-26,0.1550000011920929,0.15700000524520874,0.1509999930858612,0.15199999511241913,16036627
2022-06-27,0.15199999511241913,0.15199999511241913,0.1469999998807907,0.14800000190734863,9961554
2022-06-28,0.14800000190734863,0.1509999930858612,0.14399999380111694,0.1469999998807907,8270128
2022-06-29,0.1469999998807907,0.1509999930858612,0.14499999582767487,0.1469999998807907,7621967
2022-07-03,0.1469999998807907,0.14900000393390656,0.14399999380111694,0.14499999582767487,4237133
2022-07-05,0.13600000739097595,0.1379999965429306,0.1340000033378601,0.13600000739097595,5264285
2022-07-06,0.13600000739097595,0.1379999965429306,0.1340000033378601,0.13500000536441803,5276394
2022-07-07,0.13500000536441803,0.14000000059604645,0.13500000536441803,0.1379999965429306,11040957
2022-07-17,0.1379999965429306,0.1420000046491623,0.1379999965429306,0.14000000059604645,3800001
2022-07-18,0.14000000059604645,0.1420000046491623,0.14000000059604645,0.14100000262260437,4354425
2022-07-19,0.14100000262260437,0.1420000046491623,0.1379999965429306,0.14100000262260437,3023141
2022-07-20,0.14100000262260437,0.14300000667572021,0.14100000262260437,0.14100000262260437,5699238
2022-07-21,0.14100000262260437,0.14900000393390656,0.14100000262260437,0.1459999978542328,10633249
2022-07-25,0.14800000190734863,0.14900000393390656,0.14399999380111694,0.1459999978542328,14201668
2022-07-26,0.1459999978542328,0.1459999978542328,0.14399999380111694,0.14499999582767487,11418575
2022-07-27,0.14499999582767487,0.1459999978542328,0.14000000059604645,0.14100000262260437,12541085
2022-07-28,0.14100000262260437,0.14399999380111694,0.14000000059604645,0.1420000046491623,4478972
2022-07-31,0.1420000046491623,0.1459999978542328,0.1420000046491623,0.14300000667572021,6450453
2022-08-01,0.14300000667572021,0.14399999380111694,0.14000000059604645,0.14100000262260437,6788168
2022-08-02,0.14100000262260437,0.14300000667572021,0.14000000059604645,0.14100000262260437,8678474
2022-08-03,0.14100000262260437,0.14399999380111694,0.14000000059604645,0.14100000262260437,6123520
2022-08-04,0.14100000262260437,0.14399999380111694,0.14100000262260437,0.14300000667572021,5380798
2022-08-08,0.14900000393390656,0.15199999511241913,0.1469999998807907,0.14800000190734863,16928754
2022-08-09,0.14800000190734863,0.14800000190734863,0.14399999380111694,0.14399999380111694,15985772
2022-08-10,0.14399999380111694,0.1469999998807907,0.1420000046491623,0.14300000667572021,5325205
2022-08-11,0.14300000667572021,0.1459999978542328,0.14300000667572021,0.14499999582767487,6678915
2022-08-14,0.14499999582767487,0.1599999964237213,0.14499999582767487,0.15800000727176666,45714778
2022-08-15,0.15800000727176666,0.16699999570846558,0.15800000727176666,0.15800000727176666,40611244
2022-08-16,0.15800000727176666,0.16200000047683716,0.15399999916553497,0.15600000321865082,19782102
2022-08-17,0.15600000321865082,0.1599999964237213,0.1550000011920929,0.15700000524520874,15557773
2022-08-18,0.15700000524520874,0.15700000524520874,0.15700000524520874,0.15700000524520874,0
2022-08-21,0.15700000524520874,0.1589999943971634,0.15600000321865082,0.15700000524520874,5967937
2022-08-22,0.15700000524520874,0.15800000727176666,0.15199999511241913,0.15299999713897705,13495485
2022-08-23,0.15299999713897705,0.15299999713897705,0.15299999713897705,0.15299999713897705,0
2022-08-24,0.14900000393390656,0.1509999930858612,0.14399999380111694,0.14499999582767487,12012115
2022-08-25,0.14499999582767487,0.14900000393390656,0.14499999582767487,0.14800000190734863,4596111
2022-08-28,0.14800000190734863,0.1550000011920929,0.1459999978542328,0.15000000596046448,10163813
2022-08-29,0.15000000596046448,0.15399999916553497,0.14499999582767487,0.1469999998807907,18629968
2022-08-30,0.1469999998807907,0.1509999930858612,0.1459999978542328,0.15000000596046448,5254309
2022-08-31,0.15000000596046448,0.15600000321865082,0.1469999998807907,0.15299999713897705,33067143
2022-09-01,0.15299999713897705,0.16300000250339508,0.15000000596046448,0.1550000011920929,23796315
2022-09-04,0.1550000011920929,0.15600000321865082,0.1509999930858612,0.15299999713897705,7626821
2022-09-05,0.15299999713897705,0.15700000524520874,0.15199999511241913,0.15399999916553497,9452926
2022-09-06,0.15399999916553497,0.15800000727176666,0.15199999511241913,0.15299999713897705,20135020
2022-09-07,0.15299999713897705,0.15700000524520874,0.15199999511241913,0.15299999713897705,17973365
2022-09-08,0.15299999713897705,0.1550000011920929,0.15000000596046448,0.15199999511241913,10291545
2022-09-11,0.15199999511241913,0.1550000011920929,0.15000000596046448,0.1509999930858612,7698632
2022-09-12,0.1509999930858612,0.15299999713897705,0.14900000393390656,0.15000000596046448,8454188
2022-09-13,0.15000000596046448,0.1509999930858612,0.1469999998807907,0.14800000190734863,20193196
2022-09-14,0.14800000190734863,0.14800000190734863,0.14300000667572021,0.14399999380111694,16672174
2022-09-15,0.14399999380111694,0.1469999998807907,0.1420000046491623,0.14399999380111694,10254499
2022-09-18,0.14399999380111694,0.14499999582767487,0.13099999725818634,0.1379999965429306,20948857
2022-09-19,0.1379999965429306,0.14100000262260437,0.13300000131130219,0.13899999856948853,9390654
2022-09-20,0.13899999856948853,0.1420000046491623,0.13199999928474426,0.14000000059604645,18068126
2022-09-21,0.14000000059604645,0.14100000262260437,0.13500000536441803,0.13600000739097595,11136232
2022-09-22,0.13600000739097595,0.15600000321865082,0.13300000131130219,0.14900000393390656,53897722
2022-09-25,0.14900000393390656,0.15800000727176666,0.14900000393390656,0.15299999713897705,38648433
2022-09-26,0.15299999713897705,0.1550000011920929,0.1469999998807907,0.14900000393390656,25529322
2022-09-27,0.14900000393390656,0.1509999930858612,0.1469999998807907,0.14800000190734863,13657864
2022-09-28,0.14800000190734863,0.14900000393390656,0.14499999582767487,0.1459999978542328,8816476
2022-09-29,0.1459999978542328,0.1509999930858612,0.14399999380111694,0.1469999998807907,28782107
2022-10-02,0.1469999998807907,0.15000000596046448,0.14499999582767487,0.14499999582767487,12625599
2022-10-03,0.14499999582767487,0.1469999998807907,0.1420000046491623,0.14300000667572021,4663140
2022-10-04,0.14300000667572021,0.1469999998807907,0.14300000667572021,0.14399999380111694,5301279
2022-10-05,0.14399999380111694,0.14499999582767487,0.14300000667572021,0.14300000667572021,3121465
2022-10-09,0.14300000667572021,0.14300000667572021,0.14100000262260437,0.1420000046491623,4120311
2022-10-10,0.1420000046491623,0.14300000667572021,0.1379999965429306,0.14100000262260437,11851803
2022-10-11,0.14100000262260437,0.14300000667572021,0.13899999856948853,0.13899999856948853,10969447
2022-10-12,0.13899999856948853,0.14100000262260437,0.13500000536441803,0.13699999451637268,11042150
2022-10-13,0.13699999451637268,0.1420000046491623,0.13699999451637268,0.14100000262260437,9351929
2022-10-16,0.14100000262260437,0.14399999380111694,0.13899999856948853,0.14000000059604645,9575310
2022-10-17,0.14000000059604645,0.1420000046491623,0.13899999856948853,0.14000000059604645,5191372
2022-10-18,0.14000000059604645,0.14100000262260437,0.1379999965429306,0.13899999856948853,12006701
2022-10-19,0.13899999856948853,0.14000000059604645,0.1379999965429306,0.14000000059604645,5115249
2022-10-20,0.14000000059604645,0.1420000046491623,0.1379999965429306,0.13899999856948853,7709601
2022-10-23,0.13899999856948853,0.14000000059604645,0.1379999965429306,0.13899999856948853,4963220
2022-10-24,0.13899999856948853,0.14000000059604645,0.1379999965429306,0.14000000059604645,6088659
2022-10-26,0.1379999965429306,0.1379999965429306,0.1379999965429306,0.1379999965429306,0
2022-10-30,0.1420000046491623,0.1420000046491623,0.1379999965429306,0.1379999965429306,4027311
2022-10-31,0.1379999965429306,0.14000000059604645,0.1379999965429306,0.1379999965429306,1760709
2022-11-01,0.1379999965429306,0.14100000262260437,0.1379999965429306,0.13899999856948853,6508762
2022-11-02,0.13899999856948853,0.14000000059604645,0.13699999451637268,0.13699999451637268,4200977
2022-11-03,0.13699999451637268,0.1379999965429306,0.13500000536441803,0.13600000739097595,11511186
2022-11-06,0.13600000739097595,0.13699999451637268,0.1340000033378601,0.13500000536441803,5458144
2022-11-07,0.13500000536441803,0.13600000739097595,0.1340000033378601,0.13500000536441803,5762458
2022-11-08,0.13500000536441803,0.13699999451637268,0.13500000536441803,0.13500000536441803,2443187
2022-11-09,0.13500000536441803,0.13600000739097595,0.13300000131130219,0.1340000033378601,2911679
2022-11-10,0.1340000033378601,0.13500000536441803,0.1340000033378601,0.1340000033378601,5074726
2022-11-14,0.13600000739097595,0.13699999451637268,0.13500000536441803,0.13500000536441803,3762314
2022-11-15,0.13500000536441803,0.1379999965429306,0.13500000536441803,0.13600000739097595,2394349
2022-11-16,0.13600000739097595,0.1379999965429306,0.13600000739097595,0.13699999451637268,2451555
2022-11-17,0.13699999451637268,0.14399999380111694,0.13699999451637268,0.14000000059604645,12607832
2022-11-20,0.14000000059604645,0.1420000046491623,0.1379999965429306,0.13899999856948853,11513321
2022-11-21,0.13899999856948853,0.14000000059604645,0.1379999965429306,0.13899999856948853,5178218
2022-11-22,0.13899999856948853,0.14000000059604645,0.13699999451637268,0.1379999965429306,2905248
2022-11-23,0.1379999965429306,0.14000000059604645,0.13699999451637268,0.1379999965429306,6691267
2022-11-24,0.1379999965429306,0.13899999856948853,0.13699999451637268,0.13699999451637268,5121387
2022-11-27,0.13699999451637268,0.13899999856948853,0.13699999451637268,0.13699999451637268,2618606
2022-11-28,0.13699999451637268,0.14000000059604645,0.13699999451637268,0.13699999451637268,4492513
2022-11-29,0.13699999451637268,0.14399999380111694,0.13699999451637268,0.1420000046491623,14353773
2022-11-30,0.1420000046491623,0.14399999380111694,0.1379999965429306,0.13899999856948853,9544518
2022-12-01,0.13899999856948853,0.14100000262260437,0.1379999965429306,0.14000000059604645,4901238
2022-12-04,0.14000000059604645,0.14300000667572021,0.14000000059604645,0.1420000046491623,7289091
2022-12-06,0.1469999998807907,0.15199999511241913,0.1459999978542328,0.1469999998807907,13308119
2022-12-07,0.1469999998807907,0.14900000393390656,0.14499999582767487,0.1459999978542328,10498436
2022-12-08,0.1459999978542328,0.1469999998807907,0.14399999380111694,0.14499999582767487,6591700
2022-12-11,0.14499999582767487,0.14800000190734863,0.14300000667572021,0.14399999380111694,9796988
2022-12-12,0.14399999380111694,0.1459999978542328,0.14100000262260437,0.14300000667572021,7661675
2022-12-13,0.14300000667572021,0.1459999978542328,0.1420000046491623,0.14499999582767487,11146964
2022-12-14,0.14499999582767487,0.14800000190734863,0.14399999380111694,0.1469999998807907,11790900
2022-12-15,0.1469999998807907,0.16500000655651093,0.1469999998807907,0.1550000011920929,77170464
2022-12-19,0.16699999570846558,0.17399999499320984,0.16300000250339508,0.16699999570846558,37573433
2022-12-20,0.16699999570846558,0.17000000178813934,0.15800000727176666,0.1589999943971634,38854557
2022-12-21,0.1589999943971634,0.16099999845027924,0.15399999916553497,0.15800000727176666,24374880
2022-12-22,0.15800000727176666,0.1589999943971634,0.14900000393390656,0.15199999511241913,36045673
2022-12-25,0.15199999511241913,0.15199999511241913,0.1459999978542328,0.14800000190734863,7834924
2022-12-26,0.14800000190734863,0.1509999930858612,0.1469999998807907,0.15000000596046448,3411542
2022-12-27,0.15000000596046448,0.1589999943971634,0.15000000596046448,0.15000000596046448,9933788
2022-12-28,0.15000000596046448,0.15399999916553497,0.14900000393390656,0.15000000596046448,8051951
2022-12-29,0.15000000596046448,0.15399999916553497,0.15000000596046448,0.15199999511241913,6364703
2023-01-03,0.1599999964237213,0.16500000655651093,0.1589999943971634,0.16300000250339508,22886385
2023-01-04,0.16300000250339508,0.164000004529953,0.15299999713897705,0.15800000727176666,31490870
2023-01-05,0.15800000727176666,0.16099999845027924,0.15600000321865082,0.15700000524520874,14840650
2023-01-09,0.15700000524520874,0.16200000047683716,0.1550000011920929,0.15700000524520874,19259827
2023-01-10,0.15700000524520874,0.15800000727176666,0.15299999713897705,0.15399999916553497,11606337
2023-01-11,0.15399999916553497,0.15700000524520874,0.1509999930858612,0.15199999511241913,6733305
2023-01-12,0.15199999511241913,0.1550000011920929,0.1469999998807907,0.15000000596046448,8612147
2023-01-15,0.15000000596046448,0.15399999916553497,0.14800000190734863,0.15000000596046448,6246098
2023-01-16,0.15000000596046448,0.1509999930858612,0.14800000190734863,0.14800000190734863,7326558
2023-01-17,0.14800000190734863,0.15000000596046448,0.14800000190734863,0.14900000393390656,6292250
2023-01-18,0.14900000393390656,0.15000000596046448,0.14800000190734863,0.14900000393390656,6134491
2023-01-22,0.1509999930858612,0.1550000011920929,0.1509999930858612,0.15399999916553497,10839973
2023-01-23,0.15399999916553497,0.1550000011920929,0.1509999930858612,0.1509999930858612,4419184
2023-01-24,0.1509999930858612,0.15299999713897705,0.14900000393390656,0.15000000596046448,7043722
2023-01-25,0.15000000596046448,0.15199999511241913,0.14900000393390656,0.1509999930858612,5825640
2023-01-29,0.1509999930858612,0.15299999713897705,0.15000000596046448,0.15299999713897705,7630523
2023-01-30,0.15299999713897705,0.15399999916553497,0.1469999998807907,0.14800000190734863,10182474
2023-01-31,0.14800000190734863,0.14900000393390656,0.14300000667572021,0.14300000667572021,6356943
2023-02-01,0.14300000667572021,0.14900000393390656,0.13600000739097595,0.14399999380111694,13760273
2023-02-02,0.14399999380111694,0.1459999978542328,0.13600000739097595,0.13699999451637268,17933144
2023-02-05,0.13699999451637268,0.14000000059604645,0.13199999928474426,0.13500000536441803,6858902
2023-02-06,0.13500000536441803,0.13899999856948853,0.13500000536441803,0.13500000536441803,6374015
2023-02-08,0.14000000059604645,0.1420000046491623,0.1379999965429306,0.1379999965429306,4010086
2023-02-09,0.1379999965429306,0.14000000059604645,0.13699999451637268,0.14000000059604645,7510345
2023-02-12,0.14000000059604645,0.14300000667572021,0.13899999856948853,0.14100000262260437,13212025
2023-02-13,0.14100000262260437,0.14399999380111694,0.14000000059604645,0.14100000262260437,4415836
2023-02-14,0.14100000262260437,0.14499999582767487,0.14000000059604645,0.1420000046491623,4717644
2023-02-15,0.1420000046491623,0.14499999582767487,0.14100000262260437,0.14100000262260437,2862101
2023-02-16,0.14100000262260437,0.14399999380111694,0.1379999965429306,0.14000000059604645,11100747
2023-02-19,0.14000000059604645,0.14000000059604645,0.13600000739097595,0.1379999965429306,19365498
2023-02-20,0.1379999965429306,0.14000000059604645,0.13699999451637268,0.13699999451637268,4791586
2023-02-21,0.13699999451637268,0.1379999965429306,0.13600000739097595,0.1379999965429306,2246764
2023-02-22,0.1379999965429306,0.13899999856948853,0.13600000739097595,0.13600000739097595,5381934
2023-02-23,0.13600000739097595,0.13699999451637268,0.13500000536441803,0.13600000739097595,3592126
2023-02-26,0.13600000739097595,0.14000000059604645,0.13600000739097595,0.13699999451637268,2476443
2023-02-27,0.13699999451637268,0.14000000059604645,0.13600000739097595,0.13600000739097595,8399691
2023-02-28,0.13600000739097595,0.1379999965429306,0.13600000739097595,0.13699999451637268,3299158
2023-03-01,0.13699999451637268,0.14000000059604645,0.13699999451637268,0.13899999856948853,4532286
2023-03-02,0.13899999856948853,0.14100000262260437,0.13899999856948853,0.13899999856948853,3594144
2023-03-05,0.13899999856948853,0.14100000262260437,0.1379999965429306,0.1379999965429306,3766733
2023-03-06,0.1379999965429306,0.14100000262260437,0.1379999965429306,0.14000000059604645,12662382
2023-03-07,0.14000000059604645,0.1420000046491623,0.13699999451637268,0.1379999965429306,4557981
2023-03-08,0.1379999965429306,0.13899999856948853,0.13600000739097595,0.13699999451637268,3598093
2023-03-09,0.13699999451637268,0.13899999856948853,0.13600000739097595,0.13699999451637268,2490813
2023-03-12,0.13699999451637268,0.13699999451637268,0.13199999928474426,0.13300000131130219,7075215
2023-03-13,0.13300000131130219,0.13600000739097595,0.11800000071525574,0.12399999797344208,15097336
2023-03-14,0.12399999797344208,0.12700000405311584,0.11400000005960464,0.12399999797344208,7804808
2023-03-15,0.12399999797344208,0.12700000405311584,0.10199999809265137,0.11100000143051147,17626453
2023-03-16,0.11100000143051147,0.11500000208616257,0.10000000149011612,0.10999999940395355,12082872
2023-03-19,0.10999999940395355,0.11400000005960464,0.1080000028014183,0.1120000034570694,4761169
2023-03-20,0.1120000034570694,0.11599999666213989,0.11100000143051147,0.11400000005960464,9691589
2023-03-22,0.11999999731779099,0.12099999934434891,0.11599999666213989,0.11699999868869781,6907203
2023-03-23,0.11699999868869781,0.11800000071525574,0.11400000005960464,0.11699999868869781,3652768
2023-03-26,0.11699999868869781,0.12099999934434891,0.11699999868869781,0.11800000071525574,6690846
2023-03-27,0.11800000071525574,0.11999999731779099,0.11599999666213989,0.11599999666213989,4148225
2023-03-28,0.11599999666213989,0.11800000071525574,0.11500000208616257,0.11599999666213989,2154807
2023-03-29,0.11599999666213989,0.11900000274181366,0.11500000208616257,0.11699999868869781,2602206
2023-03-30,0.11699999868869781,0.11800000071525574,0.11400000005960464,0.11500000208616257,4352633
2023-04-02,0.11500000208616257,0.11800000071525574,0.11500000208616257,0.11500000208616257,944135
2023-04-04,0.11800000071525574,0.12200000137090683,0.11800000071525574,0.12099999934434891,7445859
2023-04-05,0.12099999934434891,0.12600000202655792,0.11900000274181366,0.12200000137090683,4891761
2023-04-06,0.12200000137090683,0.125,0.12200000137090683,0.12200000137090683,2245046
2023-04-09,0.12200000137090683,0.125,0.11999999731779099,0.11999999731779099,6288066
2023-04-10,0.11999999731779099,0.12399999797344208,0.11999999731779099,0.12099999934434891,14802361
2023-04-11,0.12099999934434891,0.12200000137090683,0.11800000071525574,0.11800000071525574,4679349
2023-04-12,0.11800000071525574,0.11999999731779099,0.11699999868869781,0.11800000071525574,3441717
2023-04-13,0.11800000071525574,0.11900000274181366,0.11599999666213989,0.11800000071525574,1527318
2023-04-19,0.11699999868869781,0.11800000071525574,0.11599999666213989,0.11699999868869781,10421551
2023-04-26,0.11699999868869781,0.11900000274181366,0.11500000208616257,0.11699999868869781,2470561
2023-04-27,0.11699999868869781,0.11900000274181366,0.11599999666213989,0.11800000071525574,16865659
2023-04-30,0.11800000071525574,0.125,0.11699999868869781,0.12399999797344208,15041841
2023-05-01,0.12399999797344208,0.12399999797344208,0.12399999797344208,0.12399999797344208,0
2023-05-02,0.11999999731779099,0.12300000339746475,0.11900000274181366,0.11999999731779099,8619062
2023-05-03,0.11999999731779099,0.12200000137090683,0.11800000071525574,0.11800000071525574,11960033
2023-05-07,0.11800000071525574,0.11999999731779099,0.11699999868869781,0.11800000071525574,3696342
2023-05-08,0.11800000071525574,0.12099999934434891,0.11599999666213989,0.11800000071525574,14473244
2023-05-09,0.11800000071525574,0.11999999731779099,0.11800000071525574,0.11900000274181366,5921595
2023-05-10,0.11900000274181366,0.11999999731779099,0.11699999868869781,0.11900000274181366,7289437
2023-05-11,0.11900000274181366,0.12999999523162842,0.11800000071525574,0.12800000607967377,38397797
2023-05-14,0.12800000607967377,0.13199999928474426,0.12600000202655792,0.12600000202655792,19887181
2023-05-15,0.12600000202655792,0.1289999932050705,0.12399999797344208,0.12399999797344208,19867477
2023-05-16,0.12399999797344208,0.12700000405311584,0.12200000137090683,0.125,8016290
2023-05-17,0.125,0.12700000405311584,0.11900000274181366,0.11999999731779099,11439593
2023-05-18,0.11999999731779099,0.12300000339746475,0.11900000274181366,0.12099999934434891,5781063
2023-05-21,0.12099999934434891,0.125,0.12099999934434891,0.12300000339746475,3398460
2023-05-22,0.12300000339746475,0.12600000202655792,0.12099999934434891,0.12200000137090683,21996690
2023-05-23,0.12200000137090683,0.12800000607967377,0.12200000137090683,0.12700000405311584,16139720
2023-05-24,0.12700000405311584,0.12800000607967377,0.125,0.12600000202655792,10081210
2023-05-29,0.14399999380111694,0.15000000596046448,0.14000000059604645,0.14399999380111694,63784720
2023-05-30,0.14399999380111694,0.15000000596046448,0.1420000046491623,0.14399999380111694,54777182
2023-05-31,0.14399999380111694,0.1469999998807907,0.13899999856948853,0.14100000262260437,28621504
2023-06-01,0.14100000262260437,0.14499999582767487,0.14000000059604645,0.1420000046491623,28058671
2023-06-04,0.1420000046491623,0.17000000178813934,0.1420000046491623,0.17000000178813934,161313983
2023-06-05,0.17000000178813934,0.17000000178813934,0.17000000178813934,0.17000000178813934,0
2023-06-06,0.17000000178813934,0.1850000023841858,0.16200000047683716,0.17000000178813934,164049810
2023-06-07,0.17000000178813934,0.17399999499320984,0.15700000524520874,0.1599999964237213,73018650
2023-06-08,0.1599999964237213,0.16599999368190765,0.15700000524520874,0.16599999368190765,47601044
2023-06-11,0.16599999368190765,0.17000000178813934,0.15600000321865082,0.15700000524520874,66132287
2023-06-12,0.15700000524520874,0.1770000010728836,0.15600000321865082,0.16599999368190765,77857478
2023-06-13,0.16599999368190765,0.17499999701976776,0.16300000250339508,0.164000004529953,80011949
2023-06-14,0.164000004529953,0.16699999570846558,0.1589999943971634,0.16200000047683716,35231177
2023-06-15,0.16200000047683716,0.16300000250339508,0.15700000524520874,0.1589999943971634,36693883
2023-06-18,0.1589999943971634,0.16899999976158142,0.1589999943971634,0.16200000047683716,55274338
2023-06-19,0.16200000047683716,0.16599999368190765,0.1599999964237213,0.16200000047683716,36097800
2023-06-20,0.16200000047683716,0.16300000250339508,0.1589999943971634,0.1599999964237213,50579083
2023-06-21,0.1599999964237213,0.17599999904632568,0.15800000727176666,0.1720000058412552,176427702
2023-06-25,0.17499999701976776,0.1809999942779541,0.16599999368190765,0.16699999570846558,55662704
2023-06-26,0.16699999570846558,0.17800000309944153,0.16500000655651093,0.17399999499320984,53864030
2023-07-04,0.17399999499320984,0.17900000512599945,0.16899999976158142,0.1720000058412552,45165579
2023-07-05,0.1720000058412552,0.17599999904632568,0.1679999977350235,0.16899999976158142,30524602
2023-07-06,0.16899999976158142,0.1720000058412552,0.16599999368190765,0.16599999368190765,35018863
2023-07-09,0.16599999368190765,0.1679999977350235,0.1459999978542328,0.15000000596046448,43312453
2023-07-10,0.15000000596046448,0.15800000727176666,0.14499999582767487,0.15700000524520874,34812143
2023-07-11,0.15700000524520874,0.16300000250339508,0.15299999713897705,0.1589999943971634,38158839
2023-07-12,0.1589999943971634,0.16200000047683716,0.1550000011920929,0.15600000321865082,25093105
2023-07-13,0.15600000321865082,0.15700000524520874,0.14900000393390656,0.15199999511241913,40084785
2023-07-16,0.15199999511241913,0.15399999916553497,0.14900000393390656,0.1509999930858612,30959547
2023-07-17,0.1509999930858612,0.15299999713897705,0.14900000393390656,0.15000000596046448,20938128
2023-07-18,0.15000000596046448,0.15600000321865082,0.15000000596046448,0.15399999916553497,25294798
2023-07-19,0.15399999916553497,0.15399999916553497,0.15399999916553497,0.15399999916553497,0
2023-07-24,0.15199999511241913,0.1550000011920929,0.1509999930858612,0.15199999511241913,16369501
2023-07-25,0.15199999511241913,0.1550000011920929,0.1509999930858612,0.1509999930858612,18020994
2023-07-26,0.1509999930858612,0.15199999511241913,0.14900000393390656,0.15000000596046448,21944789
2023-07-27,0.15000000596046448,0.15800000727176666,0.14900000393390656,0.15399999916553497,46161524
2023-07-31,0.15700000524520874,0.1589999943971634,0.1550000011920929,0.15600000321865082,18703820
2023-08-01,0.15600000321865082,0.1589999943971634,0.1550000011920929,0.1550000011920929,22400758
2023-08-02,0.1550000011920929,0.15700000524520874,0.15199999511241913,0.15199999511241913,22811572
2023-08-03,0.15199999511241913,0.15399999916553497,0.1509999930858612,0.15199999511241913,11188814
2023-08-06,0.15199999511241913,0.15600000321865082,0.15199999511241913,0.15399999916553497,11923424
2023-08-08,0.164000004529953,0.16699999570846558,0.16099999845027924,0.164000004529953,31492561
2023-08-09,0.164000004529953,0.164000004529953,0.1589999943971634,0.1599999964237213,28296862
2023-08-10,0.1599999964237213,0.16099999845027924,0.15600000321865082,0.15700000524520874,24046653
2023-08-13,0.15700000524520874,0.1589999943971634,0.15600000321865082,0.15700000524520874,9762144
2023-08-14,0.15700000524520874,0.1589999943971634,0.15600000321865082,0.15800000727176666,16446880
2023-08-15,0.15800000727176666,0.1589999943971634,0.1550000011920929,0.15600000321865082,15352364
2023-08-16,0.15600000321865082,0.16500000655651093,0.15399999916553497,0.1599999964237213,63275993
2023-08-17,0.1599999964237213,0.16300000250339508,0.15700000524520874,0.15800000727176666,26651206
2023-08-20,0.15800000727176666,0.1599999964237213,0.15600000321865082,0.15700000524520874,7840139
2023-08-21,0.15700000524520874,0.1589999943971634,0.15600000321865082,0.15600000321865082,11320340
2023-08-22,0.15600000321865082,0.1589999943971634,0.15600000321865082,0.15700000524520874,15239715
2023-08-23,0.15700000524520874,0.1589999943971634,0.1550000011920929,0.15600000321865082,15386198
2023-08-24,0.15600000321865082,0.15700000524520874,0.15199999511241913,0.15299999713897705,18712301
2023-08-27,0.15299999713897705,0.15600000321865082,0.15299999713897705,0.15399999916553497,10990645
2023-08-28,0.15399999916553497,0.15600000321865082,0.15199999511241913,0.15299999713897705,13112831
2023-08-29,0.15299999713897705,0.1550000011920929,0.15299999713897705,0.15299999713897705,17106798
2023-08-30,0.15299999713897705,0.15600000321865082,0.15299999713897705,0.15299999713897705,16472621
2023-08-31,0.15299999713897705,0.15299999713897705,0.15299999713897705,0.15299999713897705,0
2023-09-03,0.1589999943971634,0.16699999570846558,0.1589999943971634,0.16099999845027924,48150777
2023-09-04,0.16099999845027924,0.16200000047683716,0.15600000321865082,0.15700000524520874,29765701
2023-09-05,0.15700000524520874,0.1589999943971634,0.15600000321865082,0.15600000321865082,16999088
2023-09-06,0.15600000321865082,0.16300000250339508,0.15600000321865082,0.15700000524520874,35415964
2023-09-07,0.15700000524520874,0.16300000250339508,0.15600000321865082,0.15600000321865082,8775118
2023-09-10,0.15600000321865082,0.15600000321865082,0.15600000321865082,0.15600000321865082,0
2023-09-11,0.15700000524520874,0.15800000727176666,0.15299999713897705,0.15399999916553497,20056699
2023-09-12,0.15399999916553497,0.1550000011920929,0.15199999511241913,0.15299999713897705,11422079
2023-09-13,0.15299999713897705,0.1550000011920929,0.15199999511241913,0.15199999511241913,15465279
2023-09-14,0.15199999511241913,0.15399999916553497,0.15199999511241913,0.15199999511241913,17034828
2023-09-19,0.1889999955892563,0.2029999941587448,0.18400000035762787,0.18400000035762787,145860703
2023-09-20,0.18400000035762787,0.18400000035762787,0.18400000035762787,0.18400000035762787,0
2023-09-21,0.18400000035762787,0.18400000035762787,0.18400000035762787,0.18400000035762787,0
2023-09-24,0.18400000035762787,0.18400000035762787,0.18400000035762787,0.18400000035762787,0
2023-09-25,0.20800000429153442,0.20999999344348907,0.19499999284744263,0.19599999487400055,77999998
2023-09-26,0.19599999487400055,0.20200000703334808,0.1889999955892563,0.19300000369548798,65298339
2023-09-27,0.19300000369548798,0.19300000369548798,0.19300000369548798,0.19300000369548798,0
2023-10-01,0.19300000369548798,0.19300000369548798,0.19300000369548798,0.19300000369548798,0
2023-10-02,0.21299999952316284,0.2160000056028366,0.20200000703334808,0.20600000023841858,55001947
2023-10-03,0.20600000023841858,0.23100000619888306,0.20499999821186066,0.21899999678134918,117202868
2023-10-04,0.21899999678134918,0.22300000488758087,0.2160000056028366,0.2199999988079071,63449384
2023-10-08,0.2199999988079071,0.22699999809265137,0.1899999976158142,0.20600000023841858,102598084
2023-10-09,0.20600000023841858,0.22499999403953552,0.20399999618530273,0.21799999475479126,119872910
2023-10-10,0.21799999475479126,0.25999999046325684,0.21199999749660492,0.21199999749660492,110401074
2023-10-11,0.21199999749660492,0.21400000154972076,0.20600000023841858,0.20900000631809235,57275234
2023-10-12,0.20900000631809235,0.20900000631809235,0.2029999941587448,0.20399999618530273,40436029
2023-10-15,0.20399999618530273,0.20399999618530273,0.19599999487400055,0.20000000298023224,46594567
2023-10-16,0.20000000298023224,0.20000000298023224,0.1889999955892563,0.19200000166893005,72925532
2023-10-17,0.19200000166893005,0.20800000429153442,0.1899999976158142,0.19699999690055847,78080151
2023-10-18,0.19699999690055847,0.1979999989271164,0.19099999964237213,0.19200000166893005,39384143
2023-10-19,0.19200000166893005,0.19200000166893005,0.19200000166893005,0.19200000166893005,0
2023-10-22,0.18799999356269836,0.19699999690055847,0.18799999356269836,0.19300000369548798,47876661
2023-10-23,0.19300000369548798,0.20800000429153442,0.19300000369548798,0.19900000095367432,73456223
2023-10-24,0.19900000095367432,0.2029999941587448,0.19300000369548798,0.19499999284744263,48241510
2023-10-25,0.19499999284744263,0.20800000429153442,0.1940000057220459,0.20200000703334808,70081544
2023-10-26,0.20200000703334808,0.20399999618530273,0.1899999976158142,0.19900000095367432,50639059
2023-10-29,0.19900000095367432,0.2160000056028366,0.1979999989271164,0.21199999749660492,102836481
2023-10-30,0.21199999749660492,0.2199999988079071,0.20600000023841858,0.2070000022649765,64961200
2023-10-31,0.2070000022649765,0.20999999344348907,0.20100000500679016,0.20100000500679016,39402418
2023-11-01,0.20100000500679016,0.20399999618530273,0.1979999989271164,0.20000000298023224,34333554
2023-11-02,0.20000000298023224,0.20999999344348907,0.20000000298023224,0.20499999821186066,42839361
2023-11-06,0.2370000034570694,0.23999999463558197,0.22499999403953552,0.22499999403953552,98036469
2023-11-07,0.22499999403953552,0.2329999953508377,0.22200000286102295,0.22599999606609344,35448349
2023-11-08,0.22599999606609344,0.2280000001192093,0.21799999475479126,0.21899999678134918,49173358
2023-11-09,0.21899999678134918,0.22200000286102295,0.21400000154972076,0.2160000056028366,44276441
2023-11-12,0.2160000056028366,0.21799999475479126,0.21199999749660492,0.21299999952316284,27806752
2023-11-13,0.21299999952316284,0.2290000021457672,0.21199999749660492,0.21799999475479126,61605615
2023-11-14,0.21799999475479126,0.22200000286102295,0.2160000056028366,0.21699999272823334,24300273
2023-11-15,0.21699999272823334,0.2199999988079071,0.2150000035762787,0.2160000056028366,21669636
2023-11-16,0.2160000056028366,0.2199999988079071,0.2160000056028366,0.21699999272823334,16307753
2023-11-19,0.21699999272823334,0.22300000488758087,0.2160000056028366,0.2160000056028366,28705628
2023-11-20,0.2160000056028366,0.21799999475479126,0.20600000023841858,0.20800000429153442,65685566
2023-11-21,0.20800000429153442,0.21199999749660492,0.20499999821186066,0.20900000631809235,19975785
2023-11-22,0.20900000631809235,0.21400000154972076,0.20800000429153442,0.210999995470047,26382918
2023-11-23,0.210999995470047,0.21400000154972076,0.210999995470047,0.21299999952316284,15810674
2023-11-26,0.21299999952316284,0.21699999272823334,0.210999995470047,0.210999995470047,19987394
2023-11-27,0.210999995470047,0.21400000154972076,0.20900000631809235,0.20999999344348907,23582357
2023-11-28,0.20999999344348907,0.210999995470047,0.2070000022649765,0.20800000429153442,24325566
2023-11-29,0.20800000429153442,0.20900000631809235,0.20200000703334808,0.2029999941587448,26347867
2023-11-30,0.2029999941587448,0.2150000035762787,0.2029999941587448,0.20900000631809235,34029001
2023-12-03,0.20900000631809235,0.21299999952316284,0.2070000022649765,0.20800000429153442,18997464
2023-12-04,0.20800000429153442,0.21199999749660492,0.20499999821186066,0.20800000429153442,22781151
2023-12-06,0.210999995470047,0.21899999678134918,0.20800000429153442,0.20900000631809235,22825940
2023-12-07,0.20900000631809235,0.20900000631809235,0.19900000095367432,0.20800000429153442,26882471
2023-12-10,0.20800000429153442,0.2240000069141388,0.2029999941587448,0.20900000631809235,68367047
2023-12-11,0.20900000631809235,0.25,0.20900000631809235,0.25,278143555
2023-12-12,0.25,0.30000001192092896,0.23800000548362732,0.30000001192092896,374624028
2023-12-13,0.30000001192092896,0.33899998664855957,0.28299999237060547,0.2980000078678131,215923725
2023-12-14,0.2980000078678131,0.3569999933242798,0.2409999966621399,0.34599998593330383,241753235
2023-12-17,0.34599998593330383,0.375,0.32199999690055847,0.335999995470047,188020864
2023-12-19,0.3140000104904175,0.33000001311302185,0.3059999942779541,0.3149999976158142,113217273
2023-12-20,0.3149999976158142,0.3199999928474426,0.3050000071525574,0.3089999854564667,56808468
2023-12-21,0.3089999854564667,0.31700000166893005,0.30000001192092896,0.3100000023841858,79093825
2023-12-24,0.3100000023841858,0.3100000023841858,0.3100000023841858,0.3100000023841858,0
2023-12-25,0.3490000069141388,0.4180000126361847,0.33799999952316284,0.4180000126361847,235811283
2023-12-27,0.44200000166893005,0.4690000116825104,0.4059999883174896,0.4659999907016754,133042284
2023-12-28,0.4659999907016754,0.49300000071525574,0.4320000112056732,0.44699999690055847,88247730
2023-12-31,0.44699999690055847,0.4699999988079071,0.4399999976158142,0.4449999928474426,113330701
2024-01-02,0.4449999928474426,0.4569999873638153,0.4300000071525574,0.4300000071525574,75311029
2024-01-03,0.4300000071525574,0.45899999141693115,0.42500001192092896,0.43799999356269836,107190782
2024-01-04,0.43799999356269836,0.4399999976158142,0.4269999861717224,0.42800000309944153,40947476
2024-01-08,0.42800000309944153,0.45500001311302185,0.41999998688697815,0.421999990940094,86576023
2024-01-10,0.4399999976158142,0.46000000834465027,0.4399999976158142,0.4449999928474426,53666183
2024-01-11,0.4449999928474426,0.46299999952316284,0.4449999928474426,0.4449999928474426,44367961
2024-01-16,0.47999998927116394,0.5370000004768372,0.4740000069141388,0.4959999918937683,86527871
2024-01-17,0.4959999918937683,0.4959999918937683,0.4959999918937683,0.4959999918937683,0
2024-01-18,0.4959999918937683,0.5109999775886536,0.4790000021457672,0.47999998927116394,65752456
2024-01-22,0.48399999737739563,0.4970000088214874,0.4819999933242798,0.48500001430511475,21346905
2024-01-23,0.48500001430511475,0.5109999775886536,0.4819999933242798,0.49000000953674316,64632717
2024-01-24,0.49000000953674316,0.5879999995231628,0.4830000102519989,0.5619999766349792,71358758
2024-01-28,0.5619999766349792,0.5870000123977661,0.5350000262260437,0.5410000085830688,55418214
2024-01-29,0.5410000085830688,0.5479999780654907,0.5130000114440918,0.5189999938011169,21974697
2024-01-31,0.5239999890327454,0.5400000214576721,0.43700000643730164,0.453000009059906,32661191
2024-02-01,0.453000009059906,0.4830000102519989,0.4059999883174896,0.47999998927116394,14307288
2024-02-04,0.47999998927116394,0.4880000054836273,0.44999998807907104,0.46000000834465027,19628688
2024-02-05,0.46000000834465027,0.4659999907016754,0.4449999928474426,0.4480000138282776,18542868
2024-02-06,0.4480000138282776,0.4560000002384186,0.40400001406669617,0.4230000078678131,17073855
2024-02-07,0.4230000078678131,0.46000000834465027,0.42100000381469727,0.4259999990463257,15312182
2024-02-11,0.4390000104904175,0.45899999141693115,0.4269999861717224,0.4300000071525574,30360158
2024-02-12,0.4300000071525574,0.43700000643730164,0.4000000059604645,0.41999998688697815,22722060
2024-02-13,0.41999998688697815,0.4269999861717224,0.41600000858306885,0.41999998688697815,17989719
2024-02-15,0.42399999499320984,0.4399999976158142,0.4189999997615814,0.42399999499320984,43305659
2024-02-18,0.42399999499320984,0.42399999499320984,0.42399999499320984,0.42399999499320984,0
2024-02-19,0.42500001192092896,0.43299999833106995,0.41999998688697815,0.42500001192092896,30107079
2024-02-20,0.42500001192092896,0.4300000071525574,0.42399999499320984,0.42399999499320984,17103480
2024-02-21,0.42399999499320984,0.42800000309944153,0.41999998688697815,0.4230000078678131,16582408
2024-02-22,0.4230000078678131,0.4259999990463257,0.4129999876022339,0.4180000126361847,55783974
2024-02-26,0.38999998569488525,0.4059999883174896,0.382999986410141,0.38499999046325684,24668726
2024-02-27,0.38499999046325684,0.39500001072883606,0.37599998712539673,0.38100001215934753,27990073
2024-02-28,0.38100001215934753,0.3880000114440918,0.3659999966621399,0.36899998784065247,16743733
2024-02-29,0.36899998784065247,0.38199999928474426,0.3499999940395355,0.3659999966621399,14813778
2024-03-03,0.3659999966621399,0.4050000011920929,0.3630000054836273,0.3799999952316284,37695418
2024-03-04,0.3799999952316284,0.4000000059604645,0.375,0.3779999911785126,12663434
2024-03-05,0.3779999911785126,0.39100000262260437,0.3709999918937683,0.37400001287460327,15752798
2024-03-06,0.37400001287460327,0.38499999046325684,0.3540000021457672,0.3630000054836273,18007254
2024-03-07,0.3630000054836273,0.3720000088214874,0.35499998927116394,0.3569999933242798,6739230
2024-03-10,0.3569999933242798,0.38199999928474426,0.35499998927116394,0.3700000047683716,27246357
2024-03-11,0.3700000047683716,0.382999986410141,0.3619999885559082,0.3659999966621399,9135500
2024-03-12,0.3659999966621399,0.37599998712539673,0.3449999988079071,0.3490000069141388,7343702
2024-03-13,0.3490000069141388,0.35899999737739563,0.32600000500679016,0.32899999618530273,6119499
2024-03-14,0.32899999618530273,0.3400000035762787,0.32499998807907104,0.335999995470047,3323401
2024-03-17,0.335999995470047,0.36000001430511475,0.33500000834465027,0.335999995470047,18917039
2024-03-18,0.335999995470047,0.3440000116825104,0.30300000309944153,0.3070000112056732,11563077
2024-03-25,0.31299999356269836,0.3370000123977661,0.31299999356269836,0.32899999618530273,9972789
2024-03-26,0.32899999618530273,0.3400000035762787,0.32499998807907104,0.328000009059906,12586614
2024-03-27,0.328000009059906,0.33000001311302185,0.30000001192092896,0.30399999022483826,17072516
2024-03-28,0.30399999022483826,0.30799999833106995,0.2879999876022339,0.29100000858306885,27031034
2024-03-31,0.29100000858306885,0.29899999499320984,0.2800000011920929,0.2840000092983246,12530690
2024-04-01,0.2840000092983246,0.2930000126361847,0.2840000092983246,0.2919999957084656,7522945
2024-04-02,0.2919999957084656,0.29600000381469727,0.28600001335144043,0.28999999165534973,10153701
2024-04-03,0.28999999165534973,0.29100000858306885,0.2800000011920929,0.289000004529953,6111022
2024-04-04,0.289000004529953,0.2930000126361847,0.2849999964237213,0.28999999165534973,7394253
2024-04-07,0.28999999165534973,0.2939999997615814,0.2800000011920929,0.28600001335144043,7712983
2024-04-08,0.28600001335144043,0.289000004529953,0.28200000524520874,0.2879999876022339,55986610
2024-04-17,0.3330000042915344,0.3330000042915344,0.3330000042915344,0.3330000042915344,0
2024-04-18,0.3330000042915344,0.3330000042915344,0.3330000042915344,0.3330000042915344,0
2024-04-21,0.3330000042915344,0.3330000042915344,0.3330000042915344,0.3330000042915344,0
2024-04-22,0.3330000042915344,0.36399999260902405,0.3009999990463257,0.34700000286102295,79933210
2024-04-23,0.34700000286102295,0.3569999933242798,0.3149999976158142,0.3160000145435333,60074902
2024-04-24,0.3160000145435333,0.3199999928474426,0.28700000047683716,0.2879999876022339,31305670
2024-04-28,0.2879999876022339,0.2879999876022339,0.2879999876022339,0.2879999876022339,0
2024-04-29,0.2750000059604645,0.289000004529953,0.2669999897480011,0.28600001335144043,17943971
2024-04-30,0.28600001335144043,0.2879999876022339,0.2529999911785126,0.25600001215934753,13442313
2024-05-02,0.2639999985694885,0.27300000190734863,0.25600001215934753,0.2639999985694885,11378040
2024-05-07,0.2639999985694885,0.289000004529953,0.2549999952316284,0.2809999883174896,37462535
2024-05-08,0.2809999883174896,0.2939999997615814,0.27000001072883606,0.2720000147819519,22448810
2024-05-09,0.2720000147819519,0.2770000100135803,0.2630000114440918,0.27000001072883606,10679098
2024-05-12,0.27000001072883606,0.27799999713897705,0.25200000405311584,0.2549999952316284,33604955
2024-05-13,0.2549999952316284,0.25600001215934753,0.24300000071525574,0.24899999797344208,17676533
2024-05-14,0.24899999797344208,0.2630000114440918,0.23899999260902405,0.25,33732505
2024-05-15,0.25,0.289000004529953,0.25,0.2709999978542328,52854277
2024-05-16,0.2709999978542328,0.28200000524520874,0.2680000066757202,0.2770000100135803,29990588
2024-05-19,0.2770000100135803,0.28299999237060547,0.27300000190734863,0.2809999883174896,27880027
2024-05-20,0.2809999883174896,0.2849999964237213,0.2680000066757202,0.2709999978542328,36254123
2024-05-21,0.2709999978542328,0.2750000059604645,0.26499998569488525,0.26600000262260437,19540004
2024-05-22,0.26600000262260437,0.27000001072883606,0.2619999945163727,0.2639999985694885,11534361
2024-05-23,0.2639999985694885,0.26899999380111694,0.2619999945163727,0.2639999985694885,9123577
2024-05-26,0.2639999985694885,0.2639999985694885,0.2639999985694885,0.2639999985694885,0
2024-05-27,0.26600000262260437,0.27399998903274536,0.2630000114440918,0.26899999380111694,31287603
2024-05-28,0.26899999380111694,0.26899999380111694,0.2549999952316284,0.26100000739097595,19604560
2024-05-29,0.26100000739097595,0.2669999897480011,0.2590000033378601,0.26100000739097595,22238556
2024-05-30,0.26100000739097595,0.2630000114440918,0.25200000405311584,0.2549999952316284,8762015
2024-06-02,0.2549999952316284,0.26100000739097595,0.24500000476837158,0.2460000067949295,16980340
2024-06-03,0.2460000067949295,0.25,0.23199999332427979,0.23399999737739563,12288327
2024-06-05,0.2370000034570694,0.23999999463558197,0.22300000488758087,0.2290000021457672,15796635
2024-06-06,0.2290000021457672,0.23600000143051147,0.22200000286102295,0.22300000488758087,13036796
2024-06-09,0.22300000488758087,0.23199999332427979,0.21699999272823334,0.2199999988079071,13458745
2024-06-10,0.2199999988079071,0.22200000286102295,0.21199999749660492,0.21400000154972076,8984413
2024-06-11,0.21400000154972076,0.2290000021457672,0.20499999821186066,0.22100000083446503,17110501
2024-06-12,0.22100000083446503,0.22699999809265137,0.22100000083446503,0.22300000488758087,10656302
2024-06-13,0.22300000488758087,0.23199999332427979,0.22300000488758087,0.22699999809265137,26829734
2024-06-24,0.23399999737739563,0.2409999966621399,0.23199999332427979,0.2329999953508377,20950482
2024-06-25,0.2329999953508377,0.23499999940395355,0.22699999809265137,0.23000000417232513,7426756
2024-06-27,0.2329999953508377,0.2370000034570694,0.23000000417232513,0.23199999332427979,19956496
2024-07-02,0.23999999463558197,0.24400000274181366,0.23600000143051147,0.2370000034570694,11828012
2024-07-03,0.2370000034570694,0.2750000059604645,0.2370000034570694,0.26499998569488525,102845123
2024-07-04,0.26499998569488525,0.2669999897480011,0.25200000405311584,0.2590000033378601,47320409
2024-07-07,0.2590000033378601,0.2720000147819519,0.257999986410141,0.25999999046325684,33811424
2024-07-08,0.25999999046325684,0.26600000262260437,0.2529999911785126,0.25600001215934753,20810587
2024-07-09,0.25600001215934753,0.25999999046325684,0.25,0.2549999952316284,10878261
2024-07-10,0.2549999952316284,0.257999986410141,0.2460000067949295,0.24699999392032623,11522294
2024-07-14,0.24699999392032623,0.25999999046325684,0.24699999392032623,0.25999999046325684,16053979
2024-07-15,0.25999999046325684,0.28299999237060547,0.25999999046325684,0.27799999713897705,77781371
2024-07-16,0.27799999713897705,0.2919999957084656,0.2750000059604645,0.2759999930858612,54406141
2024-07-17,0.2759999930858612,0.2849999964237213,0.27000001072883606,0.2709999978542328,23910770
2024-07-22,0.2800000011920929,0.3149999976158142,0.2800000011920929,0.29899999499320984,60152293
2024-07-23,0.29899999499320984,0.31200000643730164,0.296999990940094,0.2980000078678131,28019516
2024-07-24,0.2980000078678131,0.3059999942779541,0.2930000126361847,0.29499998688697815,14914521
2024-07-28,0.29499998688697815,0.3149999976158142,0.2930000126361847,0.3009999990463257,26890523
2024-07-29,0.3009999990463257,0.3070000112056732,0.29499998688697815,0.30000001192092896,16631044
2024-07-30,0.30000001192092896,0.3059999942779541,0.29499998688697815,0.3009999990463257,12675710
2024-07-31,0.3009999990463257,0.3050000071525574,0.2980000078678131,0.29899999499320984,9659068
2024-08-04,0.30799999833106995,0.30799999833106995,0.2930000126361847,0.29499998688697815,19877378
2024-08-06,0.27900001406669617,0.2930000126361847,0.27900001406669617,0.289000004529953,16385473
2024-08-12,0.3330000042915344,0.33799999952316284,0.32100000977516174,0.33000001311302185,31999416
2024-08-13,0.33000001311302185,0.3310000002384186,0.3230000138282776,0.33000001311302185,48465572
2024-08-14,0.33000001311302185,0.3330000042915344,0.32499998807907104,0.32600000500679016,12662126
2024-08-18,0.32899999618530273,0.3310000002384186,0.3269999921321869,0.328000009059906,6365173
2024-08-19,0.328000009059906,0.3310000002384186,0.32499998807907104,0.33000001311302185,8050941
2024-08-20,0.33000001311302185,0.3540000021457672,0.33000001311302185,0.34299999475479126,46078436
2024-08-21,0.34299999475479126,0.35199999809265137,0.33899998664855957,0.3409999907016754,15672082
2024-08-22,0.3409999907016754,0.34700000286102295,0.3370000123977661,0.33899998664855957,11762629
2024-08-25,0.33899998664855957,0.35100001096725464,0.33799999952316284,0.34200000762939453,24669226
2024-08-26,0.34200000762939453,0.3499999940395355,0.3400000035762787,0.3449999988079071,11254822
2024-08-27,0.3449999988079071,0.35199999809265137,0.3409999907016754,0.34299999475479126,9576305
2024-08-28,0.34299999475479126,0.3490000069141388,0.34200000762939453,0.34299999475479126,4568638
2024-08-29,0.34299999475479126,0.35199999809265137,0.3409999907016754,0.34299999475479126,15484736
2024-09-02,0.34599998593330383,0.35199999809265137,0.34200000762939453,0.34299999475479126,7832648
2024-09-03,0.34299999475479126,0.3499999940395355,0.3400000035762787,0.34299999475479126,5799027
2024-09-04,0.34299999475479126,0.37700000405311584,0.3400000035762787,0.35499998927116394,28351105
2024-09-05,0.35499998927116394,0.36500000953674316,0.34599998593330383,0.3499999940395355,12211644
2024-09-08,0.3499999940395355,0.3569999933242798,0.34299999475479126,0.3440000116825104,4997760
2024-09-09,0.3440000116825104,0.3479999899864197,0.34299999475479126,0.3440000116825104,3079381
2024-09-10,0.3440000116825104,0.35899999737739563,0.3400000035762787,0.3490000069141388,12071862
2024-09-11,0.3490000069141388,0.35199999809265137,0.3440000116825104,0.3449999988079071,5479974
2024-09-12,0.3449999988079071,0.3499999940395355,0.34299999475479126,0.3440000116825104,5626185
2024-09-16,0.3440000116825104,0.3529999852180481,0.3440000116825104,0.3449999988079071,4594434
2024-09-17,0.3449999988079071,0.35100001096725464,0.34299999475479126,0.3490000069141388,5354638
2024-09-18,0.3490000069141388,0.35199999809265137,0.3449999988079071,0.3449999988079071,4773177
2024-09-22,0.3479999899864197,0.35499998927116394,0.3479999899864197,0.35100001096725464,4614828
2024-09-23,0.35100001096725464,0.35899999737739563,0.35100001096725464,0.35199999809265137,3743597
2024-09-24,0.36399999260902405,0.37299999594688416,0.3569999933242798,0.3619999885559082,21200471
2024-09-26,0.36399999260902405,0.37299999594688416,0.3569999933242798,0.3619999885559082,21200471
2024-09-29,0.3619999885559082,0.3659999966621399,0.36000001430511475,0.36000001430511475,4654842
2024-09-30,0.36000001430511475,0.36500000953674316,0.3569999933242798,0.3580000102519989,4066483
2024-10-01,0.3580000102519989,0.36800000071525574,0.3569999933242798,0.3580000102519989,2644039
2024-10-02,0.3580000102519989,0.35899999737739563,0.3499999940395355,0.35600000619888306,8941802
2024-10-03,0.35600000619888306,0.35899999737739563,0.35199999809265137,0.35600000619888306,3730690
2024-10-07,0.35600000619888306,0.36000001430511475,0.35199999809265137,0.3529999852180481,6147586
2024-10-08,0.3529999852180481,0.3529999852180481,0.3400000035762787,0.3400000035762787,7799907
2024-10-09,0.3400000035762787,0.36399999260902405,0.33899998664855957,0.3610000014305115,11957943
2024-10-10,0.3610000014305115,0.36399999260902405,0.3540000021457672,0.36000001430511475,7155731
2024-10-13,0.36000001430511475,0.3619999885559082,0.3529999852180481,0.36000001430511475,5732265
2024-10-14,0.36000001430511475,0.3630000054836273,0.3569999933242798,0.3610000014305115,1603783
2024-10-15,0.3610000014305115,0.3659999966621399,0.36000001430511475,0.36000001430511475,1771321
2024-10-16,0.36000001430511475,0.36399999260902405,0.36000001430511475,0.3610000014305115,3113763
2024-10-17,0.3610000014305115,0.36500000953674316,0.36000001430511475,0.3610000014305115,3073033
2024-10-20,0.3610000014305115,0.36399999260902405,0.35100001096725464,0.3580000102519989,4518506
2024-10-21,0.3580000102519989,0.3619999885559082,0.3499999940395355,0.36000001430511475,3238077
2024-10-22,0.36000001430511475,0.4099999964237213,0.36000001430511475,0.3880000114440918,40692977
2024-10-23,0.3880000114440918,0.3919999897480011,0.3709999918937683,0.3709999918937683,11401433
2024-10-24,0.3709999918937683,0.375,0.3659999966621399,0.3700000047683716,23785317
2024-10-27,0.3700000047683716,0.375,0.36500000953674316,0.3659999966621399,7662155
2024-10-28,0.3659999966621399,0.36800000071525574,0.35899999737739563,0.35899999737739563,6087171
2024-10-29,0.35899999737739563,0.3630000054836273,0.35600000619888306,0.36000001430511475,3270368
2024-10-30,0.36000001430511475,0.3610000014305115,0.35600000619888306,0.3569999933242798,1899556
2024-10-31,0.3569999933242798,0.35899999737739563,0.35199999809265137,0.3529999852180481,3529034
2024-11-03,0.3529999852180481,0.3659999966621399,0.3529999852180481,0.36000001430511475,3956618
2024-11-04,0.36000001430511475,0.3659999966621399,0.35600000619888306,0.3569999933242798,2956290
2024-11-05,0.3569999933242798,0.36000001430511475,0.3569999933242798,0.3580000102519989,1714256
2024-11-06,0.3580000102519989,0.36000001430511475,0.35499998927116394,0.3569999933242798,3886162
2024-11-07,0.3569999933242798,0.3630000054836273,0.3540000021457672,0.36000001430511475,3714542
2024-11-10,0.36000001430511475,0.36399999260902405,0.35600000619888306,0.35899999737739563,5980986
2024-11-11,0.35899999737739563,0.382999986410141,0.35899999737739563,0.3630000054836273,15913893
2024-11-12,0.3630000054836273,0.367000013589859,0.3580000102519989,0.35899999737739563,5457926
2024-11-13,0.35899999737739563,0.3619999885559082,0.35600000619888306,0.3569999933242798,3264397
2024-11-17,0.36000001430511475,0.36399999260902405,0.35899999737739563,0.36000001430511475,2273022
2024-11-18,0.36000001430511475,0.3630000054836273,0.3540000021457672,0.35600000619888306,2374938
2024-11-19,0.35600000619888306,0.3610000014305115,0.3540000021457672,0.3569999933242798,2331258
2024-11-20,0.3569999933242798,0.35899999737739563,0.28999999165534973,0.3540000021457672,2138702
2024-11-21,0.3540000021457672,0.36000001430511475,0.35199999809265137,0.3529999852180481,1760798
2024-11-24,0.3529999852180481,0.35600000619888306,0.35100001096725464,0.35199999809265137,1583130
2024-11-25,0.35199999809265137,0.3540000021457672,0.3400000035762787,0.34200000762939453,3268650
2024-11-26,0.34200000762939453,0.34700000286102295,0.3409999907016754,0.34200000762939453,482014
2024-11-27,0.34200000762939453,0.3449999988079071,0.33899998664855957,0.3409999907016754,2686609
2024-11-28,0.3409999907016754,0.34200000762939453,0.33799999952316284,0.33899998664855957,1291313
2024-12-01,0.33899998664855957,0.3449999988079071,0.33799999952316284,0.33799999952316284,1898013
2024-12-02,0.33799999952316284,0.3440000116825104,0.33799999952316284,0.3400000035762787,1301790
2024-12-03,0.3400000035762787,0.3440000116825104,0.33899998664855957,0.3400000035762787,1446830
2024-12-04,0.3400000035762787,0.3409999907016754,0.32499998807907104,0.3319999873638153,2077448
2024-12-05,0.3319999873638153,0.35499998927116394,0.33000001311302185,0.34299999475479126,5305440
2024-12-08,0.34299999475479126,0.3479999899864197,0.3400000035762787,0.34200000762939453,1677255
2024-12-09,0.34200000762939453,0.34599998593330383,0.33899998664855957,0.3400000035762787,2637890
2024-12-10,0.3400000035762787,0.34200000762939453,0.33500000834465027,0.335999995470047,2671125
2024-12-11,0.335999995470047,0.3400000035762787,0.328000009059906,0.33500000834465027,5487365
2024-12-12,0.33500000834465027,0.3529999852180481,0.33500000834465027,0.3490000069141388,7374666
2024-12-16,0.36399999260902405,0.3700000047683716,0.35499998927116394,0.3659999966621399,11126170
2024-12-17,0.3659999966621399,0.37400001287460327,0.35499998927116394,0.3610000014305115,5216223
2024-12-18,0.3610000014305115,0.3630000054836273,0.3449999988079071,0.3479999899864197,4530051
2024-12-19,0.3479999899864197,0.3499999940395355,0.3230000138282776,0.34200000762939453,4635928
2024-12-22,0.34200000762939453,0.3490000069141388,0.3400000035762787,0.3409999907016754,2347126
2024-12-23,0.3409999907016754,0.34599998593330383,0.3319999873638153,0.335999995470047,1612578
2024-12-24,0.335999995470047,0.34200000762939453,0.32600000500679016,0.33899998664855957,2675212
2024-12-25,0.33899998664855957,0.34599998593330383,0.33500000834465027,0.3370000123977661,2302451
2024-12-26,0.3370000123977661,0.3529999852180481,0.3310000002384186,0.35100001096725464,5989024
2024-12-29,0.35100001096725464,0.3529999852180481,0.3449999988079071,0.34599998593330383,2518496
2024-12-30,0.34599998593330383,0.34700000286102295,0.3269999921321869,0.335999995470047,2078785
2024-12-31,0.335999995470047,0.34700000286102295,0.3319999873638153,0.33799999952316284,2027282
2025-01-06,0.3540000021457672,0.3569999933242798,0.3479999899864197,0.35100001096725464,2238201
2025-01-09,0.3569999933242798,0.36000001430511475,0.3529999852180481,0.3569999933242798,2481286
2025-01-12,0.3569999933242798,0.3619999885559082,0.34700000286102295,0.3569999933242798,3449945
2025-01-13,0.3569999933242798,0.36399999260902405,0.3449999988079071,0.35499998927116394,4558418
2025-01-14,0.35499998927116394,0.36000001430511475,0.3330000042915344,0.3580000102519989,4498165
2025-01-15,0.3580000102519989,0.3580000102519989,0.3479999899864197,0.35199999809265137,3261286
2025-01-16,0.35199999809265137,0.41999998688697815,0.3479999899864197,0.40700000524520874,78687857
2025-01-19,0.35199999809265137,0.4690000116825104,0.3479999899864197,0.45399999618530273,160146758
2025-01-20,0.44699999690055847,0.46700000762939453,0.421999990940094,0.4269999861717224,54336237
2025-01-21,0.4269999861717224,0.4350000023841858,0.41600000858306885,0.4300000071525574,23485715
2025-01-22,0.4300000071525574,0.4350000023841858,0.41499999165534973,0.41999998688697815,17202886
2025-01-23,0.41999998688697815,0.4490000009536743,0.41999998688697815,0.42500001192092896,37672397
2025-01-26,0.42500001192092896,0.4440000057220459,0.421999990940094,0.4230000078678131,14646733
2025-01-27,0.4230000078678131,0.42399999499320984,0.4020000100135803,0.4050000011920929,13249857
2025-01-28,0.4050000011920929,0.40799999237060547,0.38999998569488525,0.39800000190734863,12709480
2025-01-29,0.39800000190734863,0.4050000011920929,0.39500001072883606,0.3970000147819519,5951284
2025-01-30,0.3970000147819519,0.4050000011920929,0.39500001072883606,0.39800000190734863,5170759
2025-02-02,0.39800000190734863,0.4259999990463257,0.3869999945163727,0.41200000047683716,32981838
2025-02-03,0.41200000047683716,0.4180000126361847,0.39899998903274536,0.40400001406669617,10200035
2025-02-05,0.40700000524520874,0.4099999964237213,0.4020000100135803,0.40299999713897705,4750007
2025-02-06,0.40299999713897705,0.43299999833106995,0.40299999713897705,0.4129999876022339,22446605
2025-02-11,0.4490000009536743,0.4560000002384186,0.414000004529953,0.414000004529953,16722754
2025-02-12,0.414000004529953,0.4399999976158142,0.40400001406669617,0.4399999976158142,204185878
2025-02-13,0.4399999976158142,0.4490000009536743,0.421999990940094,0.42500001192092896,25330046
2025-02-17,0.4339999854564667,0.4390000104904175,0.42500001192092896,0.4269999861717224,7272207
2025-02-18,0.4269999861717224,0.4300000071525574,0.4180000126361847,0.4189999997615814,5825047
2025-02-19,0.4189999997615814,0.42800000309944153,0.41499999165534973,0.42100000381469727,38111833
2025-02-20,0.42100000381469727,0.42800000309944153,0.41100001335144043,0.4129999876022339,6910552
2025-02-23,0.4129999876022339,0.4230000078678131,0.41100001335144043,0.42100000381469727,9170246
2025-02-24,0.42100000381469727,0.421999990940094,0.4169999957084656,0.4180000126361847,8232833
2025-02-25,0.4180000126361847,0.4180000126361847,0.4000000059604645,0.4050000011920929,14761488
2025-02-26,0.4050000011920929,0.40799999237060547,0.39800000190734863,0.39899998903274536,5103388
2025-02-27,0.39899998903274536,0.40299999713897705,0.39500001072883606,0.3959999978542328,5220582
2025-03-02,0.3959999978542328,0.39800000190734863,0.38999998569488525,0.39399999380111694,2972487
2025-03-03,0.39399999380111694,0.4000000059604645,0.3930000066757202,0.3959999978542328,4056537
2025-03-05,0.4000000059604645,0.40400001406669617,0.39800000190734863,0.39800000190734863,2407090
2025-03-06,0.39800000190734863,0.4000000059604645,0.38999998569488525,0.3930000066757202,5687316
2025-03-09,0.3930000066757202,0.3959999978542328,0.3779999911785126,0.3790000081062317,9572609
2025-03-10,0.3790000081062317,0.3799999952316284,0.367000013589859,0.36800000071525574,9394216
2025-03-11,0.36800000071525574,0.3709999918937683,0.3659999966621399,0.3700000047683716,4309529
2025-03-12,0.3700000047683716,0.375,0.3700000047683716,0.3720000088214874,6083609
2025-03-16,0.38199999928474426,0.3889999985694885,0.37599998712539673,0.37700000405311584,2246530
2025-03-17,0.37700000405311584,0.37700000405311584,0.36500000953674316,0.36800000071525574,6279246
2025-03-18,0.36800000071525574,0.3700000047683716,0.35499998927116394,0.35899999737739563,7481205
2025-03-19,0.35899999737739563,0.36500000953674316,0.35199999809265137,0.3540000021457672,8532852
2025-03-20,0.3540000021457672,0.3569999933242798,0.3449999988079071,0.3499999940395355,19509493
2025-03-23,0.3499999940395355,0.35899999737739563,0.3479999899864197,0.3499999940395355,6530198
2025-03-24,0.3499999940395355,0.3779999911785126,0.33899998664855957,0.34299999475479126,23097704
2025-03-25,0.34299999475479126,0.35199999809265137,0.3409999907016754,0.3449999988079071,6162985
2025-03-26,0.3449999988079071,0.3499999940395355,0.34299999475479126,0.3449999988079071,5136155
2025-03-27,0.3449999988079071,0.3490000069141388,0.34299999475479126,0.3449999988079071,4843376
2025-04-03,0.3449999988079071,0.3779999911785126,0.34299999475479126,0.36000001430511475,23288137
2025-04-07,0.3490000069141388,0.35100001096725464,0.3409999907016754,0.3449999988079071,5539203
2025-04-09,0.3529999852180481,0.3790000081062317,0.34599998593330383,0.34700000286102295,32759615
2025-04-14,0.3619999885559082,0.38499999046325684,0.36000001430511475,0.382999986410141,35813887
2025-04-15,0.382999986410141,0.3930000066757202,0.37599998712539673,0.37700000405311584,27917084
2025-04-16,0.37700000405311584,0.382999986410141,0.37400001287460327,0.38100001215934753,15423923
2025-04-17,0.38100001215934753,0.4050000011920929,0.3799999952316284,0.3959999978542328,82915982
2025-04-22,0.3959999978542328,0.421999990940094,0.3959999978542328,0.41200000047683716,84670781
2025-04-23,0.41200000047683716,0.41600000858306885,0.4020000100135803,0.4050000011920929,11741730
2025-04-27,0.4050000011920929,0.414000004529953,0.40299999713897705,0.40799999237060547,13911350
2025-04-28,0.40799999237060547,0.4269999861717224,0.4050000011920929,0.4050000011920929,22838869
2025-04-29,0.4050000011920929,0.4090000092983246,0.3970000147819519,0.4000000059604645,6965777
2025-04-30,0.4000000059604645,0.4059999883174896,0.3930000066757202,0.3959999978542328,12238531
2025-05-05,0.4000000059604645,0.40700000524520874,0.4000000059604645,0.4020000100135803,8773426
2025-05-06,0.4020000100135803,0.4059999883174896,0.39800000190734863,0.39899998903274536,8448078
2025-05-07,0.39899998903274536,0.41200000047683716,0.39500001072883606,0.3970000147819519,15366305
2025-05-08,0.3970000147819519,0.4009999930858612,0.39500001072883606,0.3959999978542328,9378482
2025-05-12,0.4059999883174896,0.43799999356269836,0.4059999883174896,0.42800000309944153,73043502
2025-05-13,0.42800000309944153,0.44200000166893005,0.41200000047683716,0.41499999165534973,39406984
2025-05-14,0.41499999165534973,0.42399999499320984,0.40799999237060547,0.4090000092983246,22273653
2025-05-15,0.4090000092983246,0.41200000047683716,0.4050000011920929,0.4059999883174896,8928018
2025-05-18,0.4059999883174896,0.41499999165534973,0.3779999911785126,0.3799999952316284,20025313
2025-05-19,0.3799999952316284,0.4099999964237213,0.3799999952316284,0.39899998903274536,16314032
2025-05-21,0.4410000145435333,0.453000009059906,0.4309999942779541,0.4399999976158142,53501986
2025-05-22,0.4399999976158142,0.44999998807907104,0.4300000071525574,0.44600000977516174,28599127
2025-05-25,0.44600000977516174,0.46000000834465027,0.4390000104904175,0.4410000145435333,20743790
2025-05-26,0.4410000145435333,0.4429999887943268,0.4269999861717224,0.4300000071525574,8198680
2025-05-27,0.4300000071525574,0.4490000009536743,0.41999998688697815,0.43700000643730164,10937403
2025-05-29,0.46799999475479126,0.4909999966621399,0.46299999952316284,0.47699999809265137,34691711
2025-06-01,0.47699999809265137,0.503000020980835,0.47600001096725464,0.48399999737739563,25560025
2025-06-02,0.48399999737739563,0.49000000953674316,0.460999995470047,0.4729999899864197,15239664
2025-06-03,0.4729999899864197,0.49799999594688416,0.47099998593330383,0.4869999885559082,13603287
2025-06-04,0.4869999885559082,0.5199999809265137,0.48500001430511475,0.5059999823570251,51707087
2025-06-11,0.5220000147819519,0.546999990940094,0.5220000147819519,0.5419999957084656,24459488
2025-06-12,0.5419999957084656,0.5419999957084656,0.5149999856948853,0.5289999842643738,33556311
2025-06-16,0.5009999871253967,0.5139999985694885,0.49000000953674316,0.49399998784065247,7231532
2025-06-17,0.49399998784065247,0.5040000081062317,0.4699999988079071,0.4699999988079071,14446375
2025-06-18,0.4699999988079071,0.5,0.4650000035762787,0.4880000054836273,8754811
2025-06-19,0.4880000054836273,0.4950000047683716,0.4519999921321869,0.46000000834465027,15771968
2025-06-22,0.46000000834465027,0.4740000069141388,0.44200000166893005,0.46799999475479126,12645291
2025-06-25,0.4869999885559082,0.4959999918937683,0.48100000619888306,0.49300000071525574,12786309
2025-06-29,0.49300000071525574,0.5040000081062317,0.4880000054836273,0.49300000071525574,21794473
2025-06-30,0.49300000071525574,0.5099999904632568,0.48500001430511475,0.49000000953674316,23300725
2025-07-01,0.49000000953674316,0.49799999594688416,0.4690000116825104,0.4729999899864197,27158568
2025-07-02,0.4729999899864197,0.4819999933242798,0.47099998593330383,0.47600001096725464,6188108
2025-07-07,0.47699999809265137,0.492000013589859,0.4749999940395355,0.4779999852180481,14703509
2025-07-09,0.4779999852180481,0.4830000102519989,0.4749999940395355,0.47600001096725464,3013272
2025-07-10,0.47600001096725464,0.47999998927116394,0.47200000286102295,0.4740000069141388,6019685
2025-07-13,0.4740000069141388,0.47600001096725464,0.46399998664855957,0.4650000035762787,12313354
2025-07-14,0.4650000035762787,0.46799999475479126,0.45500001311302185,0.4569999873638153,6888083
2025-07-15,0.4569999873638153,0.49000000953674316,0.4569999873638153,0.4699999988079071,19276376
2025-07-16,0.4699999988079071,0.4749999940395355,0.46000000834465027,0.46299999952316284,4305407
2025-07-17,0.46299999952316284,0.46799999475479126,0.460999995470047,0.460999995470047,2120432
2025-07-20,0.460999995470047,0.46799999475479126,0.4580000042915344,0.4620000123977661,15423859
2025-07-21,0.4620000123977661,0.4659999907016754,0.46000000834465027,0.46000000834465027,14148105
2025-07-22,0.46000000834465027,0.46299999952316284,0.4560000002384186,0.4560000002384186,5203332
2025-07-23,0.4560000002384186,0.4560000002384186,0.4560000002384186,0.4560000002384186,0
2025-07-27,0.44999998807907104,0.45500001311302185,0.4309999942779541,0.4410000145435333,13176311
2025-07-28,0.4410000145435333,0.45100000500679016,0.4399999976158142,0.4399999976158142,6924291
2025-07-29,0.4399999976158142,0.4749999940395355,0.43799999356269836,0.47200000286102295,40579198
2025-07-30,0.47200000286102295,0.47999998927116394,0.44999998807907104,0.4659999907016754,25110585
2025-07-31,0.4659999907016754,0.4729999899864197,0.4480000138282776,0.44999998807907104,21074521
2025-08-03,0.44999998807907104,0.44999998807907104,0.44999998807907104,0.44999998807907104,0
2025-08-04,0.44999998807907104,0.44999998807907104,0.44999998807907104,0.44999998807907104,0
2025-08-05,0.44999998807907104,0.44999998807907104,0.44999998807907104,0.44999998807907104,0
2025-08-06,0.44999998807907104,0.44999998807907104,0.44999998807907104,0.44999998807907104,0
2025-08-07,0.44999998807907104,0.44999998807907104,0.44999998807907104,0.44999998807907104,0
2025-08-10,0.4410000145435333,0.44699999690055847,0.4350000023841858,0.4429999887943268,11056396
2025-08-11,0.4429999887943268,0.45500001311302185,0.4350000023841858,0.4350000023841858,9407312
2025-08-12,0.4350000023841858,0.4399999976158142,0.4309999942779541,0.43700000643730164,8293345
2025-08-13,0.43700000643730164,0.4410000145435333,0.4339999854564667,0.4359999895095825,3072804
2025-08-14,0.4359999895095825,0.4399999976158142,0.43299999833106995,0.43299999833106995,3448128
2025-08-17,0.43299999833106995,0.43799999356269836,0.4320000112056732,0.4339999854564667,6289584
2025-08-18,0.4339999854564667,0.43799999356269836,0.4259999990463257,0.4269999861717224,8080184
2025-08-19,0.4269999861717224,0.4339999854564667,0.42500001192092896,0.43299999833106995,12528042
2025-08-21,0.45899999141693115,0.46399998664855957,0.45100000500679016,0.45899999141693115,12352079
2025-08-24,0.45899999141693115,0.4650000035762787,0.4519999921321869,0.453000009059906,16441637
2025-08-25,0.453000009059906,0.4580000042915344,0.4390000104904175,0.4399999976158142,16510104
2025-08-26,0.4399999976158142,0.4449999928474426,0.4350000023841858,0.43700000643730164,14718565
2025-08-27,0.43700000643730164,0.4480000138282776,0.4359999895095825,0.4440000057220459,21790804
2025-09-01,0.49000000953674316,0.4959999918937683,0.47600001096725464,0.48899999260902405,23504754
2025-09-02,0.48899999260902405,0.5130000114440918,0.48500001430511475,0.5049999952316284,58486423
2025-09-07,0.5400000214576721,0.5699999928474426,0.5350000262260437,0.5699999928474426,55597166
2025-09-08,0.5699999928474426,0.5839999914169312,0.5550000071525574,0.5720000267028809,54725665
2025-09-09,0.5720000267028809,0.574999988079071,0.5519999861717224,0.5649999976158142,28906503
2025-09-10,0.5649999976158142,0.5699999928474426,0.5569999814033508,0.5600000023841858,23988809
2025-09-11,0.5600000023841858,0.5649999976158142,0.5490000247955322,0.550000011920929,22676313
2025-09-14,0.550000011920929,0.5590000152587891,0.5389999747276306,0.5400000214576721,14179872
2025-09-15,0.5400000214576721,0.5450000166893005,0.4399999976158142,0.5210000276565552,30322623
2025-09-16,0.5210000276565552,0.5239999890327454,0.4950000047683716,0.5049999952316284,19660420
2025-09-17,0.5049999952316284,0.5299999713897705,0.49799999594688416,0.5199999809265137,36842854
2025-09-18,0.5199999809265137,0.6200000047683716,0.5,0.503000020980835,20160945
2025-09-21,0.503000020980835,0.5099999904632568,0.48399999737739563,0.4950000047683716,28066029
2025-09-22,0.4950000047683716,0.49900001287460327,0.4779999852180481,0.492000013589859,16983746
2025-09-23,0.492000013589859,0.5049999952316284,0.4869999885559082,0.4909999966621399,11409251
2025-09-24,0.4909999966621399,0.5080000162124634,0.49000000953674316,0.5019999742507935,6772945
2025-09-25,0.5019999742507935,0.5170000195503235,0.5009999871253967,0.5090000033378601,24474948
2025-09-28,0.5090000033378601,0.5180000066757202,0.503000020980835,0.5180000066757202,8283335
2025-09-29,0.5180000066757202,0.5350000262260437,0.5149999856948853,0.5189999938011169,21569391
2025-09-30,0.5189999938011169,0.5450000166893005,0.5189999938011169,0.5400000214576721,99267851
2025-10-01,0.5400000214576721,0.5559999942779541,0.5350000262260437,0.5490000247955322,77259002
2025-10-02,0.5490000247955322,0.5490000247955322,0.5329999923706055,0.5440000295639038,33888306
2025-10-05,0.5440000295639038,0.546999990940094,0.5350000262260437,0.5440000295639038,26317942
2025-10-06,0.5440000295639038,0.5509999990463257,0.5370000004768372,0.5450000166893005,20744130
2025-10-07,0.5450000166893005,0.5450000166893005,0.5149999856948853,0.5320000052452087,23650006
2025-10-08,0.5320000052452087,0.5339999794960022,0.5189999938011169,0.5299999713897705,20600308
2025-10-12,0.5299999713897705,0.5490000247955322,0.5220000147819519,0.5220000147819519,97639088
2025-10-15,0.5799999833106995,0.593999981880188,0.5720000267028809,0.593999981880188,88740714
2025-10-16,0.593999981880188,0.6039999723434448,0.5770000219345093,0.5799999833106995,101429120
2025-10-19,0.5799999833106995,0.5860000252723694,0.5659999847412109,0.5799999833106995,152194099
2025-10-20,0.5799999833106995,0.5879999995231628,0.5730000138282776,0.578000009059906,23300671
2025-10-21,0.578000009059906,0.6069999933242798,0.5770000219345093,0.593999981880188,132027749
2025-10-22,0.593999981880188,0.5989999771118164,0.5879999995231628,0.5889999866485596,38283730
2025-10-23,0.5889999866485596,0.6150000095367432,0.5889999866485596,0.6050000190734863,70846571
2025-10-27,0.625,0.6399999856948853,0.609000027179718,0.6150000095367432,52407352
2025-10-28,0.6150000095367432,0.6179999709129333,0.6060000061988831,0.6100000143051147,23902432
2025-10-29,0.6100000143051147,0.621999979019165,0.6039999723434448,0.6200000047683716,26350470
2025-10-30,0.6200000047683716,0.6370000243186951,0.6010000109672546,0.6359999775886536,99472261
2025-11-02,0.6359999775886536,0.6399999856948853,0.621999979019165,0.6370000243186951,32916704
2025-11-03,0.6370000243186951,0.6899999976158142,0.6269999742507935,0.6790000200271606,111077405
2025-11-04,0.6790000200271606,0.6800000071525574,0.6610000133514404,0.6679999828338623,36454560
2025-11-05,0.6679999828338623,0.6850000023841858,0.6660000085830688,0.6800000071525574,33791801
2025-11-06,0.6800000071525574,0.6919999718666077,0.6710000038146973,0.6779999732971191,42176406
2025-11-09,0.6779999732971191,0.7099999785423279,0.6779999732971191,0.6980000138282776,45128268
2025-11-10,0.6980000138282776,0.7009999752044678,0.6880000233650208,0.6970000267028809,31770763
2025-11-11,0.6970000267028809,0.703000009059906,0.6850000023841858,0.6859999895095825,28170351
2025-11-12,0.6859999895095825,0.6890000104904175,0.6809999942779541,0.6840000152587891,12199661
2025-11-13,0.6840000152587891,0.699999988079071,0.6809999942779541,0.6949999928474426,20487123
2025-11-16,0.6949999928474426,0.765999972820282,0.6899999976158142,0.765999972820282,83546196
2025-11-18,0.7429999709129333,0.7590000033378601,0.7289999723434448,0.7400000095367432,16804149
2025-11-19,0.7400000095367432,0.7590000033378601,0.7319999933242798,0.7490000128746033,74197052
2025-11-20,0.7490000128746033,0.7590000033378601,0.734000027179718,0.7409999966621399,22358546
2025-11-23,0.7409999966621399,0.7490000128746033,0.7379999756813049,0.7440000176429749,26258278
2025-11-25,0.7540000081062317,0.7620000243186951,0.7369999885559082,0.7390000224113464,44606204
2025-11-26,0.7390000224113464,0.75,0.7260000109672546,0.7350000143051147,19658793
2025-11-27,0.7350000143051147,0.7649999856948853,0.7300000190734863,0.7400000095367432,34190966
2025-11-30,0.7400000095367432,0.7450000047683716,0.7289999723434448,0.7400000095367432,30371154
2025-12-02,0.7960000038146973,0.8270000219345093,0.7860000133514404,0.824999988079071,91390758
2025-12-03,0.824999988079071,0.8479999899864197,0.8059999942779541,0.8289999961853027,40455331
2025-12-04,0.8289999961853027,0.875,0.8100000023841858,0.8709999918937683,45719942
2025-12-09,0.8299999833106995,0.8569999933242798,0.824999988079071,0.8550000190734863,25136695
2025-12-10,0.8550000190734863,0.8759999871253967,0.8460000157356262,0.8640000224113464,36563661
2025-12-11,0.8640000224113464,0.8799999952316284,0.8569999933242798,0.8799999952316284,43550349
2025-12-14,0.8799999952316284,0.9100000262260437,0.875,0.906000018119812,99974454
2025-12-15,0.906000018119812,0.9190000295639038,0.8930000066757202,0.9169999957084656,84821984
2025-12-16,0.9169999957084656,0.9259999990463257,0.8980000019073486,0.9020000100135803,30850329
2025-12-17,0.9020000100135803,0.9089999794960022,0.8859999775886536,0.8899999856948853,30848773
2025-12-21,0.8970000147819519,0.9890000224113464,0.8930000066757202,0.9890000224113464,32515221
2025-12-24,0.843999981880188,0.843999981880188,0.8019999861717224,0.8330000042915344,31808052
2025-12-25,0.8330000042915344,0.847000002861023,0.8199999928474426,0.8320000171661377,40457906
2025-12-28,0.8320000171661377,0.8500000238418579,0.8309999704360962,0.8399999737739563,21258694
2025-12-29,0.8399999737739563,0.8629999756813049,0.8330000042915344,0.847000002861023,10489620
2025-12-30,0.847000002861023,0.8569999933242798,0.8360000252723694,0.8500000238418579,21071700
2025-12-31,0.8500000238418579,0.8539999723434448,0.8309999704360962,0.8519999980926514,6626280
2026-01-05,0.8379999995231628,0.8519999980926514,0.824999988079071,0.8500000238418579,7650602
2026-01-06,0.8500000238418579,0.8629999756813049,0.8370000123977661,0.8619999885559082,13655523
2026-01-08,0.8619999885559082,0.8690000176429749,0.8550000190734863,0.8659999966621399,6104044
2026-01-11,0.8659999966621399,0.8769999742507935,0.8550000190734863,0.8690000176429749,5445149
2026-01-12,0.8690000176429749,0.8859999775886536,0.8610000014305115,0.8730000257492065,17511619
2026-01-13,0.8730000257492065,0.8790000081062317,0.8339999914169312,0.8370000123977661,5406273
2026-01-14,0.8370000123977661,0.8880000114440918,0.8339999914169312,0.8510000109672546,6468231
2026-01-15,0.8510000109672546,0.8690000176429749,0.8009999990463257,0.8309999704360962,18813289
2026-01-19,0.8500000238418579,0.8769999742507935,0.8429999947547913,0.8690000176429749,8556940
2026-01-20,0.8690000176429749,0.9190000295639038,0.8690000176429749,0.9079999923706055,41708754
2026-01-21,0.9079999923706055,0.9290000200271606,0.8949999809265137,0.9279999732971191,15200998
2026-01-22,0.9279999732971191,0.9449999928474426,0.9179999828338623,0.9190000295639038,16697001
2026-01-25,0.9190000295639038,0.9380000233650208,0.9100000262260437,0.9350000023841858,12586762
2026-01-26,0.9350000023841858,0.9700000286102295,0.921999990940094,0.9440000057220459,21313618
2026-01-27,0.9440000057220459,0.9649999737739563,0.9240000247955322,0.949999988079071,24054974
2026-01-28,0.949999988079071,0.9819999933242798,0.9300000071525574,0.9750000238418579,13527618
2026-02-01,0.9750000238418579,0.9800000190734863,0.949999988079071,0.9610000252723694,1334992
2026-02-02,0.9610000252723694,0.9789999723434448,0.953000009059906,0.9639999866485596,11040922
2026-02-03,0.9639999866485596,0.9710000157356262,0.949999988079071,0.9700000286102295,42124200
2026-02-04,0.9700000286102295,0.9789999723434448,0.9409999847412109,0.953000009059906,12926143
2026-02-05,0.953000009059906,0.9679999947547913,0.9269999861717224,0.9350000023841858,33122954
2026-02-08,0.9350000023841858,0.9549999833106995,0.9330000281333923,0.9390000104904175,21326245
2026-02-09,0.9390000104904175,0.9459999799728394,0.875,0.875,37573470
2026-02-11,0.8980000019073486,0.9279999732971191,0.8730000257492065,0.8870000243186951,20854921
2026-02-12,0.8870000243186951,0.8980000019073486,0.871999979019165,0.8949999809265137,13789316
2026-02-15,0.8949999809265137,0.9150000214576721,0.8610000014305115,0.8889999985694885,10759539
2026-02-16,0.8889999985694885,0.8960000276565552,0.875,0.8889999985694885,8519011
2026-02-17,0.8889999985694885,0.8920000195503235,0.8759999871253967,0.890999972820282,4265974
2026-02-18,0.890999972820282,0.8949999809265137,0.8820000290870667,0.8830000162124634,6540247
2026-02-19,0.8830000162124634,0.8949999809265137,0.8709999918937683,0.8899999856948853,46539729
2026-02-22,0.8899999856948853,0.890999972820282,0.8700000047683716,0.8700000047683716,23911855
2026-02-23,0.8700000047683716,0.8899999856948853,0.8700000047683716,0.8809999823570251,10765946
2026-02-24,0.8809999823570251,0.8899999856948853,0.8700000047683716,0.8709999918937683,14997254
2026-02-25,0.8709999918937683,0.8820000290870667,0.8500000238418579,0.8629999756813049,22466829
2026-02-26,0.8629999756813049,0.8759999871253967,0.8539999723434448,0.8610000014305115,57024825
2026-03-02,0.8339999914169312,0.8650000095367432,0.8299999833106995,0.8410000205039978,22291364
2026-03-04,0.8270000219345093,0.8600000143051147,0.824999988079071,0.859000027179718,9281814
2026-03-05,0.859000027179718,0.8870000243186951,0.8479999899864197,0.8740000128746033,14566145
2026-03-08,0.8740000128746033,0.8740000128746033,0.8550000190734863,0.8669999837875366,6156641
2026-03-09,0.8669999837875366,0.8870000243186951,0.8560000061988831,0.8840000033378601,14597752
2026-03-10,0.8840000033378601,0.9139999747276306,0.878000020980835,0.9070000052452087,20332689
2026-03-11,0.9070000052452087,0.9100000262260437,0.8870000243186951,0.9020000100135803,21959893
2026-03-16,0.8640000224113464,0.8769999742507935,0.8410000205039978,0.8610000014305115,4013587
2026-03-17,0.8610000014305115,0.8650000095367432,0.8450000286102295,0.8500000238418579,2257365
2026-03-18,0.8500000238418579,0.8690000176429749,0.8399999737739563,0.8669999837875366,13157849
2026-03-19,0.8669999837875366,0.8669999837875366,0.8669999837875366,0.8669999837875366,0
2026-03-24,0.8669999837875366,0.8679999709129333,0.8410000205039978,0.8529999852180481,5634103
2026-03-25,0.8529999852180481,0.8569999933242798,0.8399999737739563,0.8399999737739563,4144452
2026-03-26,0.8399999737739563,0.8500000238418579,0.8349999785423279,0.8410000205039978,9286995
2026-03-29,0.8410000205039978,0.8600000143051147,0.8309999704360962,0.8510000109672546,11654786
2026-03-31,0.8320000171661377,0.8450000286102295,0.828000009059906,0.8299999833106995,5825806
2026-04-01,0.8299999833106995,0.8399999737739563,0.8270000219345093,0.8339999914169312,4182360
2026-04-02,0.8339999914169312,0.8450000286102295,0.8299999833106995,0.843999981880188,4358831
2026-04-05,0.843999981880188,0.843999981880188,0.8309999704360962,0.8320000171661377,8265179
2026-04-06,0.8320000171661377,0.8399999737739563,0.8199999928474426,0.8230000138282776,2714323
2026-04-07,0.8230000138282776,0.8299999833106995,0.8019999861717224,0.8159999847412109,5073944
2026-04-09,0.8270000219345093,0.8349999785423279,0.8169999718666077,0.8190000057220459,1613482
2026-04-14,0.8190000057220459,0.8429999947547913,0.8169999718666077,0.8230000138282776,3244479
2026-04-15,0.8230000138282776,0.8370000123977661,0.8220000267028809,0.8339999914169312,2218774
2026-04-16,0.8339999914169312,0.8379999995231628,0.8270000219345093,0.8289999961853027,2972292
2026-04-19,0.8289999961853027,0.8349999785423279,0.8199999928474426,0.8209999799728394,4158984
2026-04-20,0.8209999799728394,0.8289999961853027,0.8159999847412109,0.8190000057220459,1386101
2026-04-21,0.8190000057220459,0.8349999785423279,0.8180000185966492,0.8349999785423279,9977411
2026-04-22,0.8349999785423279,0.8539999723434448,0.8299999833106995,0.8349999785423279,12577662
2026-04-23,0.8349999785423279,0.8389999866485596,0.8299999833106995,0.8320000171661377,4177865
2026-04-26,0.8320000171661377,0.8349999785423279,0.8209999799728394,0.8299999833106995,5363785
2026-04-27,0.8299999833106995,0.8309999704360962,0.8169999718666077,0.8169999718666077,5712665
2026-04-28,0.8169999718666077,0.824999988079071,0.8119999766349792,0.8149999976158142,6095834
2026-04-29,0.8149999976158142,0.8199999928474426,0.7900000214576721,0.8069999814033508,13872434
2026-04-30,0.8069999814033508,0.824999988079071,0.7919999957084656,0.8199999928474426,10948479
2026-05-03,0.8199999928474426,0.8220000267028809,0.8100000023841858,0.8109999895095825,3919324
2026-05-04,0.8109999895095825,0.8389999866485596,0.8100000023841858,0.8389999866485596,16435680
2026-05-06,0.8259999752044678,0.8420000076293945,0.8240000009536743,0.8360000252723694,21745474
2026-05-10,0.8360000252723694,0.8410000205039978,0.8190000057220459,0.8190000057220459,32689307
2026-05-12,0.8299999833106995,0.8349999785423279,0.8199999928474426,0.8199999928474426,23957821
2026-05-13,0.8199999928474426,0.8259999752044678,0.8040000200271606,0.8040000200271606,17388083
2026-05-17,0.8069999814033508,0.8119999766349792,0.765999972820282,0.7670000195503235,48718330
2026-05-18,0.7670000195503235,0.7739999890327454,0.7440000176429749,0.7450000047683716,17075907
2026-05-19,0.7450000047683716,0.7570000290870667,0.7390000224113464,0.7400000095367432,9035423
2026-05-20,0.7400000095367432,0.7459999918937683,0.7059999704360962,0.7070000171661377,20949198
2026-05-21,0.7070000171661377,0.7099999785423279,0.675000011920929,0.7080000042915344,17873856
2026-05-24,0.7080000042915344,0.7229999899864197,0.703000009059906,0.7179999947547913,8041017
2026-05-25,0.7179999947547913,0.7269999980926514,0.7170000076293945,0.7179999947547913,9547870
2026-05-26,0.7179999947547913,0.7179999947547913,0.7179999947547913,0.7179999947547913,0
2026-05-27,0.7179999947547913,0.7179999947547913,0.7179999947547913,0.7179999947547913,0
2026-05-28,0.7179999947547913,0.7179999947547913,0.7179999947547913,0.7179999947547913,0
2026-06-01,0.7179999947547913,0.7239999771118164,0.7110000252723694,0.7179999947547913,8553142
2026-06-02,0.7179999947547913,0.7239999771118164,0.7120000123977661,0.7139999866485596,7752408
2026-06-03,0.7139999866485596,0.7179999947547913,0.6899999976158142,0.6940000057220459,27360063
2026-06-04,0.6940000057220459,0.7049999833106995,0.6919999718666077,0.699999988079071,11991761
2026-06-07,0.699999988079071,0.7039999961853027,0.6919999718666077,0.6980000138282776,5871705
2026-06-08,0.6980000138282776,0.6990000009536743,0.6859999895095825,0.6859999895095825,8851477
2026-06-10,0.6940000057220459,0.7020000219345093,0.6800000071525574,0.6830000281333923,16619106
2026-06-11,0.6830000281333923,0.6830000281333923,0.6510000228881836,0.6669999957084656,13487865
2026-06-16,0.7110000252723694,0.7179999947547913,0.7070000171661377,0.7080000042915344,24080456
2026-06-17,0.7080000042915344,0.7080000042915344,0.7080000042915344,0.7080000042915344,0
2026-06-18,0.7080000042915344,0.7080000042915344,0.7080000042915344,0.7080000042915344,0
2026-06-21,0.7009999752044678,0.7099999785423279,0.6990000009536743,0.7020000219345093,13588531
2026-06-22,0.7020000219345093,0.7020000219345093,0.7020000219345093,0.7020000219345093,0
2026-06-23,0.6949999928474426,0.6980000138282776,0.6800000071525574,0.6880000233650208,9065384
2026-06-24,0.6880000233650208,0.6890000104904175,0.6800000071525574,0.6800000071525574,5177078
2026-06-25,0.6800000071525574,0.6840000152587891,0.6710000038146973,0.671999990940094,3624497
2026-06-28,0.671999990940094,0.6779999732971191,0.6510000228881836,0.6520000100135803,6477585
2026-06-29,0.6520000100135803,0.6629999876022339,0.6510000228881836,0.652999997138977,2558218
2026-06-30,0.652999997138977,0.6840000152587891,0.652999997138977,0.6790000200271606,7039209
2026-07-01,0.6790000200271606,0.6899999976158142,0.6790000200271606,0.6830000281333923,6540887
2026-07-05,0.6830000281333923,0.6890000104904175,0.6759999990463257,0.6809999942779541,3777527
2026-07-06,0.6809999942779541,0.7170000076293945,0.6809999942779541,0.7099999785423279,20839255
2026-07-07,0.7099999785423279,0.718999981880188,0.703000009059906,0.703000009059906,18635383
2026-07-08,0.703000009059906,0.7070000171661377,0.6899999976158142,0.6909999847412109,15310218
2026-07-09,0.6909999847412109,0.7020000219345093,0.6809999942779541,0.6990000009536743,12405783
2026-07-12,0.6990000009536743,0.722000002861023,0.6970000267028809,0.7200000286102295,43503336
2026-07-14,0.7310000061988831,0.7319999933242798,0.718999981880188,0.7289999723434448,26724308
2026-07-15,0.7289999723434448,0.7369999885559082,0.7279999852180481,0.7329999804496765,28743481
2026-07-16,0.7329999804496765,0.7369999885559082,0.7269999980926514,0.7289999723434448,13316735
2026-07-19,0.7289999723434448,0.7300000190734863,0.7099999785423279,0.7170000076293945,26414215
2026-07-20,0.7170000076293945,0.7279999852180481,0.7110000252723694,0.7200000286102295,16433135
2026-07-21,0.7200000286102295,0.7289999723434448,0.7129999995231628,0.7229999899864197,18684524
2026-07-22,0.7229999899864197,0.7599999904632568,0.7170000076293945,0.718999981880188,155840718
2026-07-26,0.718999981880188,0.7269999980926514,0.7080000042915344,0.7099999785423279,46615983
2026-07-27,0.7099999785423279,0.7210000157356262,0.7049999833106995,0.7129999995231628,39511698
2026-07-28,0.7129999995231628,0.7170000076293945,0.6930000185966492,0.6959999799728394,47519985
2026-07-29,0.6959999799728394,0.7139999866485596,0.6959999799728394,0.6980000138282776,51903234
2026-07-30,0.6980000138282776,0.699999988079071,0.6759999990463257,0.6779999732971191,54367201
2026-08-02,0.6779999732971191,0.6859999895095825,0.6499999761581421,0.6790000200271606,55653476
2026-08-03,0.6790000200271606,0.6840000152587891,0.6729999780654907,0.6769999861717224,27554417
2026-08-04,0.6769999861717224,0.6800000071525574,0.6639999747276306,0.6729999780654907,40240772
2026-08-05,0.6729999780654907,0.6790000200271606,0.6700000166893005,0.6710000038146973,29815013
2026-08-09,0.6729999780654907,0.6729999780654907,0.6729999780654907,0.6729999780654907,0
2026-08-10,0.6729999780654907,0.6729999780654907,0.6729999780654907,0.6729999780654907,0
2026-08-11,0.6840000152587891,0.6890000104904175,0.6809999942779541,0.6890000104904175,34657844
2026-08-12,0.6890000104904175,0.7059999704360962,0.6779999732971191,0.6840000152587891,146957252
2026-08-13,0.6840000152587891,0.6899999976158142,0.6809999942779541,0.6830000281333923,36597115
2026-08-16,0.6830000281333923,0.6830000281333923,0.6830000281333923,0.6830000281333923,0
2026-08-17,0.6940000057220459,0.703000009059906,0.6859999895095825,0.6919999718666077,44821906
2026-08-18,0.6919999718666077,0.7440000176429749,0.6919999718666077,0.7329999804496765,280713274
2026-08-20,0.7620000243186951,0.8349999785423279,0.7419999837875366,0.8320000171661377,407469994
2026-08-23,0.8320000171661377,0.8479999899864197,0.7829999923706055,0.8050000071525574,306773180
2026-08-24,0.8050000071525574,0.8299999833106995,0.7919999957084656,0.7960000038146973,155389545
2026-08-25,0.7960000038146973,0.8159999847412109,0.7699999809265137,0.7760000228881836,105406148
2026-08-27,0.7829999923706055,0.7829999923706055,0.7829999923706055,0.7829999923706055,0
2026-08-31,0.8100000023841858,0.8529999852180481,0.8100000023841858,0.8370000123977661,207039332
2026-09-01,0.8370000123977661,0.8730000257492065,0.8370000123977661,0.8650000095367432,130049261
2026-09-02,0.8650000095367432,0.8769999742507935,0.8209999799728394,0.8209999799728394,85920914
2026-09-03,0.8209999799728394,0.8349999785423279,0.8109999895095825,0.8320000171661377,64367944
2026-09-06,0.8320000171661377,0.8640000224113464,0.8320000171661377,0.8510000109672546,94995513
2026-09-07,0.8510000109672546,0.8569999933242798,0.8149999976158142,0.8199999928474426,90109947
2026-09-08,0.8199999928474426,0.847000002861023,0.8119999766349792,0.8130000233650208,85325189
2026-09-09,0.8130000233650208,0.8349999785423279,0.7940000295639038,0.8040000200271606,73012014
2026-09-10,0.8040000200271606,0.8090000152587891,0.781000018119812,0.7929999828338623,39563599
2026-09-13,0.7929999828338623,0.824999988079071,0.7699999809265137,0.7919999957084656,34319374
2026-09-15,0.8149999976158142,0.8299999833106995,0.800000011920929,0.8019999861717224,70457965
2026-09-16,0.8019999861717224,0.8090000152587891,0.7829999923706055,0.7889999747276306,41212435
2026-09-17,0.7889999747276306,0.7979999780654907,0.7839999794960022,0.7900000214576721,29082255
2026-09-20,0.7900000214576721,0.8040000200271606,0.7829999923706055,0.7829999923706055,19128356
2026-09-21,0.7829999923706055,0.7929999828338623,0.7039999961853027,0.7360000014305115,61378782
2026-09-22,0.7360000014305115,0.7480000257492065,0.699999988079071,0.7149999737739563,27276524
2026-09-23,0.7149999737739563,0.7200000286102295,0.7049999833106995,0.7099999785423279,21474801
2026-09-24,0.7099999785423279,0.7300000190734863,0.6859999895095825,0.6980000138282776,30426035
2026-09-27,0.6980000138282776,0.7099999785423279,0.6610000133514404,0.6629999876022339,22222376
2026-09-28,0.6629999876022339,0.6779999732971191,0.6150000095367432,0.6320000290870667,25977278
2026-09-29,0.6320000290870667,0.6549999713897705,0.5879999995231628,0.6299999952316284,18369992
2026-09-30,0.6299999952316284,0.6430000066757202,0.6179999709129333,0.6399999856948853,14792250
