date,open,high,low,close,volume
2021-10-04,0.24300000071525574,0.24699999392032623,0.24199999868869781,0.24300000071525574,12850482
2021-10-05,0.24300000071525574,0.2460000067949295,0.23899999260902405,0.23999999463558197,13980512
2021-10-10,0.24199999868869781,0.24699999392032623,0.23999999463558197,0.24199999868869781,6389785
2021-10-12,0.24899999797344208,0.25200000405311584,0.24899999797344208,0.24899999797344208,18344261
2021-10-13,0.24899999797344208,0.25099998712539673,0.24400000274181366,0.24500000476837158,21007524
2021-10-14,0.24500000476837158,0.24699999392032623,0.23999999463558197,0.2409999966621399,27355978
2021-10-17,0.2409999966621399,0.24699999392032623,0.23999999463558197,0.2409999966621399,46261058
2021-10-18,0.2409999966621399,0.2409999966621399,0.2409999966621399,0.2409999966621399,0
2021-10-19,0.24300000071525574,0.24500000476837158,0.23600000143051147,0.23899999260902405,27165372
2021-10-20,0.23899999260902405,0.24199999868869781,0.2290000021457672,0.23499999940395355,26506638
2021-10-24,0.23499999940395355,0.23800000548362732,0.2329999953508377,0.23499999940395355,14682474
2021-10-25,0.23499999940395355,0.23800000548362732,0.21899999678134918,0.2199999988079071,46011412
2021-10-27,0.22300000488758087,0.2240000069141388,0.21400000154972076,0.21899999678134918,39020596
2021-10-28,0.21899999678134918,0.2240000069141388,0.21899999678134918,0.22200000286102295,25347964
2021-10-31,0.22200000286102295,0.2240000069141388,0.2199999988079071,0.22300000488758087,14018318
2021-11-01,0.22300000488758087,0.23199999332427979,0.22300000488758087,0.2290000021457672,35836876
2021-11-02,0.2290000021457672,0.23199999332427979,0.2280000001192093,0.2290000021457672,17066187
2021-11-03,0.2290000021457672,0.23600000143051147,0.22300000488758087,0.2290000021457672,49136548
2021-11-04,0.2290000021457672,0.23100000619888306,0.2240000069141388,0.2280000001192093,16732736
2021-11-07,0.2280000001192093,0.2280000001192093,0.2280000001192093,0.2280000001192093,0
2021-11-08,0.2280000001192093,0.2280000001192093,0.2280000001192093,0.2280000001192093,0
2021-11-09,0.2280000001192093,0.2280000001192093,0.2280000001192093,0.2280000001192093,0
2021-11-10,0.22499999403953552,0.22599999606609344,0.2199999988079071,0.22100000083446503,16294667
2021-11-11,0.22100000083446503,0.2280000001192093,0.22100000083446503,0.22599999606609344,18217205
2021-11-14,0.22599999606609344,0.2280000001192093,0.2240000069141388,0.22599999606609344,9325273
2021-11-15,0.22599999606609344,0.22599999606609344,0.22100000083446503,0.22200000286102295,10836577
2021-11-17,0.21699999272823334,0.22100000083446503,0.2160000056028366,0.21899999678134918,9825629
2021-11-18,0.21899999678134918,0.21899999678134918,0.2160000056028366,0.21699999272823334,9258809
2021-11-21,0.21699999272823334,0.21699999272823334,0.20499999821186066,0.20600000023841858,7694794
2021-11-22,0.20600000023841858,0.20900000631809235,0.20200000703334808,0.2070000022649765,11231531
2021-11-23,0.2070000022649765,0.20999999344348907,0.20600000023841858,0.20900000631809235,12490630
2021-11-24,0.20900000631809235,0.210999995470047,0.20800000429153442,0.20999999344348907,7505653
2021-11-25,0.20999999344348907,0.2150000035762787,0.20900000631809235,0.210999995470047,27922594
2021-11-28,0.210999995470047,0.210999995470047,0.210999995470047,0.210999995470047,0
2021-11-29,0.20800000429153442,0.210999995470047,0.20800000429153442,0.20999999344348907,11724250
2021-11-30,0.20999999344348907,0.21199999749660492,0.20900000631809235,0.210999995470047,15968385
2021-12-01,0.210999995470047,0.210999995470047,0.210999995470047,0.210999995470047,0
2021-12-02,0.21299999952316284,0.21699999272823334,0.21199999749660492,0.2150000035762787,15471198
2021-12-05,0.2150000035762787,0.21799999475479126,0.2150000035762787,0.21699999272823334,12150650
2021-12-06,0.21699999272823334,0.2199999988079071,0.2160000056028366,0.21699999272823334,22062353
2021-12-07,0.21699999272823334,0.2240000069141388,0.2160000056028366,0.21799999475479126,23358545
2021-12-09,0.2150000035762787,0.21699999272823334,0.21400000154972076,0.2150000035762787,6645270
2021-12-12,0.2150000035762787,0.21799999475479126,0.2150000035762787,0.2160000056028366,7298046
2021-12-13,0.2160000056028366,0.21699999272823334,0.21299999952316284,0.21400000154972076,5796891
2021-12-14,0.21400000154972076,0.2150000035762787,0.20999999344348907,0.210999995470047,7250909
2021-12-15,0.210999995470047,0.2160000056028366,0.20999999344348907,0.21400000154972076,7466796
2021-12-16,0.21400000154972076,0.21699999272823334,0.21299999952316284,0.21400000154972076,6380254
2021-12-19,0.21400000154972076,0.2160000056028366,0.20999999344348907,0.210999995470047,7237442
2021-12-20,0.210999995470047,0.210999995470047,0.210999995470047,0.210999995470047,0
2021-12-21,0.20900000631809235,0.21199999749660492,0.20900000631809235,0.20999999344348907,7282714
2021-12-27,0.2199999988079071,0.22499999403953552,0.21699999272823334,0.21799999475479126,17103429
2021-12-28,0.21799999475479126,0.2199999988079071,0.21699999272823334,0.21799999475479126,5074039
2021-12-29,0.21799999475479126,0.22100000083446503,0.21799999475479126,0.2199999988079071,11901004
2021-12-30,0.2199999988079071,0.22200000286102295,0.21899999678134918,0.2199999988079071,11001573
2022-01-03,0.22200000286102295,0.2290000021457672,0.21899999678134918,0.2280000001192093,34113993
2022-01-05,0.23399999737739563,0.23499999940395355,0.23000000417232513,0.23199999332427979,13668697
2022-01-09,0.23199999332427979,0.23199999332427979,0.23199999332427979,0.23199999332427979,0
2022-01-10,0.23000000417232513,0.2329999953508377,0.2280000001192093,0.23100000619888306,15810794
2022-01-11,0.23100000619888306,0.23399999737739563,0.2290000021457672,0.23000000417232513,11411742
2022-01-12,0.23000000417232513,0.23100000619888306,0.22599999606609344,0.2280000001192093,7072523
2022-01-13,0.2280000001192093,0.2290000021457672,0.22599999606609344,0.22699999809265137,5386907
2022-01-16,0.22699999809265137,0.2290000021457672,0.2240000069141388,0.22499999403953552,7658908
2022-01-17,0.22499999403953552,0.22699999809265137,0.2240000069141388,0.22499999403953552,4552228
2022-01-18,0.22499999403953552,0.22699999809265137,0.2240000069141388,0.22599999606609344,5215005
2022-01-19,0.22599999606609344,0.22699999809265137,0.2240000069141388,0.22499999403953552,3689217
2022-01-20,0.22499999403953552,0.22599999606609344,0.22300000488758087,0.22300000488758087,3993817
2022-01-23,0.22300000488758087,0.22300000488758087,0.21899999678134918,0.2199999988079071,7084902
2022-01-24,0.2199999988079071,0.2199999988079071,0.21699999272823334,0.21799999475479126,5029502
2022-01-25,0.21799999475479126,0.2199999988079071,0.21699999272823334,0.21799999475479126,2659417
2022-01-30,0.22100000083446503,0.22499999403953552,0.21799999475479126,0.21899999678134918,3898035
2022-01-31,0.21899999678134918,0.22200000286102295,0.2160000056028366,0.2199999988079071,3641044
2022-02-01,0.2199999988079071,0.2240000069141388,0.2199999988079071,0.22300000488758087,11867257
2022-02-02,0.22300000488758087,0.22499999403953552,0.22200000286102295,0.22200000286102295,5694684
2022-02-03,0.22200000286102295,0.22499999403953552,0.22100000083446503,0.22300000488758087,11141249
2022-02-06,0.22300000488758087,0.2240000069141388,0.22100000083446503,0.22300000488758087,9326896
2022-02-07,0.22300000488758087,0.2280000001192093,0.22300000488758087,0.2240000069141388,16261578
2022-02-08,0.2240000069141388,0.23000000417232513,0.22200000286102295,0.2280000001192093,27054933
2022-02-09,0.2280000001192093,0.2329999953508377,0.2280000001192093,0.2290000021457672,23270074
2022-02-10,0.2290000021457672,0.23100000619888306,0.22599999606609344,0.22699999809265137,19126146
2022-02-14,0.21899999678134918,0.22100000083446503,0.21400000154972076,0.21699999272823334,8387910
2022-02-15,0.21699999272823334,0.2199999988079071,0.2160000056028366,0.21799999475479126,8329759
2022-02-16,0.21799999475479126,0.22200000286102295,0.2150000035762787,0.2160000056028366,15505766
2022-02-17,0.2160000056028366,0.21799999475479126,0.21400000154972076,0.2150000035762787,7481448
2022-02-20,0.2150000035762787,0.2150000035762787,0.2070000022649765,0.20800000429153442,7826179
2022-02-21,0.20800000429153442,0.210999995470047,0.20499999821186066,0.2070000022649765,9609264
2022-02-23,0.20499999821186066,0.20800000429153442,0.20100000500679016,0.20499999821186066,3628419
2022-02-27,0.18799999356269836,0.1979999989271164,0.18799999356269836,0.19200000166893005,28127724
2022-02-28,0.19200000166893005,0.19200000166893005,0.18799999356269836,0.1889999955892563,11431044
2022-03-02,0.19200000166893005,0.1940000057220459,0.1899999976158142,0.19200000166893005,13544899
2022-03-03,0.19200000166893005,0.19499999284744263,0.19200000166893005,0.1940000057220459,9629243
2022-03-06,0.1940000057220459,0.1940000057220459,0.1899999976158142,0.19200000166893005,8362229
2022-03-07,0.19200000166893005,0.19300000369548798,0.18700000643730164,0.18700000643730164,12068928
2022-03-08,0.18700000643730164,0.18700000643730164,0.18700000643730164,0.18700000643730164,0
2022-03-09,0.1850000023841858,0.1899999976158142,0.18199999630451202,0.18400000035762787,12812855
2022-03-10,0.18400000035762787,0.18700000643730164,0.18400000035762787,0.1850000023841858,5106112
2022-03-13,0.1850000023841858,0.1860000044107437,0.18299999833106995,0.18400000035762787,2749689
2022-03-14,0.18400000035762787,0.18400000035762787,0.18400000035762787,0.18400000035762787,0
2022-03-15,0.18000000715255737,0.18199999630451202,0.17599999904632568,0.1770000010728836,5967127
2022-03-17,0.18199999630451202,0.18700000643730164,0.1809999942779541,0.18199999630451202,16514297
2022-03-22,0.19499999284744263,0.20399999618530273,0.19200000166893005,0.19499999284744263,32636290
2022-03-23,0.19499999284744263,0.19699999690055847,0.19300000369548798,0.19499999284744263,15338304
2022-03-24,0.19499999284744263,0.19900000095367432,0.19200000166893005,0.19300000369548798,20916863
2022-03-27,0.19300000369548798,0.1940000057220459,0.18700000643730164,0.1899999976158142,7296732
2022-03-28,0.1899999976158142,0.19099999964237213,0.18000000715255737,0.18199999630451202,15311800
2022-03-29,0.18199999630451202,0.1860000044107437,0.18000000715255737,0.18299999833106995,9249256
2022-03-30,0.18299999833106995,0.1860000044107437,0.1809999942779541,0.18199999630451202,5052756
2022-03-31,0.18199999630451202,0.1860000044107437,0.17900000512599945,0.18000000715255737,16962221
2022-04-04,0.18199999630451202,0.1860000044107437,0.1809999942779541,0.18299999833106995,20810609
2022-04-06,0.1899999976158142,0.1940000057220459,0.18400000035762787,0.1860000044107437,16087068
2022-04-07,0.1860000044107437,0.1860000044107437,0.18000000715255737,0.1809999942779541,21684292
2022-04-10,0.1809999942779541,0.18299999833106995,0.17499999701976776,0.1770000010728836,11175433
2022-04-11,0.1770000010728836,0.17800000309944153,0.16699999570846558,0.17100000381469727,12399307
2022-04-12,0.17100000381469727,0.17299999296665192,0.16899999976158142,0.17100000381469727,6845855
2022-04-13,0.17100000381469727,0.17299999296665192,0.17000000178813934,0.1720000058412552,4695078
2022-04-17,0.16699999570846558,0.17000000178813934,0.14399999380111694,0.14900000393390656,19194770
2022-04-18,0.14900000393390656,0.1550000011920929,0.12999999523162842,0.15299999713897705,21478737
2022-04-19,0.15299999713897705,0.15800000727176666,0.1509999930858612,0.15600000321865082,19512190
2022-04-20,0.15600000321865082,0.15800000727176666,0.1550000011920929,0.15600000321865082,9739224
2022-04-21,0.15600000321865082,0.16599999368190765,0.1550000011920929,0.16500000655651093,31761326
2022-04-26,0.16500000655651093,0.16699999570846558,0.16099999845027924,0.164000004529953,14603959
2022-04-27,0.164000004529953,0.16500000655651093,0.16200000047683716,0.164000004529953,11982792
2022-05-08,0.17000000178813934,0.17100000381469727,0.16699999570846558,0.17100000381469727,12366310
2022-05-09,0.17100000381469727,0.1720000058412552,0.1679999977350235,0.1679999977350235,13720132
2022-05-10,0.1679999977350235,0.17000000178813934,0.16500000655651093,0.16599999368190765,7670470
2022-05-11,0.16599999368190765,0.16899999976158142,0.16500000655651093,0.16699999570846558,11732613
2022-05-15,0.16099999845027924,0.16599999368190765,0.1599999964237213,0.16099999845027924,10432870
2022-05-16,0.16099999845027924,0.16300000250339508,0.15700000524520874,0.16200000047683716,5572982
2022-05-17,0.16200000047683716,0.16500000655651093,0.16099999845027924,0.16300000250339508,6987600
2022-05-18,0.16300000250339508,0.16599999368190765,0.16300000250339508,0.164000004529953,16032247
2022-05-19,0.164000004529953,0.164000004529953,0.16099999845027924,0.16200000047683716,9144551
2022-05-22,0.16200000047683716,0.16599999368190765,0.16200000047683716,0.16300000250339508,9396225
2022-05-23,0.16300000250339508,0.16500000655651093,0.16200000047683716,0.16300000250339508,12812521
2022-05-24,0.16300000250339508,0.164000004529953,0.1599999964237213,0.16099999845027924,12226750
2022-05-25,0.16099999845027924,0.16300000250339508,0.1550000011920929,0.15600000321865082,8761235
2022-05-26,0.15600000321865082,0.15800000727176666,0.15199999511241913,0.15299999713897705,8186609
2022-05-29,0.15299999713897705,0.15700000524520874,0.15000000596046448,0.1509999930858612,13028558
2022-05-30,0.1509999930858612,0.15299999713897705,0.15000000596046448,0.15199999511241913,7832030
2022-05-31,0.15199999511241913,0.15399999916553497,0.1509999930858612,0.15299999713897705,8859368
2022-06-01,0.15299999713897705,0.1550000011920929,0.14900000393390656,0.15000000596046448,10292372
2022-06-02,0.15000000596046448,0.15399999916553497,0.14900000393390656,0.15199999511241913,11095980
2022-06-05,0.15199999511241913,0.15199999511241913,0.15199999511241913,0.15199999511241913,0
2022-06-06,0.1589999943971634,0.16099999845027924,0.1589999943971634,0.1599999964237213,10742422
2022-06-07,0.1599999964237213,0.16200000047683716,0.1589999943971634,0.16099999845027924,15722443
2022-06-12,0.19699999690055847,0.19699999690055847,0.1889999955892563,0.19099999964237213,32703052
2022-06-14,0.19599999487400055,0.1979999989271164,0.1940000057220459,0.19499999284744263,41915379
2022-06-15,0.19499999284744263,0.19699999690055847,0.19300000369548798,0.19499999284744263,28044835
2022-06-16,0.19499999284744263,0.19699999690055847,0.19099999964237213,0.19300000369548798,19403745
2022-06-19,0.19300000369548798,0.1940000057220459,0.18799999356269836,0.1889999955892563,22157831
2022-06-20,0.1889999955892563,0.19099999964237213,0.1850000023841858,0.18700000643730164,15801201
2022-06-21,0.18700000643730164,0.1940000057220459,0.18700000643730164,0.19300000369548798,17106820
2022-06-22,0.19300000369548798,0.19499999284744263,0.1899999976158142,0.19300000369548798,20060088
2022-06-27,0.1899999976158142,0.19099999964237213,0.17900000512599945,0.1809999942779541,16642537
2022-06-28,0.1809999942779541,0.18400000035762787,0.16500000655651093,0.17100000381469727,37710035
2022-06-29,0.17100000381469727,0.17599999904632568,0.17000000178813934,0.17399999499320984,14425296
2022-07-03,0.17399999499320984,0.17499999701976776,0.16300000250339508,0.164000004529953,26812675
2022-07-04,0.164000004529953,0.16599999368190765,0.15700000524520874,0.15800000727176666,19605586
2022-07-05,0.15800000727176666,0.16500000655651093,0.15800000727176666,0.1599999964237213,16271538
2022-07-06,0.1599999964237213,0.16500000655651093,0.1599999964237213,0.16300000250339508,14217835
2022-07-07,0.16300000250339508,0.16699999570846558,0.16300000250339508,0.164000004529953,13929917
2022-07-17,0.164000004529953,0.16699999570846558,0.16200000047683716,0.16500000655651093,10361035
2022-07-18,0.16500000655651093,0.17100000381469727,0.16500000655651093,0.16899999976158142,14136149
2022-07-19,0.16899999976158142,0.17599999904632568,0.16699999570846558,0.17399999499320984,39094608
2022-07-20,0.17399999499320984,0.1770000010728836,0.17100000381469727,0.17499999701976776,33998186
2022-07-21,0.17499999701976776,0.18299999833106995,0.17499999701976776,0.18199999630451202,24284826
2022-07-24,0.18199999630451202,0.1860000044107437,0.18000000715255737,0.1850000023841858,19514576
2022-07-25,0.1850000023841858,0.1860000044107437,0.1809999942779541,0.1850000023841858,15115140
2022-07-27,0.18799999356269836,0.1899999976158142,0.18400000035762787,0.1850000023841858,22975930
2022-07-28,0.1850000023841858,0.1860000044107437,0.18299999833106995,0.1850000023841858,5052797
2022-07-31,0.1850000023841858,0.18700000643730164,0.1850000023841858,0.1860000044107437,7972333
2022-08-01,0.1860000044107437,0.18799999356269836,0.18000000715255737,0.1809999942779541,11296924
2022-08-02,0.1809999942779541,0.18299999833106995,0.17900000512599945,0.1809999942779541,7797680
2022-08-03,0.1809999942779541,0.1860000044107437,0.18000000715255737,0.18299999833106995,17333040
2022-08-07,0.18799999356269836,0.19300000369548798,0.18700000643730164,0.1899999976158142,31089380
2022-08-08,0.1899999976158142,0.19200000166893005,0.18700000643730164,0.18799999356269836,36216177
2022-08-09,0.18799999356269836,0.1899999976158142,0.1860000044107437,0.18700000643730164,9615318
2022-08-10,0.18700000643730164,0.18799999356269836,0.18400000035762787,0.1850000023841858,11620027
2022-08-11,0.1850000023841858,0.18799999356269836,0.18199999630451202,0.18299999833106995,15554199
2022-08-15,0.18799999356269836,0.19099999964237213,0.1850000023841858,0.1860000044107437,13175843
2022-08-16,0.1860000044107437,0.18799999356269836,0.18000000715255737,0.18299999833106995,14574631
2022-08-17,0.18299999833106995,0.19200000166893005,0.1809999942779541,0.19200000166893005,53466033
2022-08-18,0.19200000166893005,0.19200000166893005,0.19200000166893005,0.19200000166893005,0
2022-08-21,0.1899999976158142,0.1940000057220459,0.1889999955892563,0.1899999976158142,28740418
2022-08-22,0.1899999976158142,0.19300000369548798,0.18700000643730164,0.18799999356269836,27308497
2022-08-23,0.18799999356269836,0.18799999356269836,0.18799999356269836,0.18799999356269836,0
2022-08-24,0.1860000044107437,0.18700000643730164,0.18000000715255737,0.1809999942779541,24976541
2022-08-25,0.1809999942779541,0.1860000044107437,0.1809999942779541,0.18400000035762787,18555991
2022-08-28,0.18400000035762787,0.19099999964237213,0.18199999630451202,0.1850000023841858,26293427
2022-08-29,0.1850000023841858,0.1899999976158142,0.18000000715255737,0.1809999942779541,30811612
2022-08-31,0.20900000631809235,0.21899999678134918,0.20600000023841858,0.21299999952316284,98980758
2022-09-01,0.21299999952316284,0.22200000286102295,0.21199999749660492,0.2150000035762787,51585561
2022-09-04,0.2150000035762787,0.21799999475479126,0.21400000154972076,0.2150000035762787,21862058
2022-09-05,0.2150000035762787,0.21799999475479126,0.210999995470047,0.21299999952316284,27846830
2022-09-06,0.21299999952316284,0.2150000035762787,0.210999995470047,0.21199999749660492,20601553
2022-09-07,0.21199999749660492,0.21299999952316284,0.2029999941587448,0.20399999618530273,43446871
2022-09-08,0.20399999618530273,0.2070000022649765,0.2029999941587448,0.20499999821186066,6253534
2022-09-11,0.20499999821186066,0.20800000429153442,0.20499999821186066,0.20600000023841858,19895751
2022-09-12,0.20600000023841858,0.20900000631809235,0.20499999821186066,0.2070000022649765,31078475
2022-09-13,0.2070000022649765,0.21400000154972076,0.2070000022649765,0.20900000631809235,32120557
2022-09-15,0.20600000023841858,0.20800000429153442,0.20200000703334808,0.20499999821186066,22421805
2022-09-18,0.20499999821186066,0.2070000022649765,0.20000000298023224,0.20100000500679016,70033828
2022-09-19,0.20100000500679016,0.20200000703334808,0.19499999284744263,0.20100000500679016,10872416
2022-09-20,0.20100000500679016,0.2029999941587448,0.20000000298023224,0.20200000703334808,4309321
2022-09-21,0.20200000703334808,0.2029999941587448,0.19900000095367432,0.20000000298023224,11696862
2022-09-22,0.20000000298023224,0.20000000298023224,0.19499999284744263,0.1979999989271164,11466009
2022-09-25,0.1979999989271164,0.20000000298023224,0.19099999964237213,0.1979999989271164,6290802
2022-09-26,0.1979999989271164,0.20100000500679016,0.19599999487400055,0.1979999989271164,2459904
2022-09-27,0.1979999989271164,0.20000000298023224,0.19599999487400055,0.1979999989271164,8441924
2022-09-28,0.1979999989271164,0.1979999989271164,0.19499999284744263,0.19699999690055847,13879410
2022-09-29,0.19699999690055847,0.20000000298023224,0.19200000166893005,0.20000000298023224,8954895
2022-10-02,0.20000000298023224,0.20100000500679016,0.1940000057220459,0.19599999487400055,46667902
2022-10-03,0.19599999487400055,0.1979999989271164,0.19300000369548798,0.19499999284744263,38676468
2022-10-05,0.19699999690055847,0.19900000095367432,0.19599999487400055,0.19699999690055847,3227500
2022-10-09,0.19699999690055847,0.19900000095367432,0.19499999284744263,0.19499999284744263,5691935
2022-10-10,0.19499999284744263,0.19699999690055847,0.19499999284744263,0.19599999487400055,13948374
2022-10-11,0.19599999487400055,0.1979999989271164,0.19200000166893005,0.1940000057220459,20061689
2022-10-12,0.1940000057220459,0.19699999690055847,0.18400000035762787,0.1899999976158142,50103061
2022-10-13,0.1899999976158142,0.1940000057220459,0.1899999976158142,0.19200000166893005,12060508
2022-10-17,0.20200000703334808,0.20499999821186066,0.1979999989271164,0.20100000500679016,19736539
2022-10-19,0.20399999618530273,0.2070000022649765,0.19900000095367432,0.20000000298023224,12066798
2022-10-23,0.20399999618530273,0.20900000631809235,0.20200000703334808,0.20200000703334808,21400596
2022-10-24,0.20200000703334808,0.2029999941587448,0.19300000369548798,0.19599999487400055,16923242
2022-10-25,0.19599999487400055,0.20000000298023224,0.1889999955892563,0.19499999284744263,17929228
2022-10-26,0.19499999284744263,0.19499999284744263,0.19499999284744263,0.19499999284744263,0
2022-10-27,0.19900000095367432,0.20399999618530273,0.1979999989271164,0.19900000095367432,34196060
2022-10-30,0.19900000095367432,0.20100000500679016,0.19599999487400055,0.1979999989271164,25102104
2022-10-31,0.1979999989271164,0.20000000298023224,0.19499999284744263,0.1979999989271164,14217130
2022-11-01,0.1979999989271164,0.19900000095367432,0.19499999284744263,0.19499999284744263,18169317
2022-11-02,0.19499999284744263,0.1979999989271164,0.1940000057220459,0.1979999989271164,10731579
2022-11-03,0.1979999989271164,0.1979999989271164,0.19300000369548798,0.19499999284744263,4983622
2022-11-06,0.19499999284744263,0.19699999690055847,0.19200000166893005,0.19499999284744263,3726241
2022-11-07,0.19499999284744263,0.19599999487400055,0.19200000166893005,0.19499999284744263,14979709
2022-11-08,0.19499999284744263,0.19499999284744263,0.18700000643730164,0.1889999955892563,10152279
2022-11-09,0.1889999955892563,0.19300000369548798,0.1860000044107437,0.1899999976158142,10594523
2022-11-10,0.1899999976158142,0.19499999284744263,0.18700000643730164,0.1899999976158142,20997078
2022-11-14,0.19200000166893005,0.1940000057220459,0.19200000166893005,0.1940000057220459,19429658
2022-11-15,0.1940000057220459,0.1940000057220459,0.19200000166893005,0.19300000369548798,9398142
2022-11-16,0.19300000369548798,0.19499999284744263,0.19200000166893005,0.1940000057220459,24508204
2022-11-17,0.1940000057220459,0.19699999690055847,0.19300000369548798,0.19699999690055847,17628604
2022-11-20,0.19699999690055847,0.19699999690055847,0.1940000057220459,0.19499999284744263,12536432
2022-11-21,0.19499999284744263,0.19699999690055847,0.1940000057220459,0.19499999284744263,12969028
2022-11-22,0.19499999284744263,0.19599999487400055,0.1940000057220459,0.19599999487400055,3292829
2022-11-23,0.19599999487400055,0.19699999690055847,0.19499999284744263,0.19599999487400055,10863309
2022-11-24,0.19599999487400055,0.19699999690055847,0.1940000057220459,0.19499999284744263,11902778
2022-11-28,0.19900000095367432,0.20000000298023224,0.19499999284744263,0.19599999487400055,8279788
2022-12-01,0.20600000023841858,0.20900000631809235,0.20200000703334808,0.2029999941587448,28027074
2022-12-06,0.21299999952316284,0.21400000154972076,0.2070000022649765,0.21400000154972076,28776365
2022-12-07,0.21400000154972076,0.22300000488758087,0.21400000154972076,0.21899999678134918,52254541
2022-12-08,0.21899999678134918,0.2240000069141388,0.21899999678134918,0.2199999988079071,37329816
2022-12-11,0.2199999988079071,0.2240000069141388,0.21799999475479126,0.21899999678134918,27565380
2022-12-12,0.21899999678134918,0.22200000286102295,0.2160000056028366,0.2199999988079071,28219049
2022-12-13,0.2199999988079071,0.25999999046325684,0.2199999988079071,0.25600001215934753,166491727
2022-12-14,0.25600001215934753,0.2630000114440918,0.24699999392032623,0.25,101636108
2022-12-15,0.25,0.27900001406669617,0.24799999594688416,0.25999999046325684,99168162
2022-12-18,0.25999999046325684,0.2770000100135803,0.25699999928474426,0.257999986410141,49823194
2022-12-19,0.257999986410141,0.26100000739097595,0.25,0.2549999952316284,42843622
2022-12-20,0.2549999952316284,0.2619999945163727,0.2540000081062317,0.25600001215934753,34695302
2022-12-21,0.25600001215934753,0.25600001215934753,0.24799999594688416,0.25200000405311584,18502946
2022-12-22,0.25200000405311584,0.2549999952316284,0.24400000274181366,0.24500000476837158,21950607
2022-12-26,0.23800000548362732,0.24699999392032623,0.23600000143051147,0.24300000071525574,13671542
2022-12-29,0.2529999911785126,0.257999986410141,0.25099998712539673,0.25200000405311584,14739994
2023-01-04,0.26499998569488525,0.26899999380111694,0.25,0.2630000114440918,46467111
2023-01-05,0.2630000114440918,0.27300000190734863,0.2619999945163727,0.2639999985694885,36348614
2023-01-09,0.2639999985694885,0.27399998903274536,0.257999986410141,0.26100000739097595,73830360
2023-01-10,0.26100000739097595,0.26499998569488525,0.2460000067949295,0.24699999392032623,31841537
2023-01-11,0.24699999392032623,0.25999999046325684,0.2409999966621399,0.24400000274181366,46619071
2023-01-12,0.24400000274181366,0.25,0.2409999966621399,0.24199999868869781,8183114
2023-01-15,0.24199999868869781,0.24799999594688416,0.23800000548362732,0.23899999260902405,8464918
2023-01-17,0.24400000274181366,0.25099998712539673,0.24300000071525574,0.25,19687616
2023-01-18,0.25,0.2549999952316284,0.24400000274181366,0.24500000476837158,24060522
2023-01-19,0.24500000476837158,0.24899999797344208,0.23899999260902405,0.23999999463558197,23755931
2023-01-22,0.23999999463558197,0.24500000476837158,0.23999999463558197,0.2409999966621399,15192614
2023-01-23,0.2409999966621399,0.24300000071525574,0.23899999260902405,0.23999999463558197,19459029
2023-01-24,0.23999999463558197,0.24300000071525574,0.23800000548362732,0.23899999260902405,4830473
2023-01-30,0.24699999392032623,0.25,0.23999999463558197,0.2409999966621399,22025693
2023-01-31,0.2409999966621399,0.24199999868869781,0.23000000417232513,0.23000000417232513,45772863
2023-02-01,0.23000000417232513,0.2329999953508377,0.22599999606609344,0.2280000001192093,8608075
2023-02-02,0.2280000001192093,0.2329999953508377,0.2150000035762787,0.21699999272823334,28137920
2023-02-05,0.21699999272823334,0.22200000286102295,0.20800000429153442,0.210999995470047,39648957
2023-02-06,0.210999995470047,0.2150000035762787,0.20999999344348907,0.210999995470047,7471575
2023-02-07,0.210999995470047,0.2150000035762787,0.20999999344348907,0.21299999952316284,13375404
2023-02-08,0.21299999952316284,0.21699999272823334,0.2070000022649765,0.20900000631809235,55119101
2023-02-09,0.20900000631809235,0.21400000154972076,0.20900000631809235,0.21199999749660492,18277827
2023-02-12,0.21199999749660492,0.2160000056028366,0.21199999749660492,0.21299999952316284,17869110
2023-02-13,0.21299999952316284,0.2160000056028366,0.21199999749660492,0.2150000035762787,25715004
2023-02-15,0.22200000286102295,0.22599999606609344,0.2199999988079071,0.22200000286102295,32589904
2023-02-16,0.22200000286102295,0.22599999606609344,0.22100000083446503,0.22200000286102295,13406406
2023-02-19,0.22200000286102295,0.2240000069141388,0.22200000286102295,0.22200000286102295,12640725
2023-02-20,0.22200000286102295,0.22300000488758087,0.21799999475479126,0.21899999678134918,22080689
2023-02-21,0.21899999678134918,0.22200000286102295,0.2160000056028366,0.22100000083446503,14701993
2023-02-22,0.22100000083446503,0.22300000488758087,0.21299999952316284,0.2150000035762787,13517631
2023-02-23,0.2150000035762787,0.21799999475479126,0.2150000035762787,0.2160000056028366,4817397
2023-02-26,0.2160000056028366,0.2199999988079071,0.2150000035762787,0.21799999475479126,13035214
2023-02-27,0.21799999475479126,0.2199999988079071,0.21699999272823334,0.21799999475479126,16943820
2023-02-28,0.21799999475479126,0.2199999988079071,0.2150000035762787,0.21899999678134918,18340636
2023-03-02,0.22100000083446503,0.22499999403953552,0.22100000083446503,0.22100000083446503,16625889
2023-03-05,0.22100000083446503,0.22200000286102295,0.2150000035762787,0.2160000056028366,42640942
2023-03-06,0.2160000056028366,0.21899999678134918,0.21400000154972076,0.2150000035762787,18443390
2023-03-07,0.2150000035762787,0.2150000035762787,0.20800000429153442,0.20900000631809235,19703942
2023-03-08,0.20900000631809235,0.20999999344348907,0.20600000023841858,0.20900000631809235,17585614
2023-03-09,0.20900000631809235,0.21299999952316284,0.20800000429153442,0.20999999344348907,18305895
2023-03-12,0.20999999344348907,0.210999995470047,0.20600000023841858,0.20800000429153442,10479892
2023-03-13,0.20800000429153442,0.20900000631809235,0.19499999284744263,0.19499999284744263,28872549
2023-03-14,0.19499999284744263,0.19599999487400055,0.19099999964237213,0.1940000057220459,18602742
2023-03-15,0.1940000057220459,0.1979999989271164,0.17800000309944153,0.18199999630451202,25303498
2023-03-16,0.18199999630451202,0.1850000023841858,0.17100000381469727,0.17900000512599945,28758301
2023-03-19,0.17900000512599945,0.1850000023841858,0.17499999701976776,0.1809999942779541,11249024
2023-03-20,0.1809999942779541,0.18700000643730164,0.18000000715255737,0.1850000023841858,13626124
2023-03-21,0.1850000023841858,0.1889999955892563,0.18400000035762787,0.18700000643730164,21890503
2023-03-22,0.18700000643730164,0.1889999955892563,0.1850000023841858,0.1860000044107437,7089436
2023-03-23,0.1860000044107437,0.18799999356269836,0.18299999833106995,0.18700000643730164,3588921
2023-03-27,0.1899999976158142,0.19200000166893005,0.1860000044107437,0.1860000044107437,4345363
2023-03-28,0.1860000044107437,0.19300000369548798,0.1860000044107437,0.19200000166893005,5804488
2023-03-29,0.19200000166893005,0.19699999690055847,0.1899999976158142,0.19300000369548798,9312137
2023-03-30,0.19300000369548798,0.19699999690055847,0.1899999976158142,0.1899999976158142,5245529
2023-04-02,0.1899999976158142,0.19300000369548798,0.1899999976158142,0.19200000166893005,3689081
2023-04-03,0.19200000166893005,0.19499999284744263,0.19200000166893005,0.1940000057220459,6682712
2023-04-05,0.2029999941587448,0.20600000023841858,0.20000000298023224,0.20100000500679016,8741294
2023-04-06,0.20100000500679016,0.20399999618530273,0.20000000298023224,0.20000000298023224,6756697
2023-04-09,0.20000000298023224,0.20499999821186066,0.1979999989271164,0.20399999618530273,12251279
2023-04-10,0.20399999618530273,0.20800000429153442,0.2029999941587448,0.20399999618530273,6632013
2023-04-11,0.20399999618530273,0.20399999618530273,0.20000000298023224,0.20100000500679016,15377973
2023-04-12,0.20100000500679016,0.20399999618530273,0.20100000500679016,0.20200000703334808,3241208
2023-04-18,0.20000000298023224,0.20399999618530273,0.19900000095367432,0.20200000703334808,4355948
2023-04-19,0.20200000703334808,0.20200000703334808,0.20000000298023224,0.20200000703334808,3476635
2023-04-26,0.20200000703334808,0.2029999941587448,0.20000000298023224,0.20200000703334808,7892794
2023-04-27,0.20200000703334808,0.2070000022649765,0.20100000500679016,0.20600000023841858,17263336
2023-05-01,0.20999999344348907,0.20999999344348907,0.20999999344348907,0.20999999344348907,0
2023-05-02,0.20800000429153442,0.20999999344348907,0.20499999821186066,0.2070000022649765,6536221
2023-05-03,0.2070000022649765,0.20900000631809235,0.2070000022649765,0.2070000022649765,5355181
2023-05-07,0.2070000022649765,0.2070000022649765,0.1899999976158142,0.2029999941587448,10640753
2023-05-08,0.2029999941587448,0.21299999952316284,0.2029999941587448,0.210999995470047,21714108
2023-05-09,0.210999995470047,0.2160000056028366,0.20999999344348907,0.20999999344348907,11912644
2023-05-10,0.20999999344348907,0.21199999749660492,0.20800000429153442,0.210999995470047,6042576
2023-05-11,0.210999995470047,0.2160000056028366,0.20999999344348907,0.21299999952316284,21589374
2023-05-14,0.21299999952316284,0.2150000035762787,0.20999999344348907,0.210999995470047,13695459
2023-05-15,0.210999995470047,0.21400000154972076,0.20900000631809235,0.20999999344348907,9225456
2023-05-17,0.2070000022649765,0.20900000631809235,0.20399999618530273,0.20499999821186066,3831938
2023-05-18,0.20499999821186066,0.20800000429153442,0.2029999941587448,0.20399999618530273,8399282
2023-05-21,0.20399999618530273,0.20800000429153442,0.20200000703334808,0.20499999821186066,1929937
2023-05-22,0.20499999821186066,0.20999999344348907,0.20499999821186066,0.20600000023841858,4176072
2023-05-23,0.20600000023841858,0.2150000035762787,0.20499999821186066,0.2150000035762787,19118634
2023-05-24,0.2150000035762787,0.2199999988079071,0.21400000154972076,0.21699999272823334,27366903
2023-05-25,0.21699999272823334,0.22100000083446503,0.2160000056028366,0.21799999475479126,19749174
2023-05-28,0.21799999475479126,0.23100000619888306,0.21799999475479126,0.22699999809265137,37087268
2023-05-29,0.22699999809265137,0.23100000619888306,0.22499999403953552,0.2290000021457672,32781135
2023-05-30,0.2290000021457672,0.23499999940395355,0.22499999403953552,0.2329999953508377,31795012
2023-05-31,0.2329999953508377,0.2370000034570694,0.2290000021457672,0.23000000417232513,27287807
2023-06-01,0.23000000417232513,0.2329999953508377,0.2290000021457672,0.2290000021457672,14395188
2023-06-06,0.25699999928474426,0.27000001072883606,0.2549999952316284,0.26600000262260437,79444111
2023-06-07,0.26600000262260437,0.27000001072883606,0.25,0.25099998712539673,27404082
2023-06-08,0.25099998712539673,0.257999986410141,0.25,0.25099998712539673,7086402
2023-06-11,0.25099998712539673,0.2549999952316284,0.25099998712539673,0.2529999911785126,3906157
2023-06-12,0.2529999911785126,0.2529999911785126,0.24400000274181366,0.24500000476837158,19150995
2023-06-13,0.24500000476837158,0.25699999928474426,0.23899999260902405,0.2409999966621399,50347952
2023-06-14,0.2409999966621399,0.24699999392032623,0.23999999463558197,0.23999999463558197,12543964
2023-06-15,0.23999999463558197,0.24500000476837158,0.23999999463558197,0.24199999868869781,11570058
2023-06-20,0.32100000977516174,0.3269999921321869,0.3100000023841858,0.3109999895095825,53648102
2023-06-21,0.3109999895095825,0.31700000166893005,0.3019999861717224,0.30399999022483826,33784944
2023-06-22,0.30399999022483826,0.3050000071525574,0.30000001192092896,0.30300000309944153,29929072
2023-06-25,0.30300000309944153,0.30799999833106995,0.3019999861717224,0.30399999022483826,17331601
2023-06-26,0.30399999022483826,0.3059999942779541,0.3019999861717224,0.30399999022483826,17734230
2023-07-04,0.30399999022483826,0.3100000023841858,0.296999990940094,0.296999990940094,19328735
2023-07-05,0.296999990940094,0.30000001192092896,0.25,0.28600001335144043,20422032
2023-07-06,0.28600001335144043,0.289000004529953,0.27799999713897705,0.2800000011920929,11532768
2023-07-09,0.2800000011920929,0.2809999883174896,0.2680000066757202,0.2750000059604645,20822335
2023-07-10,0.2750000059604645,0.27799999713897705,0.2680000066757202,0.2759999930858612,15820319
2023-07-11,0.2759999930858612,0.28299999237060547,0.27000001072883606,0.27300000190734863,11399062
2023-07-12,0.27300000190734863,0.27900001406669617,0.2709999978542328,0.2709999978542328,9739553
2023-07-13,0.2709999978542328,0.27300000190734863,0.2639999985694885,0.2669999897480011,14542236
2023-07-17,0.2709999978542328,0.27300000190734863,0.2619999945163727,0.27000001072883606,11110651
2023-07-18,0.27000001072883606,0.2720000147819519,0.2680000066757202,0.26899999380111694,10027471
2023-07-19,0.26899999380111694,0.26899999380111694,0.26899999380111694,0.26899999380111694,0
2023-07-24,0.296999990940094,0.3149999976158142,0.29100000858306885,0.31299999356269836,26623973
2023-07-25,0.31299999356269836,0.3179999887943268,0.3009999990463257,0.3050000071525574,19168053
2023-07-26,0.3050000071525574,0.3100000023841858,0.2980000078678131,0.29899999499320984,15957544
2023-07-27,0.29899999499320984,0.30399999022483826,0.296999990940094,0.30000001192092896,11860581
2023-07-30,0.30000001192092896,0.3019999861717224,0.29499998688697815,0.29499998688697815,11323987
2023-07-31,0.29499998688697815,0.2980000078678131,0.2919999957084656,0.2939999997615814,8534561
2023-08-01,0.2939999997615814,0.31700000166893005,0.2939999997615814,0.31700000166893005,58983722
2023-08-03,0.33500000834465027,0.34599998593330383,0.32199999690055847,0.3310000002384186,55571363
2023-08-06,0.3310000002384186,0.3479999899864197,0.3310000002384186,0.33500000834465027,37101854
2023-08-07,0.33500000834465027,0.34299999475479126,0.328000009059906,0.3310000002384186,32161240
2023-08-08,0.3310000002384186,0.33500000834465027,0.3199999928474426,0.3199999928474426,39102597
2023-08-09,0.3199999928474426,0.3230000138282776,0.3179999887943268,0.3190000057220459,20002382
2023-08-10,0.3190000057220459,0.328000009059906,0.3179999887943268,0.3190000057220459,24610016
2023-08-14,0.3240000009536743,0.33000001311302185,0.3190000057220459,0.3199999928474426,20445535
2023-08-15,0.3199999928474426,0.3230000138282776,0.3100000023841858,0.3100000023841858,24030798
2023-08-16,0.3100000023841858,0.31299999356269836,0.30300000309944153,0.3059999942779541,8687292
2023-08-17,0.3059999942779541,0.3179999887943268,0.3019999861717224,0.3089999854564667,14800201
2023-08-22,0.3190000057220459,0.32600000500679016,0.31700000166893005,0.32100000977516174,25130199
2023-08-23,0.32100000977516174,0.32499998807907104,0.3149999976158142,0.31700000166893005,14843164
2023-08-24,0.31700000166893005,0.32100000977516174,0.3149999976158142,0.3160000145435333,13093344
2023-08-27,0.3160000145435333,0.335999995470047,0.3140000104904175,0.3330000042915344,34981866
2023-08-28,0.3330000042915344,0.3449999988079071,0.33000001311302185,0.3370000123977661,38414192
2023-08-29,0.3370000123977661,0.34299999475479126,0.3269999921321869,0.33000001311302185,26993655
2023-08-30,0.33000001311302185,0.33399999141693115,0.3190000057220459,0.32100000977516174,49229516
2023-08-31,0.32100000977516174,0.32100000977516174,0.32100000977516174,0.32100000977516174,0
2023-09-03,0.3499999940395355,0.37400001287460327,0.3499999940395355,0.35199999809265137,129661820
2023-09-04,0.35199999809265137,0.3580000102519989,0.3400000035762787,0.3409999907016754,50545761
2023-09-05,0.3409999907016754,0.3499999940395355,0.33500000834465027,0.33500000834465027,38763586
2023-09-06,0.33500000834465027,0.33799999952316284,0.32600000500679016,0.3269999921321869,26552786
2023-09-07,0.3269999921321869,0.3370000123977661,0.3269999921321869,0.3310000002384186,12165371
2023-09-10,0.3310000002384186,0.3310000002384186,0.3310000002384186,0.3310000002384186,0
2023-09-11,0.328000009059906,0.33500000834465027,0.3240000009536743,0.32499998807907104,21520012
2023-09-12,0.32499998807907104,0.33500000834465027,0.3230000138282776,0.32499998807907104,29247305
2023-09-13,0.32499998807907104,0.33000001311302185,0.32199999690055847,0.33000001311302185,13529219
2023-09-14,0.33000001311302185,0.3330000042915344,0.328000009059906,0.33000001311302185,13890096
2023-09-17,0.33000001311302185,0.33500000834465027,0.3269999921321869,0.328000009059906,20424398
2023-09-18,0.328000009059906,0.3319999873638153,0.32499998807907104,0.32499998807907104,17777914
2023-09-19,0.32499998807907104,0.328000009059906,0.3199999928474426,0.32100000977516174,20274391
2023-09-20,0.32100000977516174,0.32100000977516174,0.32100000977516174,0.32100000977516174,0
2023-09-21,0.32100000977516174,0.32100000977516174,0.32100000977516174,0.32100000977516174,0
2023-09-24,0.32100000977516174,0.32100000977516174,0.32100000977516174,0.32100000977516174,0
2023-09-25,0.30000001192092896,0.3109999895095825,0.296999990940094,0.30399999022483826,35296995
2023-09-26,0.30399999022483826,0.31299999356269836,0.29499998688697815,0.29600000381469727,21920336
2023-09-27,0.29600000381469727,0.29600000381469727,0.29600000381469727,0.29600000381469727,0
2023-10-01,0.29600000381469727,0.29600000381469727,0.29600000381469727,0.29600000381469727,0
2023-10-02,0.28299999237060547,0.28999999165534973,0.27000001072883606,0.2800000011920929,11053104
2023-10-03,0.2800000011920929,0.2849999964237213,0.27300000190734863,0.27399998903274536,8659083
2023-10-04,0.27399998903274536,0.2840000092983246,0.2709999978542328,0.28200000524520874,11620039
2023-10-08,0.28200000524520874,0.28200000524520874,0.24799999594688416,0.2680000066757202,21428847
2023-10-09,0.2680000066757202,0.26899999380111694,0.25600001215934753,0.26100000739097595,9787983
2023-10-10,0.26100000739097595,0.26499998569488525,0.26100000739097595,0.2639999985694885,4251762
2023-10-11,0.2639999985694885,0.29600000381469727,0.2639999985694885,0.28299999237060547,50386780
2023-10-12,0.28299999237060547,0.2879999876022339,0.2759999930858612,0.2770000100135803,13266811
2023-10-16,0.28200000524520874,0.2919999957084656,0.27900001406669617,0.28600001335144043,21959408
2023-10-17,0.28600001335144043,0.29100000858306885,0.2750000059604645,0.28299999237060547,35799517
2023-10-18,0.28299999237060547,0.28700000047683716,0.27799999713897705,0.27900001406669617,14350896
2023-10-19,0.27900001406669617,0.27900001406669617,0.27900001406669617,0.27900001406669617,0
2023-10-22,0.2770000100135803,0.2840000092983246,0.2759999930858612,0.28200000524520874,10889678
2023-10-23,0.28200000524520874,0.28600001335144043,0.2800000011920929,0.2809999883174896,24649467
2023-10-24,0.2809999883174896,0.2939999997615814,0.2809999883174896,0.2849999964237213,43252053
2023-10-25,0.2849999964237213,0.2919999957084656,0.2840000092983246,0.28700000047683716,21757457
2023-10-29,0.30300000309944153,0.30799999833106995,0.2980000078678131,0.3019999861717224,23390536
2023-10-30,0.3019999861717224,0.3330000042915344,0.3009999990463257,0.33000001311302185,68535944
2023-10-31,0.33000001311302185,0.33500000834465027,0.3160000145435333,0.3199999928474426,36310250
2023-11-01,0.3199999928474426,0.3199999928474426,0.3100000023841858,0.31200000643730164,9075663
2023-11-02,0.31200000643730164,0.3330000042915344,0.30799999833106995,0.33000001311302185,34193999
2023-11-05,0.33000001311302185,0.3400000035762787,0.32899999618530273,0.33500000834465027,30343839
2023-11-06,0.33500000834465027,0.34200000762939453,0.32899999618530273,0.3319999873638153,28956992
2023-11-07,0.3319999873638153,0.34200000762939453,0.33000001311302185,0.33500000834465027,23327409
2023-11-08,0.33500000834465027,0.34599998593330383,0.33500000834465027,0.3370000123977661,43167928
2023-11-09,0.3370000123977661,0.34299999475479126,0.3319999873638153,0.3370000123977661,34711398
2023-11-12,0.3370000123977661,0.3440000116825104,0.328000009059906,0.33000001311302185,26762753
2023-11-13,0.33000001311302185,0.33899998664855957,0.32899999618530273,0.33000001311302185,15934576
2023-11-14,0.33000001311302185,0.3449999988079071,0.33000001311302185,0.33899998664855957,40803796
2023-11-19,0.3659999966621399,0.3799999952316284,0.3659999966621399,0.36800000071525574,48893644
2023-11-20,0.36800000071525574,0.3700000047683716,0.34200000762939453,0.3449999988079071,49044599
2023-11-21,0.3449999988079071,0.38499999046325684,0.3400000035762787,0.3799999952316284,195354287
2023-11-22,0.3799999952316284,0.39500001072883606,0.36800000071525574,0.3700000047683716,189650879
2023-11-23,0.3700000047683716,0.375,0.35899999737739563,0.36399999260902405,86768441
2023-11-27,0.3779999911785126,0.38600000739097595,0.3709999918937683,0.3720000088214874,93702580
2023-11-28,0.3720000088214874,0.37700000405311584,0.35499998927116394,0.3619999885559082,71862391
2023-11-29,0.3619999885559082,0.367000013589859,0.35199999809265137,0.3540000021457672,36146973
2023-11-30,0.3540000021457672,0.3610000014305115,0.35100001096725464,0.3540000021457672,44109773
2023-12-03,0.3540000021457672,0.367000013589859,0.3529999852180481,0.35600000619888306,35588349
2023-12-05,0.3659999966621399,0.37599998712539673,0.36399999260902405,0.367000013589859,36002493
2023-12-06,0.367000013589859,0.3720000088214874,0.35499998927116394,0.35499998927116394,30149715
2023-12-07,0.35499998927116394,0.35899999737739563,0.34299999475479126,0.35199999809265137,32237772
2023-12-10,0.35199999809265137,0.36000001430511475,0.34200000762939453,0.3440000116825104,20634229
2023-12-11,0.3440000116825104,0.35199999809265137,0.33899998664855957,0.3400000035762787,19708793
2023-12-12,0.3400000035762787,0.3499999940395355,0.3319999873638153,0.3409999907016754,27100371
2023-12-14,0.36000001430511475,0.36800000071525574,0.3540000021457672,0.35499998927116394,45877276
2023-12-17,0.35499998927116394,0.36500000953674316,0.35499998927116394,0.3569999933242798,32895863
2023-12-18,0.3569999933242798,0.36500000953674316,0.35600000619888306,0.35600000619888306,28910119
2023-12-19,0.35600000619888306,0.3630000054836273,0.3479999899864197,0.3490000069141388,28114656
2023-12-20,0.3490000069141388,0.3540000021457672,0.34200000762939453,0.34200000762939453,27744406
2023-12-21,0.34200000762939453,0.34700000286102295,0.33000001311302185,0.3330000042915344,12542728
2023-12-24,0.3330000042915344,0.3330000042915344,0.3330000042915344,0.3330000042915344,0
2023-12-25,0.3179999887943268,0.328000009059906,0.3109999895095825,0.3199999928474426,8605375
2023-12-26,0.3199999928474426,0.328000009059906,0.31700000166893005,0.3190000057220459,15699953
2023-12-27,0.3190000057220459,0.328000009059906,0.3109999895095825,0.3269999921321869,13615834
2023-12-28,0.3269999921321869,0.32899999618530273,0.3230000138282776,0.32600000500679016,5254091
2024-01-03,0.3499999940395355,0.3540000021457672,0.34599998593330383,0.34599998593330383,35106201
2024-01-04,0.34599998593330383,0.3540000021457672,0.34299999475479126,0.3490000069141388,30588233
2024-01-10,0.3659999966621399,0.3779999911785126,0.36500000953674316,0.36800000071525574,30573261
2024-01-11,0.36800000071525574,0.37700000405311584,0.3619999885559082,0.375,51074112
2024-01-14,0.375,0.3799999952316284,0.37299999594688416,0.37599998712539673,59629532
2024-01-15,0.37599998712539673,0.3959999978542328,0.375,0.3889999985694885,134465864
2024-01-17,0.4000000059604645,0.4099999964237213,0.38600000739097595,0.3869999945163727,59261609
2024-01-18,0.3869999945163727,0.3970000147819519,0.3869999945163727,0.39399999380111694,45025263
2024-01-22,0.40299999713897705,0.41100001335144043,0.3959999978542328,0.3970000147819519,54954838
2024-01-23,0.3970000147819519,0.4000000059604645,0.37700000405311584,0.38499999046325684,43964179
2024-01-24,0.38499999046325684,0.3959999978542328,0.3840000033378601,0.39100000262260437,34749184
2024-01-28,0.39100000262260437,0.4009999930858612,0.38999998569488525,0.3959999978542328,32877036
2024-01-29,0.3959999978542328,0.4059999883174896,0.39500001072883606,0.4000000059604645,39069329
2024-01-31,0.41999998688697815,0.42100000381469727,0.36399999260902405,0.4000000059604645,70429493
2024-02-01,0.4000000059604645,0.4009999930858612,0.3700000047683716,0.4000000059604645,51525455
2024-02-04,0.4000000059604645,0.4000000059604645,0.39100000262260437,0.3970000147819519,7151626
2024-02-05,0.3970000147819519,0.40700000524520874,0.3930000066757202,0.4050000011920929,19808491
2024-02-06,0.4050000011920929,0.421999990940094,0.40299999713897705,0.414000004529953,72127153
2024-02-07,0.414000004529953,0.42399999499320984,0.414000004529953,0.421999990940094,63167946
2024-02-08,0.421999990940094,0.43799999356269836,0.41999998688697815,0.4230000078678131,43631435
2024-02-11,0.4230000078678131,0.4350000023841858,0.41100001335144043,0.41499999165534973,25127021
2024-02-12,0.41499999165534973,0.41999998688697815,0.4000000059604645,0.4050000011920929,61379877
2024-02-13,0.4050000011920929,0.41999998688697815,0.40299999713897705,0.414000004529953,36195323
2024-02-14,0.414000004529953,0.4300000071525574,0.4099999964237213,0.4300000071525574,78507280
2024-02-18,0.4350000023841858,0.4350000023841858,0.4350000023841858,0.4350000023841858,0
2024-02-19,0.4399999976158142,0.44999998807907104,0.42500001192092896,0.4449999928474426,71211796
2024-02-20,0.4449999928474426,0.44999998807907104,0.4390000104904175,0.44200000166893005,34410968
2024-02-21,0.44200000166893005,0.44999998807907104,0.4350000023841858,0.4410000145435333,48461417
2024-02-26,0.42399999499320984,0.4339999854564667,0.41600000858306885,0.42399999499320984,53096969
2024-02-28,0.43799999356269836,0.4490000009536743,0.4129999876022339,0.41499999165534973,45185569
2024-02-29,0.41499999165534973,0.42899999022483826,0.39899998903274536,0.4009999930858612,44917324
2024-03-03,0.4009999930858612,0.40400001406669617,0.3499999940395355,0.3799999952316284,39223185
2024-03-04,0.3799999952316284,0.4059999883174896,0.375,0.4000000059604645,36930063
2024-03-05,0.4000000059604645,0.4090000092983246,0.3959999978542328,0.3959999978542328,22910287
2024-03-06,0.3959999978542328,0.41200000047683716,0.382999986410141,0.39899998903274536,47834764
2024-03-07,0.39899998903274536,0.4020000100135803,0.382999986410141,0.39899998903274536,17100715
2024-03-10,0.39899998903274536,0.4090000092983246,0.3919999897480011,0.4020000100135803,36179344
2024-03-11,0.4020000100135803,0.41200000047683716,0.3919999897480011,0.3930000066757202,24295930
2024-03-12,0.3930000066757202,0.39899998903274536,0.3799999952316284,0.3799999952316284,14937226
2024-03-13,0.3799999952316284,0.38600000739097595,0.3659999966621399,0.3700000047683716,10698134
2024-03-14,0.3700000047683716,0.375,0.35499998927116394,0.3700000047683716,9261872
2024-03-17,0.3700000047683716,0.3799999952316284,0.36800000071525574,0.3700000047683716,11887071
2024-03-18,0.3700000047683716,0.37599998712539673,0.3479999899864197,0.3499999940395355,11562971
2024-03-19,0.3499999940395355,0.3499999940395355,0.33000001311302185,0.33500000834465027,7627685
2024-03-20,0.33500000834465027,0.3400000035762787,0.3199999928474426,0.328000009059906,10773864
2024-03-21,0.328000009059906,0.33899998664855957,0.3269999921321869,0.33799999952316284,4314359
2024-03-25,0.3449999988079071,0.3499999940395355,0.3449999988079071,0.34599998593330383,6179911
2024-03-27,0.3490000069141388,0.3490000069141388,0.3370000123977661,0.3440000116825104,5732703
2024-03-28,0.3440000116825104,0.3499999940395355,0.3330000042915344,0.335999995470047,4528186
2024-03-31,0.335999995470047,0.34200000762939453,0.3199999928474426,0.32199999690055847,3033096
2024-04-03,0.3440000116825104,0.3479999899864197,0.33799999952316284,0.34200000762939453,3416572
2024-04-04,0.34200000762939453,0.3529999852180481,0.3400000035762787,0.35100001096725464,10955964
2024-04-15,0.36800000071525574,0.3799999952316284,0.36800000071525574,0.375,15526073
2024-04-16,0.375,0.3799999952316284,0.3700000047683716,0.37400001287460327,75482613
2024-04-17,0.37400001287460327,0.37700000405311584,0.3659999966621399,0.37700000405311584,78001484
2024-04-18,0.37700000405311584,0.4000000059604645,0.3610000014305115,0.3659999966621399,72788384
2024-04-21,0.3659999966621399,0.37599998712539673,0.3619999885559082,0.3630000054836273,24170489
2024-04-22,0.3630000054836273,0.36899998784065247,0.3569999933242798,0.36000001430511475,13422903
2024-04-23,0.36000001430511475,0.36000001430511475,0.33000001311302185,0.3310000002384186,17828812
2024-04-28,0.32199999690055847,0.32199999690055847,0.32199999690055847,0.32199999690055847,0
2024-04-29,0.3089999854564667,0.3179999887943268,0.2980000078678131,0.3070000112056732,6963173
2024-04-30,0.3070000112056732,0.32600000500679016,0.2849999964237213,0.2919999957084656,7025712
2024-05-02,0.28999999165534973,0.296999990940094,0.2849999964237213,0.28999999165534973,14500483
2024-05-07,0.28999999165534973,0.2939999997615814,0.2800000011920929,0.28299999237060547,8946262
2024-05-08,0.28299999237060547,0.289000004529953,0.2770000100135803,0.27799999713897705,8910604
2024-05-09,0.27799999713897705,0.2849999964237213,0.2750000059604645,0.2770000100135803,1856448
2024-05-12,0.2770000100135803,0.28299999237060547,0.2529999911785126,0.2549999952316284,9435459
2024-05-14,0.25099998712539673,0.2619999945163727,0.24899999797344208,0.25600001215934753,9317184
2024-05-15,0.25600001215934753,0.2630000114440918,0.25,0.25999999046325684,8738157
2024-05-19,0.2669999897480011,0.2669999897480011,0.2669999897480011,0.2669999897480011,0
2024-05-20,0.27399998903274536,0.2849999964237213,0.27399998903274536,0.2800000011920929,19376538
2024-05-21,0.2800000011920929,0.2840000092983246,0.2759999930858612,0.27799999713897705,5590518
2024-05-22,0.27799999713897705,0.27900001406669617,0.26600000262260437,0.2669999897480011,15642565
2024-05-23,0.2669999897480011,0.2709999978542328,0.26499998569488525,0.27000001072883606,5712842
2024-05-26,0.27000001072883606,0.27000001072883606,0.27000001072883606,0.27000001072883606,0
2024-05-27,0.2800000011920929,0.29100000858306885,0.27900001406669617,0.28200000524520874,17629261
2024-05-28,0.28200000524520874,0.2849999964237213,0.27399998903274536,0.28299999237060547,17571798
2024-05-29,0.28299999237060547,0.3070000112056732,0.28200000524520874,0.30399999022483826,70197493
2024-05-30,0.30399999022483826,0.3089999854564667,0.28600001335144043,0.3059999942779541,30432038
2024-06-02,0.3059999942779541,0.30799999833106995,0.29499998688697815,0.296999990940094,13139478
2024-06-03,0.296999990940094,0.30000001192092896,0.29100000858306885,0.2919999957084656,10040831
2024-06-04,0.2919999957084656,0.30000001192092896,0.2919999957084656,0.296999990940094,8585045
2024-06-05,0.296999990940094,0.296999990940094,0.28700000047683716,0.28999999165534973,7940409
2024-06-06,0.28999999165534973,0.2930000126361847,0.2800000011920929,0.28299999237060547,9790474
2024-06-10,0.2759999930858612,0.2770000100135803,0.27000001072883606,0.27300000190734863,5428707
2024-06-11,0.27300000190734863,0.27799999713897705,0.27300000190734863,0.2759999930858612,4855908
2024-06-12,0.2759999930858612,0.29100000858306885,0.2720000147819519,0.289000004529953,11024920
2024-06-13,0.289000004529953,0.2919999957084656,0.2849999964237213,0.28700000047683716,8168151
2024-06-24,0.32499998807907104,0.32499998807907104,0.3100000023841858,0.31200000643730164,26810591
2024-06-25,0.31200000643730164,0.31299999356269836,0.3009999990463257,0.31299999356269836,14397198
2024-06-26,0.31299999356269836,0.3330000042915344,0.3070000112056732,0.30799999833106995,57358129
2024-06-27,0.30799999833106995,0.3140000104904175,0.29899999499320984,0.30000001192092896,30365912
2024-07-02,0.3019999861717224,0.30399999022483826,0.28999999165534973,0.2939999997615814,19202829
2024-07-03,0.2939999997615814,0.30000001192092896,0.2939999997615814,0.29600000381469727,10394648
2024-07-08,0.3100000023841858,0.31299999356269836,0.30300000309944153,0.30399999022483826,15274142
2024-07-09,0.30399999022483826,0.31200000643730164,0.3009999990463257,0.30300000309944153,18251402
2024-07-10,0.30300000309944153,0.3059999942779541,0.2980000078678131,0.3009999990463257,18783284
2024-07-14,0.3009999990463257,0.3100000023841858,0.3009999990463257,0.3009999990463257,13194825
2024-07-15,0.3009999990463257,0.30399999022483826,0.2980000078678131,0.30000001192092896,9807556
2024-07-16,0.30000001192092896,0.32199999690055847,0.29899999499320984,0.3190000057220459,82236040
2024-07-18,0.3199999928474426,0.328000009059906,0.3160000145435333,0.3199999928474426,20092492
2024-07-21,0.3199999928474426,0.32899999618530273,0.3199999928474426,0.32899999618530273,47694012
2024-07-22,0.32899999618530273,0.3370000123977661,0.328000009059906,0.3310000002384186,70281971
2024-07-24,0.335999995470047,0.3400000035762787,0.32600000500679016,0.33000001311302185,15280294
2024-07-28,0.33000001311302185,0.33500000834465027,0.3269999921321869,0.3330000042915344,16286325
2024-07-29,0.3330000042915344,0.3370000123977661,0.32600000500679016,0.3310000002384186,10188059
2024-07-30,0.3310000002384186,0.3319999873638153,0.32600000500679016,0.32600000500679016,14847350
2024-08-06,0.31299999356269836,0.3240000009536743,0.31299999356269836,0.3199999928474426,18124907
2024-08-07,0.3199999928474426,0.32199999690055847,0.3149999976158142,0.3179999887943268,13401952
2024-08-08,0.3179999887943268,0.3199999928474426,0.31200000643730164,0.3179999887943268,10457477
2024-08-12,0.3240000009536743,0.3269999921321869,0.3179999887943268,0.3179999887943268,10418760
2024-08-13,0.3179999887943268,0.3199999928474426,0.3140000104904175,0.3140000104904175,4748552
2024-08-14,0.3140000104904175,0.31700000166893005,0.31200000643730164,0.31299999356269836,4836168
2024-08-15,0.31299999356269836,0.3179999887943268,0.31200000643730164,0.3160000145435333,8165405
2024-08-18,0.3160000145435333,0.32100000977516174,0.31299999356269836,0.3140000104904175,7897913
2024-08-19,0.3140000104904175,0.32199999690055847,0.3140000104904175,0.32100000977516174,19471476
2024-08-21,0.32499998807907104,0.32899999618530273,0.31700000166893005,0.3179999887943268,13816816
2024-08-25,0.32199999690055847,0.3269999921321869,0.3199999928474426,0.3199999928474426,8726658
2024-08-26,0.3199999928474426,0.32600000500679016,0.3190000057220459,0.3199999928474426,7929444
2024-08-27,0.3199999928474426,0.335999995470047,0.3199999928474426,0.328000009059906,28361868
2024-08-28,0.328000009059906,0.34299999475479126,0.328000009059906,0.3370000123977661,45019076
2024-08-29,0.3370000123977661,0.34200000762939453,0.33399999141693115,0.335999995470047,16499616
2024-09-01,0.335999995470047,0.3400000035762787,0.33399999141693115,0.33899998664855957,18879372
2024-09-02,0.33899998664855957,0.3440000116825104,0.33399999141693115,0.33500000834465027,15281305
2024-09-03,0.33500000834465027,0.3400000035762787,0.3330000042915344,0.33399999141693115,12819676
2024-09-04,0.33399999141693115,0.33500000834465027,0.32499998807907104,0.33000001311302185,11136470
2024-09-08,0.3370000123977661,0.34200000762939453,0.33000001311302185,0.33000001311302185,14753546
2024-09-09,0.33000001311302185,0.33500000834465027,0.32499998807907104,0.3269999921321869,10580846
2024-09-10,0.3269999921321869,0.3310000002384186,0.3179999887943268,0.3190000057220459,10641628
2024-09-11,0.3190000057220459,0.32199999690055847,0.3160000145435333,0.3199999928474426,9883426
2024-09-12,0.3199999928474426,0.328000009059906,0.3199999928474426,0.3199999928474426,4945151
2024-09-17,0.33000001311302185,0.3310000002384186,0.3199999928474426,0.32600000500679016,38957267
2024-09-19,0.33500000834465027,0.3409999907016754,0.33500000834465027,0.3400000035762787,13170311
2024-09-22,0.3400000035762787,0.3499999940395355,0.3400000035762787,0.3449999988079071,52898632
2024-09-23,0.3449999988079071,0.35100001096725464,0.3440000116825104,0.34700000286102295,45049407
2024-09-24,0.34700000286102295,0.34700000286102295,0.34700000286102295,0.34700000286102295,0
2024-09-26,0.36500000953674316,0.3700000047683716,0.35899999737739563,0.35899999737739563,39740806
2024-09-29,0.35899999737739563,0.36000001430511475,0.3490000069141388,0.35199999809265137,55517676
2024-09-30,0.35199999809265137,0.3529999852180481,0.3440000116825104,0.3440000116825104,31084395
2024-10-02,0.34700000286102295,0.3490000069141388,0.33000001311302185,0.3330000042915344,27188835
2024-10-03,0.3330000042915344,0.3400000035762787,0.3330000042915344,0.33500000834465027,28920829
2024-10-07,0.33500000834465027,0.335999995470047,0.33000001311302185,0.3310000002384186,9076324
2024-10-08,0.3310000002384186,0.3330000042915344,0.3230000138282776,0.32499998807907104,12647928
2024-10-10,0.3269999921321869,0.32899999618530273,0.3199999928474426,0.3240000009536743,8988103
2024-10-13,0.3240000009536743,0.32600000500679016,0.31700000166893005,0.3179999887943268,4892909
2024-10-14,0.3179999887943268,0.3199999928474426,0.3100000023841858,0.3100000023841858,5648825
2024-10-15,0.3100000023841858,0.3160000145435333,0.3100000023841858,0.3100000023841858,11285309
2024-10-16,0.3100000023841858,0.3179999887943268,0.3100000023841858,0.31200000643730164,5581781
2024-10-17,0.31200000643730164,0.3140000104904175,0.3070000112056732,0.30799999833106995,5708424
2024-10-20,0.30799999833106995,0.30799999833106995,0.30000001192092896,0.3009999990463257,10170723
2024-10-21,0.3009999990463257,0.3059999942779541,0.30000001192092896,0.3050000071525574,7239918
2024-10-22,0.3050000071525574,0.3100000023841858,0.30399999022483826,0.3089999854564667,12188272
2024-10-23,0.3089999854564667,0.3230000138282776,0.30799999833106995,0.31299999356269836,13822109
2024-10-27,0.32899999618530273,0.33899998664855957,0.32899999618530273,0.3310000002384186,24643285
2024-10-28,0.3310000002384186,0.3440000116825104,0.328000009059906,0.3440000116825104,74206752
2024-10-29,0.3440000116825104,0.3479999899864197,0.3370000123977661,0.3400000035762787,31727488
2024-10-30,0.3400000035762787,0.3449999988079071,0.3330000042915344,0.3449999988079071,29031606
2024-11-03,0.3400000035762787,0.34599998593330383,0.33899998664855957,0.3409999907016754,25251508
2024-11-04,0.3409999907016754,0.3440000116825104,0.33899998664855957,0.33899998664855957,35542855
2024-11-05,0.33899998664855957,0.3409999907016754,0.33500000834465027,0.335999995470047,9862781
2024-11-07,0.3700000047683716,0.3790000081062317,0.36000001430511475,0.36500000953674316,83825843
2024-11-11,0.3709999918937683,0.37599998712539673,0.3659999966621399,0.3720000088214874,27742631
2024-11-12,0.3720000088214874,0.3790000081062317,0.36500000953674316,0.36800000071525574,49052111
2024-11-13,0.36800000071525574,0.3700000047683716,0.36500000953674316,0.3700000047683716,26154043
2024-11-14,0.3700000047683716,0.3709999918937683,0.3659999966621399,0.3659999966621399,14546936
2024-11-17,0.3659999966621399,0.36899998784065247,0.36000001430511475,0.36000001430511475,12083999
2024-11-18,0.36000001430511475,0.36399999260902405,0.34700000286102295,0.3479999899864197,25163486
2024-11-19,0.3479999899864197,0.35499998927116394,0.33899998664855957,0.35499998927116394,37825680
2024-11-20,0.35499998927116394,0.367000013589859,0.34599998593330383,0.34599998593330383,32003081
2024-11-21,0.34599998593330383,0.35499998927116394,0.3449999988079071,0.3479999899864197,18184068
2024-11-24,0.3479999899864197,0.3659999966621399,0.34599998593330383,0.3659999966621399,54472351
2024-11-26,0.375,0.38100001215934753,0.3619999885559082,0.3619999885559082,53399514
2024-11-27,0.3619999885559082,0.3659999966621399,0.3529999852180481,0.35600000619888306,43633178
2024-11-28,0.35600000619888306,0.3569999933242798,0.3479999899864197,0.3479999899864197,26757967
2024-12-01,0.3479999899864197,0.3619999885559082,0.3479999899864197,0.3610000014305115,30392237
2024-12-02,0.3610000014305115,0.36800000071525574,0.35899999737739563,0.3630000054836273,42596353
2024-12-03,0.3630000054836273,0.36500000953674316,0.35600000619888306,0.36000001430511475,15323436
2024-12-04,0.36000001430511475,0.3630000054836273,0.3569999933242798,0.36000001430511475,29828837
2024-12-05,0.36000001430511475,0.3619999885559082,0.35600000619888306,0.35600000619888306,19316375
2024-12-08,0.35600000619888306,0.3610000014305115,0.3529999852180481,0.3580000102519989,13869087
2024-12-10,0.367000013589859,0.375,0.3619999885559082,0.36899998784065247,82286194
2024-12-11,0.36899998784065247,0.39800000190734863,0.36899998784065247,0.3919999897480011,277061968
2024-12-12,0.3919999897480011,0.414000004529953,0.38600000739097595,0.4009999930858612,222717466
2024-12-15,0.4009999930858612,0.4189999997615814,0.4000000059604645,0.4059999883174896,172126539
2024-12-16,0.4059999883174896,0.4129999876022339,0.3919999897480011,0.3919999897480011,66697715
2024-12-17,0.3919999897480011,0.4099999964237213,0.38999998569488525,0.3930000066757202,131057697
2024-12-18,0.3930000066757202,0.4009999930858612,0.37400001287460327,0.37400001287460327,61493891
2024-12-19,0.37400001287460327,0.3779999911785126,0.36000001430511475,0.3709999918937683,32493486
2024-12-23,0.4099999964237213,0.4189999997615814,0.39800000190734863,0.4059999883174896,195700433
2024-12-24,0.4059999883174896,0.42399999499320984,0.4009999930858612,0.421999990940094,187513647
2024-12-25,0.421999990940094,0.42800000309944153,0.40799999237060547,0.40799999237060547,131932879
2024-12-26,0.40799999237060547,0.414000004529953,0.39899998903274536,0.4000000059604645,60196828
2024-12-29,0.4000000059604645,0.4129999876022339,0.4000000059604645,0.40400001406669617,89861109
2024-12-30,0.40400001406669617,0.41499999165534973,0.38499999046325684,0.38999998569488525,115353035
2024-12-31,0.38999998569488525,0.39399999380111694,0.3880000114440918,0.38999998569488525,69430602
2025-01-08,0.4169999957084656,0.4269999861717224,0.41100001335144043,0.4230000078678131,119445753
2025-01-12,0.42800000309944153,0.4359999895095825,0.4189999997615814,0.42899999022483826,44112343
2025-01-13,0.42899999022483826,0.4399999976158142,0.41999998688697815,0.42399999499320984,70841495
2025-01-14,0.42399999499320984,0.44999998807907104,0.414000004529953,0.44999998807907104,157322467
2025-01-15,0.44999998807907104,0.453000009059906,0.42500001192092896,0.43299999833106995,122143629
2025-01-16,0.43299999833106995,0.4440000057220459,0.4300000071525574,0.4399999976158142,50367730
2025-01-19,0.43299999833106995,0.4749999940395355,0.4300000071525574,0.4740000069141388,234489924
2025-01-20,0.4699999988079071,0.4749999940395355,0.45399999618530273,0.45399999618530273,84308658
2025-01-21,0.45399999618530273,0.460999995470047,0.4519999921321869,0.46000000834465027,32980824
2025-01-22,0.46000000834465027,0.492000013589859,0.4580000042915344,0.48100000619888306,264227470
2025-01-23,0.48100000619888306,0.48399999737739563,0.46000000834465027,0.4650000035762787,70257871
2025-01-26,0.4650000035762787,0.47999998927116394,0.4569999873638153,0.460999995470047,121603336
2025-01-27,0.460999995470047,0.4729999899864197,0.45399999618530273,0.46000000834465027,124308038
2025-01-28,0.46000000834465027,0.4699999988079071,0.4560000002384186,0.46399998664855957,46009410
2025-01-29,0.46399998664855957,0.4790000021457672,0.4580000042915344,0.47099998593330383,97518758
2025-01-30,0.47099998593330383,0.47200000286102295,0.45399999618530273,0.45500001311302185,48751126
2025-02-02,0.45500001311302185,0.45500001311302185,0.4320000112056732,0.4339999854564667,50535369
2025-02-03,0.4339999854564667,0.43799999356269836,0.41999998688697815,0.42399999499320984,36256270
2025-02-04,0.42399999499320984,0.4309999942779541,0.4169999957084656,0.4189999997615814,59687808
2025-02-05,0.4189999997615814,0.4230000078678131,0.4129999876022339,0.41600000858306885,27587638
2025-02-09,0.42100000381469727,0.42500001192092896,0.41200000047683716,0.41200000047683716,40292904
2025-02-10,0.41200000047683716,0.4320000112056732,0.41200000047683716,0.4269999861717224,105169032
2025-02-11,0.4269999861717224,0.44600000977516174,0.40299999713897705,0.40299999713897705,182073498
2025-02-12,0.40299999713897705,0.41200000047683716,0.38999998569488525,0.40799999237060547,41806179
2025-02-13,0.40799999237060547,0.4300000071525574,0.40700000524520874,0.42100000381469727,97078536
2025-02-16,0.42100000381469727,0.42899999022483826,0.4189999997615814,0.41999998688697815,41392058
2025-02-17,0.41999998688697815,0.42500001192092896,0.4169999957084656,0.4189999997615814,64856029
2025-02-18,0.4189999997615814,0.4269999861717224,0.4189999997615814,0.42100000381469727,31485192
2025-02-19,0.42100000381469727,0.43299999833106995,0.4189999997615814,0.42100000381469727,51550835
2025-02-20,0.42100000381469727,0.4259999990463257,0.4189999997615814,0.42399999499320984,29278623
2025-02-23,0.42399999499320984,0.4410000145435333,0.42399999499320984,0.4359999895095825,99161172
2025-02-24,0.4359999895095825,0.4440000057220459,0.4350000023841858,0.4359999895095825,37046644
2025-02-25,0.4359999895095825,0.4399999976158142,0.4300000071525574,0.4309999942779541,35320639
2025-02-26,0.4309999942779541,0.4490000009536743,0.4309999942779541,0.4359999895095825,141753215
2025-02-27,0.4359999895095825,0.43700000643730164,0.421999990940094,0.42399999499320984,65957115
2025-03-02,0.42399999499320984,0.4300000071525574,0.4230000078678131,0.4230000078678131,6987879
2025-03-03,0.4230000078678131,0.4259999990463257,0.4189999997615814,0.41999998688697815,27910586
2025-03-04,0.41999998688697815,0.42399999499320984,0.40400001406669617,0.4059999883174896,43608810
2025-03-05,0.4059999883174896,0.4090000092983246,0.3799999952316284,0.3919999897480011,100675512
2025-03-06,0.3919999897480011,0.3970000147819519,0.3869999945163727,0.39100000262260437,36957992
2025-03-09,0.39100000262260437,0.39399999380111694,0.3840000033378601,0.38999998569488525,85114780
2025-03-10,0.38999998569488525,0.39899998903274536,0.3880000114440918,0.3880000114440918,67351254
2025-03-11,0.3880000114440918,0.3880000114440918,0.3799999952316284,0.3840000033378601,17106276
2025-03-16,0.3880000114440918,0.3930000066757202,0.3840000033378601,0.3840000033378601,31316403
2025-03-17,0.3840000033378601,0.3880000114440918,0.3799999952316284,0.38100001215934753,21900868
2025-03-18,0.38100001215934753,0.38499999046325684,0.38100001215934753,0.38199999928474426,13342712
2025-03-19,0.38199999928474426,0.4000000059604645,0.37299999594688416,0.3869999945163727,71933572
2025-03-24,0.41999998688697815,0.4339999854564667,0.40299999713897705,0.41499999165534973,132984629
2025-03-26,0.45500001311302185,0.460999995470047,0.43799999356269836,0.44699999690055847,147898587
2025-03-27,0.44699999690055847,0.4580000042915344,0.4350000023841858,0.44600000977516174,179279794
2025-04-03,0.44600000977516174,0.45899999141693115,0.4339999854564667,0.4390000104904175,75114663
2025-04-07,0.40799999237060547,0.41600000858306885,0.39500001072883606,0.4099999964237213,41563154
2025-04-08,0.4099999964237213,0.4189999997615814,0.40400001406669617,0.40700000524520874,61081374
2025-04-09,0.40700000524520874,0.40799999237060547,0.38999998569488525,0.40299999713897705,74501374
2025-04-15,0.43799999356269836,0.44999998807907104,0.4269999861717224,0.4269999861717224,107531990
2025-04-16,0.4269999861717224,0.44200000166893005,0.4269999861717224,0.4350000023841858,72850470
2025-04-17,0.4350000023841858,0.4449999928474426,0.4300000071525574,0.43700000643730164,40008405
2025-04-22,0.43700000643730164,0.45500001311302185,0.4320000112056732,0.4440000057220459,106906077
2025-04-23,0.4440000057220459,0.4519999921321869,0.4390000104904175,0.4399999976158142,112291149
2025-04-28,0.44600000977516174,0.4560000002384186,0.4440000057220459,0.4480000138282776,127996653
2025-04-29,0.4480000138282776,0.4519999921321869,0.4350000023841858,0.4350000023841858,80647527
2025-05-04,0.47600001096725464,0.4830000102519989,0.47099998593330383,0.47600001096725464,120242724
2025-05-05,0.47600001096725464,0.4950000047683716,0.4729999899864197,0.4860000014305115,144485584
2025-05-06,0.4860000014305115,0.5070000290870667,0.4790000021457672,0.5009999871253967,172037354
2025-05-07,0.5009999871253967,0.5149999856948853,0.4869999885559082,0.4880000054836273,151784554
2025-05-08,0.4880000054836273,0.4950000047683716,0.4749999940395355,0.49000000953674316,86943047
2025-05-11,0.49000000953674316,0.5109999775886536,0.4880000054836273,0.5,86357305
2025-05-12,0.5,0.5099999904632568,0.49000000953674316,0.503000020980835,104559788
2025-05-14,0.5070000290870667,0.5139999985694885,0.5040000081062317,0.5049999952316284,60829297
2025-05-15,0.5049999952316284,0.5080000162124634,0.492000013589859,0.492000013589859,37671367
2025-05-18,0.492000013589859,0.4970000088214874,0.47099998593330383,0.47099998593330383,35709476
2025-05-19,0.47099998593330383,0.47999998927116394,0.47099998593330383,0.47600001096725464,25233559
2025-05-20,0.47600001096725464,0.4860000014305115,0.4740000069141388,0.4819999933242798,65991817
2025-05-21,0.4819999933242798,0.49000000953674316,0.48100000619888306,0.48500001430511475,35193630
2025-05-26,0.5199999809265137,0.5289999842643738,0.5099999904632568,0.5099999904632568,102208500
2025-05-27,0.5099999904632568,0.5170000195503235,0.5070000290870667,0.5099999904632568,90217834
2025-05-28,0.5099999904632568,0.5199999809265137,0.5049999952316284,0.5059999823570251,83749050
2025-05-29,0.5059999823570251,0.5109999775886536,0.49799999594688416,0.5,45900572
2025-06-01,0.5,0.5170000195503235,0.49900001287460327,0.5059999823570251,59960544
2025-06-02,0.5059999823570251,0.5130000114440918,0.49000000953674316,0.5049999952316284,60767433
2025-06-10,0.5569999814033508,0.5770000219345093,0.5559999942779541,0.5770000219345093,175707907
2025-06-11,0.5770000219345093,0.5799999833106995,0.550000011920929,0.5509999990463257,251260280
2025-06-12,0.5509999990463257,0.5519999861717224,0.5260000228881836,0.5329999923706055,182681464
2025-06-16,0.5139999985694885,0.5299999713897705,0.5120000243186951,0.5149999856948853,79250228
2025-06-17,0.5149999856948853,0.5230000019073486,0.48500001430511475,0.4909999966621399,77928495
2025-06-18,0.4909999966621399,0.49900001287460327,0.4749999940395355,0.49799999594688416,54348145
2025-06-19,0.49799999594688416,0.5249999761581421,0.4909999966621399,0.4909999966621399,161504671
2025-06-22,0.4909999966621399,0.5109999775886536,0.4819999933242798,0.5109999775886536,80572364
2025-06-23,0.5109999775886536,0.5249999761581421,0.5109999775886536,0.5149999856948853,260917764
2025-06-25,0.5410000085830688,0.5529999732971191,0.5400000214576721,0.5400000214576721,228765421
2025-06-30,0.5699999928474426,0.5929999947547913,0.5680000185966492,0.5849999785423279,330626474
2025-07-02,0.6230000257492065,0.6809999942779541,0.621999979019165,0.6539999842643738,405811619
2025-07-06,0.6539999842643738,0.6639999747276306,0.6290000081062317,0.6340000033378601,178671765
2025-07-07,0.6340000033378601,0.6589999794960022,0.6320000290870667,0.6380000114440918,226546708
2025-07-09,0.6380000114440918,0.6489999890327454,0.6169999837875366,0.6190000176429749,91281227
2025-07-10,0.6190000176429749,0.628000020980835,0.6190000176429749,0.6230000257492065,80943415
2025-07-14,0.652999997138977,0.6669999957084656,0.6420000195503235,0.6420000195503235,132835336
2025-07-15,0.6420000195503235,0.6510000228881836,0.6340000033378601,0.6389999985694885,179787762
2025-07-16,0.6389999985694885,0.6499999761581421,0.6320000290870667,0.6359999775886536,101707500
2025-07-17,0.6359999775886536,0.6460000276565552,0.6340000033378601,0.6389999985694885,66646470
2025-07-20,0.6389999985694885,0.6899999976158142,0.6380000114440918,0.6850000023841858,338098799
2025-07-21,0.6850000023841858,0.7149999737739563,0.6779999732971191,0.6800000071525574,305538252
2025-07-22,0.6800000071525574,0.7170000076293945,0.6790000200271606,0.7170000076293945,253327205
2025-07-23,0.7170000076293945,0.7170000076293945,0.7170000076293945,0.7170000076293945,0
2025-07-27,0.777999997138977,0.8140000104904175,0.7730000019073486,0.8100000023841858,274069625
2025-07-28,0.8100000023841858,0.8199999928474426,0.7850000262260437,0.7850000262260437,205161427
2025-07-29,0.7850000262260437,0.8199999928474426,0.7820000052452087,0.8149999976158142,217381825
2025-07-30,0.8149999976158142,0.8199999928474426,0.7149999737739563,0.7390000224113464,360389698
2025-07-31,0.7390000224113464,0.7699999809265137,0.7350000143051147,0.7559999823570251,198679878
2025-08-03,0.7559999823570251,0.7559999823570251,0.7559999823570251,0.7559999823570251,0
2025-08-04,0.7559999823570251,0.7559999823570251,0.7559999823570251,0.7559999823570251,0
2025-08-05,0.7559999823570251,0.7559999823570251,0.7559999823570251,0.7559999823570251,0
2025-08-06,0.7559999823570251,0.7559999823570251,0.7559999823570251,0.7559999823570251,0
2025-08-07,0.7559999823570251,0.7559999823570251,0.7559999823570251,0.7559999823570251,0
2025-08-10,0.7120000123977661,0.7250000238418579,0.7089999914169312,0.7089999914169312,71691805
2025-08-11,0.7089999914169312,0.718999981880188,0.6809999942779541,0.6830000281333923,159292627
2025-08-12,0.6830000281333923,0.6869999766349792,0.671999990940094,0.6800000071525574,81935632
2025-08-13,0.6800000071525574,0.6959999799728394,0.6600000262260437,0.6600000262260437,100857786
2025-08-14,0.6600000262260437,0.6660000085830688,0.6449999809265137,0.6660000085830688,73156874
2025-08-17,0.6660000085830688,0.6779999732971191,0.6650000214576721,0.6710000038146973,94467218
2025-08-18,0.6710000038146973,0.6949999928474426,0.6710000038146973,0.6869999766349792,151490233
2025-08-19,0.6869999766349792,0.7099999785423279,0.6840000152587891,0.703000009059906,177170960
2025-08-20,0.703000009059906,0.7139999866485596,0.6930000185966492,0.6940000057220459,112496306
2025-08-21,0.6940000057220459,0.703000009059906,0.6830000281333923,0.6840000152587891,58296281
2025-08-24,0.6840000152587891,0.6899999976158142,0.675000011920929,0.675000011920929,32241248
2025-08-25,0.675000011920929,0.6830000281333923,0.6669999957084656,0.6700000166893005,40930304
2025-08-26,0.6700000166893005,0.6899999976158142,0.6600000262260437,0.6840000152587891,142467922
2025-08-27,0.6840000152587891,0.7149999737739563,0.6759999990463257,0.699999988079071,238199916
2025-08-28,0.699999988079071,0.7099999785423279,0.6880000233650208,0.6899999976158142,60520309
2025-08-31,0.6899999976158142,0.7020000219345093,0.6510000228881836,0.6700000166893005,89775947
2025-09-01,0.6700000166893005,0.6800000071525574,0.6610000133514404,0.675000011920929,36475299
2025-09-02,0.675000011920929,0.6840000152587891,0.6690000295639038,0.6710000038146973,40950493
2025-09-03,0.6710000038146973,0.6769999861717224,0.6570000052452087,0.6629999876022339,86119242
2025-09-07,0.6629999876022339,0.6679999828338623,0.6520000100135803,0.6639999747276306,55332741
2025-09-08,0.6639999747276306,0.6919999718666077,0.6639999747276306,0.6899999976158142,168452701
2025-09-09,0.6899999976158142,0.703000009059906,0.671999990940094,0.6740000247955322,137606473
2025-09-10,0.6740000247955322,0.6759999990463257,0.6669999957084656,0.6700000166893005,50676890
2025-09-11,0.6700000166893005,0.6819999814033508,0.6700000166893005,0.6800000071525574,78424290
2025-09-14,0.6800000071525574,0.7049999833106995,0.6790000200271606,0.699999988079071,269614458
2025-09-15,0.699999988079071,0.7160000205039978,0.6959999799728394,0.7009999752044678,154024076
2025-09-16,0.7009999752044678,0.7099999785423279,0.6779999732971191,0.6819999814033508,104796121
2025-09-17,0.6819999814033508,0.7099999785423279,0.6700000166893005,0.7009999752044678,130540319
2025-09-18,0.7009999752044678,0.7070000171661377,0.675000011920929,0.6809999942779541,137686538
2025-09-21,0.6809999942779541,0.6850000023841858,0.6700000166893005,0.6729999780654907,42103002
2025-09-22,0.6729999780654907,0.6850000023841858,0.6679999828338623,0.6710000038146973,54050775
2025-09-23,0.6710000038146973,0.6899999976158142,0.6600000262260437,0.6600000262260437,182904144
2025-09-24,0.6600000262260437,0.6690000295639038,0.6579999923706055,0.6679999828338623,43482214
2025-09-25,0.6679999828338623,0.671999990940094,0.6589999794960022,0.6620000004768372,74289211
2025-09-28,0.6620000004768372,0.6700000166893005,0.6589999794960022,0.6700000166893005,39695681
2025-09-29,0.6700000166893005,0.6729999780654907,0.656000018119812,0.656000018119812,46939004
2025-09-30,0.656000018119812,0.6589999794960022,0.6470000147819519,0.6480000019073486,35672392
2025-10-01,0.6480000019073486,0.6850000023841858,0.6480000019073486,0.6800000071525574,157063424
2025-10-02,0.6800000071525574,0.6800000071525574,0.6570000052452087,0.6600000262260437,94210507
2025-10-05,0.6600000262260437,0.6710000038146973,0.6600000262260437,0.6600000262260437,29314592
2025-10-06,0.6600000262260437,0.6660000085830688,0.6579999923706055,0.6579999923706055,21310973
2025-10-07,0.6579999923706055,0.6660000085830688,0.656000018119812,0.6579999923706055,13662269
2025-10-08,0.6579999923706055,0.6610000133514404,0.6470000147819519,0.6499999761581421,19557157
2025-10-12,0.6499999761581421,0.656000018119812,0.6380000114440918,0.6399999856948853,44076157
2025-10-14,0.6499999761581421,0.6759999990463257,0.6499999761581421,0.6589999794960022,117576473
2025-10-15,0.6589999794960022,0.6669999957084656,0.656000018119812,0.6639999747276306,44515711
2025-10-16,0.6639999747276306,0.6729999780654907,0.6600000262260437,0.6610000133514404,58361376
2025-10-19,0.6610000133514404,0.6710000038146973,0.6589999794960022,0.6669999957084656,30298871
2025-10-20,0.6669999957084656,0.6729999780654907,0.6610000133514404,0.6639999747276306,19686596
2025-10-21,0.6639999747276306,0.6669999957084656,0.6499999761581421,0.652999997138977,40601617
2025-10-22,0.652999997138977,0.6579999923706055,0.6430000066757202,0.6430000066757202,33122825
2025-10-27,0.6669999957084656,0.6729999780654907,0.6579999923706055,0.6600000262260437,60893358
2025-10-28,0.6600000262260437,0.6629999876022339,0.6549999713897705,0.6549999713897705,35868238
2025-10-29,0.6549999713897705,0.6639999747276306,0.652999997138977,0.656000018119812,24832610
2025-10-30,0.656000018119812,0.6600000262260437,0.6499999761581421,0.6510000228881836,9914633
2025-11-02,0.6510000228881836,0.6549999713897705,0.6389999985694885,0.6399999856948853,28826782
2025-11-03,0.6399999856948853,0.6470000147819519,0.6349999904632568,0.6420000195503235,43097229
2025-11-04,0.6420000195503235,0.6449999809265137,0.6370000243186951,0.6399999856948853,19158336
2025-11-05,0.6399999856948853,0.6439999938011169,0.6359999775886536,0.6380000114440918,20356021
2025-11-06,0.6380000114440918,0.640999972820282,0.6320000290870667,0.6380000114440918,22780659
2025-11-09,0.6380000114440918,0.640999972820282,0.6309999823570251,0.6340000033378601,16922150
2025-11-10,0.6340000033378601,0.6349999904632568,0.6240000128746033,0.6269999742507935,26699188
2025-11-11,0.6269999742507935,0.6299999952316284,0.621999979019165,0.6230000257492065,21393790
2025-11-12,0.6230000257492065,0.6380000114440918,0.6230000257492065,0.6290000081062317,20598563
2025-11-13,0.6290000081062317,0.6330000162124634,0.621999979019165,0.621999979019165,29608209
2025-11-16,0.621999979019165,0.6259999871253967,0.6209999918937683,0.621999979019165,24891752
2025-11-17,0.621999979019165,0.6240000128746033,0.6129999756813049,0.6169999837875366,23108078
2025-11-18,0.6169999837875366,0.6200000047683716,0.6060000061988831,0.6060000061988831,13082575
2025-11-19,0.6060000061988831,0.6129999756813049,0.5989999771118164,0.6000000238418579,12570300
2025-11-20,0.6000000238418579,0.6039999723434448,0.5559999942779541,0.5580000281333923,134738725
2025-11-23,0.5580000281333923,0.5649999976158142,0.5519999861717224,0.5600000023841858,45687399
2025-11-24,0.5600000023841858,0.5649999976158142,0.5550000071525574,0.5580000281333923,22681859
2025-11-25,0.5580000281333923,0.5659999847412109,0.5440000295639038,0.5460000038146973,41310291
2025-11-26,0.5460000038146973,0.550000011920929,0.5299999713897705,0.5389999747276306,32474946
2025-11-27,0.5389999747276306,0.550000011920929,0.5379999876022339,0.5419999957084656,29697588
2025-11-30,0.5419999957084656,0.5569999814033508,0.5400000214576721,0.5559999942779541,52839783
2025-12-02,0.5730000138282776,0.5830000042915344,0.5609999895095825,0.5609999895095825,46836009
2025-12-03,0.5609999895095825,0.5649999976158142,0.5540000200271606,0.5559999942779541,27173053
2025-12-04,0.5559999942779541,0.5709999799728394,0.5529999732971191,0.5659999847412109,42535037
2025-12-08,0.5899999737739563,0.5960000157356262,0.5770000219345093,0.5770000219345093,26987365
2025-12-09,0.5770000219345093,0.5860000252723694,0.5770000219345093,0.578000009059906,19381599
2025-12-11,0.5870000123977661,0.5889999866485596,0.5789999961853027,0.5799999833106995,15649467
2025-12-14,0.5799999833106995,0.5929999947547913,0.5799999833106995,0.5870000123977661,20116077
2025-12-15,0.5870000123977661,0.5979999899864197,0.5860000252723694,0.593999981880188,44742054
2025-12-16,0.593999981880188,0.5960000157356262,0.5879999995231628,0.5899999737739563,22333830
2025-12-17,0.5899999737739563,0.5929999947547913,0.5809999704360962,0.5820000171661377,15764002
2025-12-18,0.5820000171661377,0.5870000123977661,0.5740000009536743,0.5759999752044678,23551122
2025-12-22,0.5809999704360962,0.5849999785423279,0.5740000009536743,0.574999988079071,21482592
2025-12-23,0.574999988079071,0.578000009059906,0.5600000023841858,0.5659999847412109,31414143
2025-12-25,0.5730000138282776,0.5730000138282776,0.5590000152587891,0.5600000023841858,60832479
2025-12-28,0.5600000023841858,0.5649999976158142,0.5590000152587891,0.5600000023841858,13799580
2025-12-29,0.5600000023841858,0.5640000104904175,0.5550000071525574,0.5640000104904175,10170959
2025-12-30,0.5640000104904175,0.5730000138282776,0.5619999766349792,0.5630000233650208,28005992
2025-12-31,0.5630000233650208,0.5690000057220459,0.5600000023841858,0.5600000023841858,14764147
2026-01-04,0.5600000023841858,0.5640000104904175,0.5550000071525574,0.5580000281333923,14662427
2026-01-05,0.5580000281333923,0.5580000281333923,0.5450000166893005,0.550000011920929,21064640
2026-01-06,0.550000011920929,0.5540000200271606,0.5460000038146973,0.5509999990463257,4485823
2026-01-08,0.5509999990463257,0.5550000071525574,0.546999990940094,0.550000011920929,14074868
2026-01-11,0.550000011920929,0.5540000200271606,0.5460000038146973,0.546999990940094,15705442
2026-01-12,0.546999990940094,0.5529999732971191,0.5400000214576721,0.5479999780654907,31976029
2026-01-13,0.5479999780654907,0.5519999861717224,0.5360000133514404,0.5400000214576721,17319555
2026-01-14,0.5400000214576721,0.5400000214576721,0.5220000147819519,0.5329999923706055,25997713
2026-01-15,0.5329999923706055,0.5360000133514404,0.5199999809265137,0.5199999809265137,16229881
2026-01-18,0.5199999809265137,0.5350000262260437,0.5170000195503235,0.5299999713897705,17149170
2026-01-19,0.5299999713897705,0.5329999923706055,0.5260000228881836,0.5299999713897705,9948101
2026-01-20,0.5299999713897705,0.5360000133514404,0.5260000228881836,0.5299999713897705,18349252
2026-01-21,0.5299999713897705,0.5509999990463257,0.5270000100135803,0.5400000214576721,48544930
2026-01-22,0.5400000214576721,0.550000011920929,0.5370000004768372,0.5370000004768372,29268900
2026-01-25,0.5370000004768372,0.5529999732971191,0.5370000004768372,0.5400000214576721,39396832
2026-01-26,0.5400000214576721,0.5490000247955322,0.5389999747276306,0.5410000085830688,36972289
2026-01-28,0.5830000042915344,0.5879999995231628,0.5659999847412109,0.574999988079071,65597893
2026-02-01,0.574999988079071,0.597000002861023,0.5669999718666077,0.5950000286102295,54856551
2026-02-02,0.5950000286102295,0.6110000014305115,0.5860000252723694,0.5989999771118164,97052516
2026-02-03,0.5989999771118164,0.6050000190734863,0.5899999737739563,0.5899999737739563,58483920
2026-02-04,0.5899999737739563,0.6060000061988831,0.5899999737739563,0.5950000286102295,66909458
2026-02-05,0.5950000286102295,0.6000000238418579,0.5799999833106995,0.5849999785423279,44642269
2026-02-08,0.5849999785423279,0.5950000286102295,0.5799999833106995,0.5820000171661377,54146766
2026-02-09,0.5820000171661377,0.5960000157356262,0.5789999961853027,0.5860000252723694,78737984
2026-02-10,0.5860000252723694,0.5929999947547913,0.5849999785423279,0.5860000252723694,41364604
2026-02-11,0.5860000252723694,0.5910000205039978,0.5809999704360962,0.5820000171661377,47444291
2026-02-12,0.5820000171661377,0.5870000123977661,0.5770000219345093,0.578000009059906,23817684
2026-02-15,0.578000009059906,0.5830000042915344,0.5659999847412109,0.5740000009536743,36807289
2026-02-16,0.5740000009536743,0.5799999833106995,0.5659999847412109,0.5669999718666077,31704968
2026-02-17,0.5669999718666077,0.5699999928474426,0.5559999942779541,0.5619999766349792,33306570
2026-02-18,0.5619999766349792,0.5740000009536743,0.5569999814033508,0.5630000233650208,44820948
2026-02-19,0.5630000233650208,0.5699999928474426,0.550000011920929,0.5590000152587891,15127742
2026-02-22,0.5590000152587891,0.5609999895095825,0.5450000166893005,0.5479999780654907,20914615
2026-02-23,0.5479999780654907,0.5529999732971191,0.546999990940094,0.550000011920929,7363207
2026-02-24,0.550000011920929,0.5540000200271606,0.5400000214576721,0.5400000214576721,25411795
2026-02-25,0.5400000214576721,0.546999990940094,0.5199999809265137,0.5260000228881836,19752215
2026-02-26,0.5260000228881836,0.531000018119812,0.5239999890327454,0.5299999713897705,18622261
2026-03-02,0.5070000290870667,0.5109999775886536,0.49399998784065247,0.49799999594688416,33767479
2026-03-03,0.49799999594688416,0.49900001287460327,0.49000000953674316,0.49000000953674316,15181891
2026-03-04,0.49000000953674316,0.4950000047683716,0.4860000014305115,0.492000013589859,9573635
2026-03-09,0.5199999809265137,0.5270000100135803,0.5180000066757202,0.5189999938011169,18266322
2026-03-11,0.5379999876022339,0.5450000166893005,0.5320000052452087,0.5350000262260437,29774243
2026-03-12,0.5350000262260437,0.5400000214576721,0.5320000052452087,0.5350000262260437,10247502
2026-03-15,0.5350000262260437,0.5389999747276306,0.5210000276565552,0.5220000147819519,15581053
2026-03-16,0.5220000147819519,0.5270000100135803,0.5170000195503235,0.5199999809265137,10786625
2026-03-17,0.5199999809265137,0.5249999761581421,0.5189999938011169,0.5199999809265137,5431061
2026-03-18,0.5199999809265137,0.5260000228881836,0.5180000066757202,0.5180000066757202,13441092
2026-03-19,0.5180000066757202,0.5180000066757202,0.5180000066757202,0.5180000066757202,0
2026-03-24,0.5180000066757202,0.5429999828338623,0.5180000066757202,0.5339999794960022,42927375
2026-03-26,0.5490000247955322,0.5569999814033508,0.5370000004768372,0.5389999747276306,37043739
2026-03-29,0.5389999747276306,0.5590000152587891,0.5360000133514404,0.5540000200271606,53458089
2026-03-30,0.5540000200271606,0.5640000104904175,0.5370000004768372,0.5370000004768372,69040987
2026-03-31,0.5370000004768372,0.5479999780654907,0.5350000262260437,0.5350000262260437,19543210
2026-04-02,0.5410000085830688,0.5690000057220459,0.5410000085830688,0.5680000185966492,99367187
2026-04-06,0.5740000009536743,0.5799999833106995,0.5699999928474426,0.5699999928474426,55847951
2026-04-07,0.5699999928474426,0.5809999704360962,0.5659999847412109,0.5680000185966492,67509521
2026-04-09,0.574999988079071,0.578000009059906,0.5649999976158142,0.5690000057220459,47751871
2026-04-14,0.5690000057220459,0.5730000138282776,0.5659999847412109,0.5699999928474426,22209940
2026-04-15,0.5699999928474426,0.5730000138282776,0.5669999718666077,0.5720000267028809,51819719
2026-04-16,0.5720000267028809,0.5870000123977661,0.5720000267028809,0.5870000123977661,102084612
2026-04-20,0.6349999904632568,0.6380000114440918,0.6179999709129333,0.6309999823570251,104093680
2026-04-21,0.6309999823570251,0.6629999876022339,0.6299999952316284,0.6439999938011169,138719621
2026-04-22,0.6439999938011169,0.656000018119812,0.6340000033378601,0.6349999904632568,59939589
2026-04-23,0.6349999904632568,0.6430000066757202,0.6200000047683716,0.6290000081062317,57969784
2026-04-26,0.6290000081062317,0.640999972820282,0.628000020980835,0.6340000033378601,40342649
2026-04-28,0.6380000114440918,0.6399999856948853,0.6309999823570251,0.6309999823570251,21171973
2026-04-29,0.6309999823570251,0.6349999904632568,0.6290000081062317,0.6320000290870667,23369812
2026-04-30,0.6320000290870667,0.6349999904632568,0.6309999823570251,0.6309999823570251,19361054
2026-05-04,0.6399999856948853,0.6470000147819519,0.6269999742507935,0.6340000033378601,27447165
2026-05-05,0.6340000033378601,0.6340000033378601,0.621999979019165,0.6240000128746033,26745167
2026-05-06,0.6240000128746033,0.6370000243186951,0.6240000128746033,0.6349999904632568,27956976
2026-05-10,0.6349999904632568,0.6449999809265137,0.6299999952316284,0.6299999952316284,48573985
2026-05-11,0.6299999952316284,0.6330000162124634,0.6259999871253967,0.6309999823570251,21805675
2026-05-12,0.6309999823570251,0.6340000033378601,0.628000020980835,0.6299999952316284,11763448
2026-05-13,0.6299999952316284,0.6320000290870667,0.628000020980835,0.6320000290870667,17415928
2026-05-14,0.6320000290870667,0.6359999775886536,0.6290000081062317,0.6340000033378601,31476625
2026-05-17,0.6340000033378601,0.6539999842643738,0.6340000033378601,0.6489999890327454,80953449
2026-05-18,0.6489999890327454,0.6539999842643738,0.6299999952316284,0.6370000243186951,51807780
2026-05-19,0.6370000243186951,0.6460000276565552,0.6269999742507935,0.628000020980835,41053374
2026-05-20,0.628000020980835,0.6349999904632568,0.6100000143051147,0.6119999885559082,32561272
2026-05-21,0.6119999885559082,0.6200000047683716,0.6010000109672546,0.6069999933242798,18445978
2026-05-24,0.6069999933242798,0.6200000047683716,0.6019999980926514,0.6039999723434448,17109308
2026-05-25,0.6039999723434448,0.6129999756813049,0.6000000238418579,0.6060000061988831,22826432
2026-05-26,0.6060000061988831,0.6060000061988831,0.6060000061988831,0.6060000061988831,0
2026-05-27,0.6060000061988831,0.6060000061988831,0.6060000061988831,0.6060000061988831,0
2026-05-28,0.6060000061988831,0.6060000061988831,0.6060000061988831,0.6060000061988831,0
2026-06-02,0.6209999918937683,0.625,0.6169999837875366,0.6230000257492065,18300325
2026-06-03,0.6230000257492065,0.6520000100135803,0.6190000176429749,0.6480000019073486,99924063
2026-06-04,0.6480000019073486,0.6539999842643738,0.6399999856948853,0.6499999761581421,66673557
2026-06-07,0.6499999761581421,0.6499999761581421,0.6349999904632568,0.6349999904632568,25794644
2026-06-08,0.6349999904632568,0.6389999985694885,0.625,0.6299999952316284,14343045
2026-06-09,0.6299999952316284,0.6389999985694885,0.625,0.6299999952316284,29133929
2026-06-10,0.6299999952316284,0.6309999823570251,0.6050000190734863,0.6060000061988831,37432301
2026-06-11,0.6060000061988831,0.609000027179718,0.5929999947547913,0.5979999899864197,16986521
2026-06-14,0.5979999899864197,0.6140000224113464,0.5920000076293945,0.6100000143051147,70976553
2026-06-16,0.6169999837875366,0.6209999918937683,0.6129999756813049,0.6169999837875366,14779160
2026-06-17,0.6169999837875366,0.6169999837875366,0.6169999837875366,0.6169999837875366,0
2026-06-18,0.6169999837875366,0.6169999837875366,0.6169999837875366,0.6169999837875366,0
2026-06-21,0.6079999804496765,0.6140000224113464,0.6019999980926514,0.6119999885559082,19377479
2026-06-22,0.6119999885559082,0.6119999885559082,0.6119999885559082,0.6119999885559082,0
2026-06-23,0.6069999933242798,0.6179999709129333,0.6000000238418579,0.6100000143051147,29169318
2026-06-24,0.6100000143051147,0.6140000224113464,0.5979999899864197,0.6019999980926514,29061533
2026-06-25,0.6019999980926514,0.6050000190734863,0.5899999737739563,0.5950000286102295,24104299
2026-06-28,0.5950000286102295,0.5979999899864197,0.5849999785423279,0.5849999785423279,12774170
2026-06-29,0.5849999785423279,0.5910000205039978,0.5730000138282776,0.5820000171661377,13264402
2026-06-30,0.5820000171661377,0.5950000286102295,0.5820000171661377,0.5899999737739563,21598644
2026-07-01,0.5899999737739563,0.6019999980926514,0.5889999866485596,0.6000000238418579,20417435
2026-07-06,0.621999979019165,0.6349999904632568,0.6209999918937683,0.6320000290870667,88396978
2026-07-07,0.6320000290870667,0.6370000243186951,0.628000020980835,0.6309999823570251,30428390
2026-07-08,0.6309999823570251,0.6309999823570251,0.6159999966621399,0.6309999823570251,44378392
2026-07-09,0.6309999823570251,0.640999972820282,0.625,0.6399999856948853,36589576
2026-07-12,0.6399999856948853,0.6399999856948853,0.6309999823570251,0.6340000033378601,28220131
2026-07-13,0.6340000033378601,0.6340000033378601,0.6230000257492065,0.6299999952316284,25865930
2026-07-14,0.6299999952316284,0.6510000228881836,0.625,0.6399999856948853,120223275
2026-07-15,0.6399999856948853,0.6650000214576721,0.6399999856948853,0.6650000214576721,260047271
2026-07-19,0.7020000219345093,0.7070000171661377,0.6909999847412109,0.6980000138282776,108464863
2026-07-21,0.718999981880188,0.7239999771118164,0.7049999833106995,0.7070000171661377,128871268
2026-07-22,0.7070000171661377,0.7279999852180481,0.699999988079071,0.718999981880188,90460567
2026-07-26,0.718999981880188,0.7260000109672546,0.7099999785423279,0.7149999737739563,46079348
2026-07-27,0.7149999737739563,0.7200000286102295,0.7099999785423279,0.7149999737739563,39030424
2026-07-29,0.7329999804496765,0.7440000176429749,0.7139999866485596,0.7160000205039978,30189112
2026-08-02,0.7009999752044678,0.7310000061988831,0.7009999752044678,0.7250000238418579,63403546
2026-08-03,0.7250000238418579,0.7379999756813049,0.7129999995231628,0.7129999995231628,48776852
2026-08-09,0.8349999785423279,0.8349999785423279,0.8349999785423279,0.8349999785423279,0
2026-08-10,0.8349999785423279,0.8349999785423279,0.8349999785423279,0.8349999785423279,0
2026-08-11,0.8640000224113464,0.9010000228881836,0.8600000143051147,0.9010000228881836,82579651
2026-08-12,0.9010000228881836,0.949999988079071,0.8899999856948853,0.9070000052452087,113779932
2026-08-13,0.9070000052452087,0.9279999732971191,0.8920000195503235,0.8920000195503235,50150600
2026-08-16,0.8920000195503235,0.8920000195503235,0.8920000195503235,0.8920000195503235,0
2026-08-17,0.8709999918937683,0.8880000114440918,0.8569999933242798,0.8849999904632568,84052982
2026-08-20,0.9070000052452087,0.925000011920929,0.8820000290870667,0.9139999747276306,65918610
2026-08-24,0.9350000023841858,0.949999988079071,0.925000011920929,0.9480000138282776,57389701
2026-08-26,1.003999948501587,1.100000023841858,0.9810000061988831,1.100000023841858,339504287
2026-08-27,1.100000023841858,1.100000023841858,1.100000023841858,1.100000023841858,0
2026-08-30,1.100000023841858,1.149999976158142,1.0299999713897705,1.0299999713897705,220754224
2026-08-31,1.0299999713897705,1.0700000524520874,1.0099999904632568,1.0499999523162842,138324579
2026-09-01,1.0499999523162842,1.0800000429153442,1.0299999713897705,1.0299999713897705,73376516
2026-09-02,1.0299999713897705,1.0499999523162842,1.0099999904632568,1.0199999809265137,61038713
2026-09-03,1.0199999809265137,1.059999942779541,1.0199999809265137,1.0299999713897705,102572406
2026-09-06,1.0299999713897705,1.1100000143051147,1.0299999713897705,1.090000033378601,256117776
2026-09-07,1.090000033378601,1.1799999475479126,1.090000033378601,1.100000023841858,296041698
2026-09-08,1.100000023841858,1.1299999952316284,1.0800000429153442,1.0800000429153442,60032737
2026-09-09,1.0800000429153442,1.1399999856948853,1.0700000524520874,1.0800000429153442,101852882
2026-09-10,1.0800000429153442,1.1100000143051147,1.059999942779541,1.0700000524520874,53726093
2026-09-13,1.0700000524520874,1.1200000047683716,1.0700000524520874,1.090000033378601,37445714
2026-09-14,1.090000033378601,1.1200000047683716,1.059999942779541,1.059999942779541,61735051
2026-09-15,1.059999942779541,1.0800000429153442,1.0299999713897705,1.0499999523162842,69466508
2026-09-16,1.0499999523162842,1.0700000524520874,1.0299999713897705,1.0499999523162842,45810881
2026-09-17,1.0499999523162842,1.0800000429153442,1.0299999713897705,1.0499999523162842,55326620
2026-09-20,1.0499999523162842,1.1100000143051147,1.0499999523162842,1.0800000429153442,116682037
2026-09-21,1.0800000429153442,1.100000023841858,1.0199999809265137,1.0299999713897705,52378127
2026-09-23,1.090000033378601,1.1200000047683716,1.0700000524520874,1.090000033378601,189726205
2026-09-24,1.090000033378601,1.100000023841858,0.9800000190734863,1.0199999809265137,404152619
2026-09-27,1.0199999809265137,1.0399999618530273,0.9100000262260437,0.9100000262260437,148746822
2026-09-28,0.9100000262260437,0.9200000166893005,0.8299999833106995,0.8399999737739563,97646199
2026-09-30,0.8700000047683716,0.9700000286102295,0.8600000143051147,0.9700000286102295,150383645
2026-10-01,0.9700000286102295,0.9800000190734863,0.9200000166893005,0.9200000166893005,100008175
