date,open,high,low,close,volume
2021-10-04,0.5979999899864197,0.5979999899864197,0.5979999899864197,0.5979999899864197,0
2021-10-05,0.5979999899864197,0.5979999899864197,0.5979999899864197,0.5979999899864197,0
2021-10-06,0.5979999899864197,0.5979999899864197,0.5979999899864197,0.5979999899864197,0
2021-10-10,0.5979999899864197,0.5979999899864197,0.5979999899864197,0.5979999899864197,0
2021-10-11,0.5979999899864197,0.5979999899864197,0.5979999899864197,0.5979999899864197,0
2021-10-12,0.5979999899864197,0.5979999899864197,0.5979999899864197,0.5979999899864197,0
2021-10-13,0.5979999899864197,0.5979999899864197,0.5979999899864197,0.5979999899864197,0
2021-10-14,0.5979999899864197,0.5979999899864197,0.5979999899864197,0.5979999899864197,0
2021-10-17,0.5979999899864197,0.5979999899864197,0.5979999899864197,0.5979999899864197,0
2021-10-18,0.5979999899864197,0.5979999899864197,0.5979999899864197,0.5979999899864197,0
2021-10-19,0.5979999899864197,0.5979999899864197,0.5979999899864197,0.5979999899864197,0
2021-10-20,0.5979999899864197,0.5979999899864197,0.5979999899864197,0.5979999899864197,0
2021-10-24,0.5979999899864197,0.5979999899864197,0.5979999899864197,0.5979999899864197,0
2021-10-25,0.5979999899864197,0.5979999899864197,0.5979999899864197,0.5979999899864197,0
2021-10-26,0.5979999899864197,0.5979999899864197,0.5979999899864197,0.5979999899864197,0
2021-10-27,0.5979999899864197,0.5979999899864197,0.5979999899864197,0.5979999899864197,0
2021-10-28,0.5979999899864197,0.5979999899864197,0.5979999899864197,0.5979999899864197,0
2021-10-31,0.5979999899864197,0.5979999899864197,0.5979999899864197,0.5979999899864197,0
2021-11-01,0.5979999899864197,0.5979999899864197,0.5979999899864197,0.5979999899864197,0
2021-11-02,0.5979999899864197,0.5979999899864197,0.5979999899864197,0.5979999899864197,0
2021-11-03,0.5979999899864197,0.5979999899864197,0.5979999899864197,0.5979999899864197,0
2021-11-04,0.5979999899864197,0.5979999899864197,0.5979999899864197,0.5979999899864197,0
2021-11-07,0.5979999899864197,0.5979999899864197,0.5979999899864197,0.5979999899864197,0
2021-11-08,0.5979999899864197,0.5979999899864197,0.5979999899864197,0.5979999899864197,0
2021-11-09,0.5979999899864197,0.5979999899864197,0.5979999899864197,0.5979999899864197,0
2021-11-10,0.5979999899864197,0.5979999899864197,0.5979999899864197,0.5979999899864197,0
2021-11-11,0.5979999899864197,0.5979999899864197,0.5979999899864197,0.5979999899864197,0
2021-11-14,0.5979999899864197,0.5979999899864197,0.5979999899864197,0.5979999899864197,0
2021-11-15,0.5979999899864197,0.5979999899864197,0.5979999899864197,0.5979999899864197,0
2021-11-16,0.5979999899864197,0.5979999899864197,0.5979999899864197,0.5979999899864197,0
2021-11-17,0.5979999899864197,0.5979999899864197,0.5979999899864197,0.5979999899864197,0
2021-11-18,0.5979999899864197,0.5979999899864197,0.5979999899864197,0.5979999899864197,0
2021-11-21,0.5979999899864197,0.5979999899864197,0.5979999899864197,0.5979999899864197,0
2021-11-22,0.5979999899864197,0.5979999899864197,0.5979999899864197,0.5979999899864197,0
2021-11-23,0.5979999899864197,0.5979999899864197,0.5979999899864197,0.5979999899864197,0
2021-11-24,0.5979999899864197,0.5979999899864197,0.5979999899864197,0.5979999899864197,0
2021-11-25,0.5979999899864197,0.5979999899864197,0.5979999899864197,0.5979999899864197,0
2021-11-28,0.5979999899864197,0.5979999899864197,0.5979999899864197,0.5979999899864197,0
2021-11-29,0.5979999899864197,0.5979999899864197,0.5979999899864197,0.5979999899864197,0
2021-11-30,0.5979999899864197,0.5979999899864197,0.5979999899864197,0.5979999899864197,0
2021-12-01,0.5979999899864197,0.5979999899864197,0.5979999899864197,0.5979999899864197,0
2021-12-02,0.5979999899864197,0.5979999899864197,0.5979999899864197,0.5979999899864197,0
2021-12-05,0.5979999899864197,0.5979999899864197,0.5979999899864197,0.5979999899864197,0
2021-12-06,0.5979999899864197,0.5979999899864197,0.5979999899864197,0.5979999899864197,0
2021-12-07,0.5979999899864197,0.5979999899864197,0.5979999899864197,0.5979999899864197,0
2021-12-08,0.5979999899864197,0.5979999899864197,0.5979999899864197,0.5979999899864197,0
2021-12-09,0.5979999899864197,0.5979999899864197,0.5979999899864197,0.5979999899864197,0
2021-12-12,0.5979999899864197,0.5979999899864197,0.5979999899864197,0.5979999899864197,0
2021-12-13,0.5979999899864197,0.5979999899864197,0.5979999899864197,0.5979999899864197,0
2021-12-14,0.5979999899864197,0.5979999899864197,0.5979999899864197,0.5979999899864197,0
2021-12-15,0.5979999899864197,0.5979999899864197,0.5979999899864197,0.5979999899864197,0
2021-12-16,0.5979999899864197,0.5979999899864197,0.5979999899864197,0.5979999899864197,0
2021-12-19,0.5979999899864197,0.5979999899864197,0.5979999899864197,0.5979999899864197,0
2021-12-20,0.5979999899864197,0.5979999899864197,0.5979999899864197,0.5979999899864197,0
2021-12-21,0.5979999899864197,0.5979999899864197,0.5979999899864197,0.5979999899864197,0
2021-12-22,0.5979999899864197,0.5979999899864197,0.5979999899864197,0.5979999899864197,0
2021-12-23,0.5979999899864197,0.5979999899864197,0.5979999899864197,0.5979999899864197,0
2021-12-26,0.5979999899864197,0.5979999899864197,0.5979999899864197,0.5979999899864197,0
2021-12-27,0.5979999899864197,0.5979999899864197,0.5979999899864197,0.5979999899864197,0
2021-12-28,0.5979999899864197,0.5979999899864197,0.5979999899864197,0.5979999899864197,0
2021-12-29,0.5979999899864197,0.5979999899864197,0.5979999899864197,0.5979999899864197,0
2021-12-30,0.5979999899864197,0.5979999899864197,0.5979999899864197,0.5979999899864197,0
2022-01-02,0.5979999899864197,0.5979999899864197,0.5979999899864197,0.5979999899864197,0
2022-01-03,0.5979999899864197,0.5979999899864197,0.5979999899864197,0.5979999899864197,0
2022-01-04,0.5979999899864197,0.5979999899864197,0.5979999899864197,0.5979999899864197,0
2022-01-05,0.5979999899864197,0.5979999899864197,0.5979999899864197,0.5979999899864197,0
2022-01-09,0.5979999899864197,0.5979999899864197,0.5979999899864197,0.5979999899864197,0
2022-01-10,0.5979999899864197,0.5979999899864197,0.5979999899864197,0.5979999899864197,0
2022-01-11,0.5979999899864197,0.5979999899864197,0.5979999899864197,0.5979999899864197,0
2022-01-12,0.5979999899864197,0.5979999899864197,0.5979999899864197,0.5979999899864197,0
2022-01-13,0.5979999899864197,0.5979999899864197,0.5979999899864197,0.5979999899864197,0
2022-01-16,0.5979999899864197,0.5979999899864197,0.5979999899864197,0.5979999899864197,0
2022-01-17,0.5979999899864197,0.5979999899864197,0.5979999899864197,0.5979999899864197,0
2022-01-18,0.5979999899864197,0.5979999899864197,0.5979999899864197,0.5979999899864197,0
2022-01-19,0.5979999899864197,0.5979999899864197,0.5979999899864197,0.5979999899864197,0
2022-01-20,0.5979999899864197,0.5979999899864197,0.5979999899864197,0.5979999899864197,0
2022-01-23,0.5979999899864197,0.5979999899864197,0.5979999899864197,0.5979999899864197,0
2022-01-24,0.5979999899864197,0.5979999899864197,0.5979999899864197,0.5979999899864197,0
2022-01-25,0.5979999899864197,0.5979999899864197,0.5979999899864197,0.5979999899864197,0
2022-01-26,0.5979999899864197,0.5979999899864197,0.5979999899864197,0.5979999899864197,0
2022-01-30,0.5979999899864197,0.5979999899864197,0.5979999899864197,0.5979999899864197,0
2022-01-31,0.5979999899864197,0.5979999899864197,0.5979999899864197,0.5979999899864197,0
2022-02-01,0.5979999899864197,0.5979999899864197,0.5979999899864197,0.5979999899864197,0
2022-02-02,0.5979999899864197,0.5979999899864197,0.5979999899864197,0.5979999899864197,0
2022-02-03,0.5979999899864197,0.5979999899864197,0.5979999899864197,0.5979999899864197,0
2022-02-06,0.5979999899864197,0.5979999899864197,0.5979999899864197,0.5979999899864197,0
2022-02-07,0.5979999899864197,0.5979999899864197,0.5979999899864197,0.5979999899864197,0
2022-02-08,0.5979999899864197,0.5979999899864197,0.5979999899864197,0.5979999899864197,0
2022-02-09,0.5979999899864197,0.5979999899864197,0.5979999899864197,0.5979999899864197,0
2022-02-10,0.5979999899864197,0.5979999899864197,0.5979999899864197,0.5979999899864197,0
2022-02-13,0.5979999899864197,0.5979999899864197,0.5979999899864197,0.5979999899864197,0
2022-02-14,0.5979999899864197,0.5979999899864197,0.5979999899864197,0.5979999899864197,0
2022-02-15,0.5979999899864197,0.5979999899864197,0.5979999899864197,0.5979999899864197,0
2022-02-16,0.5979999899864197,0.5979999899864197,0.5979999899864197,0.5979999899864197,0
2022-02-17,0.5979999899864197,0.5979999899864197,0.5979999899864197,0.5979999899864197,0
2022-02-20,0.5979999899864197,0.5979999899864197,0.5979999899864197,0.5979999899864197,0
2022-02-21,0.5979999899864197,0.5979999899864197,0.5979999899864197,0.5979999899864197,0
2022-02-22,0.5979999899864197,0.5979999899864197,0.5979999899864197,0.5979999899864197,0
2022-02-23,0.5979999899864197,0.5979999899864197,0.5979999899864197,0.5979999899864197,0
2022-02-24,0.5979999899864197,0.5979999899864197,0.5979999899864197,0.5979999899864197,0
2022-02-27,0.5979999899864197,0.5979999899864197,0.5979999899864197,0.5979999899864197,0
2022-02-28,0.5979999899864197,0.5979999899864197,0.5979999899864197,0.5979999899864197,0
2022-03-01,0.5979999899864197,0.5979999899864197,0.5979999899864197,0.5979999899864197,0
2022-03-02,0.5979999899864197,0.5979999899864197,0.5979999899864197,0.5979999899864197,0
2022-03-03,0.5979999899864197,0.5979999899864197,0.5979999899864197,0.5979999899864197,0
2022-03-06,0.5979999899864197,0.5979999899864197,0.5979999899864197,0.5979999899864197,0
2022-03-07,0.5979999899864197,0.5979999899864197,0.5979999899864197,0.5979999899864197,0
2022-03-08,0.5979999899864197,0.5979999899864197,0.5979999899864197,0.5979999899864197,0
2022-03-09,0.5979999899864197,0.5979999899864197,0.5979999899864197,0.5979999899864197,0
2022-03-10,0.5979999899864197,0.5979999899864197,0.5979999899864197,0.5979999899864197,0
2022-03-13,0.5979999899864197,0.5979999899864197,0.5979999899864197,0.5979999899864197,0
2022-03-14,0.5979999899864197,0.5979999899864197,0.5979999899864197,0.5979999899864197,0
2022-03-15,0.5979999899864197,0.5979999899864197,0.5979999899864197,0.5979999899864197,0
2022-03-16,0.5979999899864197,0.5979999899864197,0.5979999899864197,0.5979999899864197,0
2022-03-17,0.5979999899864197,0.5979999899864197,0.5979999899864197,0.5979999899864197,0
2022-03-20,0.5979999899864197,0.5979999899864197,0.5979999899864197,0.5979999899864197,0
2022-03-21,0.5979999899864197,0.5979999899864197,0.5979999899864197,0.5979999899864197,0
2022-03-22,0.5979999899864197,0.5979999899864197,0.5979999899864197,0.5979999899864197,0
2022-03-23,0.5979999899864197,0.5979999899864197,0.5979999899864197,0.5979999899864197,0
2022-03-24,0.5979999899864197,0.5979999899864197,0.5979999899864197,0.5979999899864197,0
2022-03-27,0.5979999899864197,0.5979999899864197,0.5979999899864197,0.5979999899864197,0
2022-03-28,0.5979999899864197,0.5979999899864197,0.5979999899864197,0.5979999899864197,0
2022-03-29,0.5979999899864197,0.5979999899864197,0.5979999899864197,0.5979999899864197,0
2022-03-30,0.5979999899864197,0.5979999899864197,0.5979999899864197,0.5979999899864197,0
2022-03-31,0.5979999899864197,0.5979999899864197,0.5979999899864197,0.5979999899864197,0
2022-04-03,0.5979999899864197,0.5979999899864197,0.5979999899864197,0.5979999899864197,0
2022-04-04,0.5979999899864197,0.5979999899864197,0.5979999899864197,0.5979999899864197,0
2022-04-05,0.5979999899864197,0.5979999899864197,0.5979999899864197,0.5979999899864197,0
2022-04-06,0.5979999899864197,0.5979999899864197,0.5979999899864197,0.5979999899864197,0
2022-04-07,0.5979999899864197,0.5979999899864197,0.5979999899864197,0.5979999899864197,0
2022-04-10,0.5979999899864197,0.5979999899864197,0.5979999899864197,0.5979999899864197,0
2022-04-11,0.5979999899864197,0.5979999899864197,0.5979999899864197,0.5979999899864197,0
2022-04-12,0.5979999899864197,0.5979999899864197,0.5979999899864197,0.5979999899864197,0
2022-04-13,0.5979999899864197,0.5979999899864197,0.5979999899864197,0.5979999899864197,0
2022-04-14,0.5979999899864197,0.5979999899864197,0.5979999899864197,0.5979999899864197,0
2022-04-17,0.5979999899864197,0.5979999899864197,0.5979999899864197,0.5979999899864197,0
2022-04-18,0.5979999899864197,0.5979999899864197,0.5979999899864197,0.5979999899864197,0
2022-04-19,0.5979999899864197,0.5979999899864197,0.5979999899864197,0.5979999899864197,0
2022-04-20,0.5979999899864197,0.5979999899864197,0.5979999899864197,0.5979999899864197,0
2022-04-21,0.5979999899864197,0.5979999899864197,0.5979999899864197,0.5979999899864197,0
2022-04-26,0.5979999899864197,0.5979999899864197,0.5979999899864197,0.5979999899864197,0
2022-04-27,0.5979999899864197,0.5979999899864197,0.5979999899864197,0.5979999899864197,0
2022-04-28,0.5979999899864197,0.5979999899864197,0.5979999899864197,0.5979999899864197,0
2022-05-08,0.5979999899864197,0.5979999899864197,0.5979999899864197,0.5979999899864197,0
2022-05-09,0.5979999899864197,0.5979999899864197,0.5979999899864197,0.5979999899864197,0
2022-05-10,0.5979999899864197,0.5979999899864197,0.5979999899864197,0.5979999899864197,0
2022-05-11,0.5979999899864197,0.5979999899864197,0.5979999899864197,0.5979999899864197,0
2022-05-12,0.5979999899864197,0.5979999899864197,0.5979999899864197,0.5979999899864197,0
2022-05-15,0.5979999899864197,0.5979999899864197,0.5979999899864197,0.5979999899864197,0
2022-05-16,0.5979999899864197,0.5979999899864197,0.5979999899864197,0.5979999899864197,0
2022-05-17,0.5979999899864197,0.5979999899864197,0.5979999899864197,0.5979999899864197,0
2022-05-18,0.5979999899864197,0.5979999899864197,0.5979999899864197,0.5979999899864197,0
2022-05-19,0.5979999899864197,0.5979999899864197,0.5979999899864197,0.5979999899864197,0
2022-05-22,0.5979999899864197,0.5979999899864197,0.5979999899864197,0.5979999899864197,0
2022-05-23,0.5979999899864197,0.5979999899864197,0.5979999899864197,0.5979999899864197,0
2022-05-24,0.5979999899864197,0.5979999899864197,0.5979999899864197,0.5979999899864197,0
2022-05-25,0.5979999899864197,0.5979999899864197,0.5979999899864197,0.5979999899864197,0
2022-05-26,0.5979999899864197,0.5979999899864197,0.5979999899864197,0.5979999899864197,0
2022-05-29,0.5979999899864197,0.5979999899864197,0.5979999899864197,0.5979999899864197,0
2022-05-30,0.5979999899864197,0.5979999899864197,0.5979999899864197,0.5979999899864197,0
2022-05-31,0.5979999899864197,0.5979999899864197,0.5979999899864197,0.5979999899864197,0
2022-06-01,0.5979999899864197,0.5979999899864197,0.5979999899864197,0.5979999899864197,0
2022-06-02,0.5979999899864197,0.5979999899864197,0.5979999899864197,0.5979999899864197,0
2022-06-05,0.5979999899864197,0.5979999899864197,0.5979999899864197,0.5979999899864197,0
2022-06-06,0.5979999899864197,0.5979999899864197,0.5979999899864197,0.5979999899864197,0
2022-06-07,0.5979999899864197,0.5979999899864197,0.5979999899864197,0.5979999899864197,0
2022-06-08,0.5979999899864197,0.5979999899864197,0.5979999899864197,0.5979999899864197,0
2022-06-09,0.5979999899864197,0.5979999899864197,0.5979999899864197,0.5979999899864197,0
2022-06-12,0.5979999899864197,0.5979999899864197,0.5979999899864197,0.5979999899864197,0
2022-06-13,0.5979999899864197,0.5979999899864197,0.5979999899864197,0.5979999899864197,0
2022-06-14,0.5979999899864197,0.5979999899864197,0.5979999899864197,0.5979999899864197,0
2022-06-15,0.5979999899864197,0.5979999899864197,0.5979999899864197,0.5979999899864197,0
2022-06-16,0.5979999899864197,0.5979999899864197,0.5979999899864197,0.5979999899864197,0
2022-06-19,0.5979999899864197,0.5979999899864197,0.5979999899864197,0.5979999899864197,0
2022-06-20,0.5979999899864197,0.5979999899864197,0.5979999899864197,0.5979999899864197,0
2022-06-21,0.5979999899864197,0.5979999899864197,0.5979999899864197,0.5979999899864197,0
2022-06-22,0.5979999899864197,0.5979999899864197,0.5979999899864197,0.5979999899864197,0
2022-06-23,0.5979999899864197,0.5979999899864197,0.5979999899864197,0.5979999899864197,0
2022-06-26,0.5979999899864197,0.5979999899864197,0.5979999899864197,0.5979999899864197,0
2022-06-27,0.5979999899864197,0.5979999899864197,0.5979999899864197,0.5979999899864197,0
2022-06-28,0.5979999899864197,0.5979999899864197,0.5979999899864197,0.5979999899864197,0
2022-06-29,0.5979999899864197,0.5979999899864197,0.5979999899864197,0.5979999899864197,0
2022-07-03,0.5979999899864197,0.5979999899864197,0.5979999899864197,0.5979999899864197,0
2022-07-04,0.5979999899864197,0.5979999899864197,0.5979999899864197,0.5979999899864197,0
2022-07-05,0.5979999899864197,0.5979999899864197,0.5979999899864197,0.5979999899864197,0
2022-07-06,0.5979999899864197,0.5979999899864197,0.5979999899864197,0.5979999899864197,0
2022-07-07,0.5979999899864197,0.5979999899864197,0.5979999899864197,0.5979999899864197,0
2022-07-17,0.5979999899864197,0.5979999899864197,0.5979999899864197,0.5979999899864197,0
2022-07-18,0.5979999899864197,0.5979999899864197,0.5979999899864197,0.5979999899864197,0
2022-07-19,0.5979999899864197,0.5979999899864197,0.5979999899864197,0.5979999899864197,0
2022-07-20,0.5979999899864197,0.5979999899864197,0.5979999899864197,0.5979999899864197,0
2022-07-21,0.5979999899864197,0.5979999899864197,0.5979999899864197,0.5979999899864197,0
2022-07-24,0.5979999899864197,0.5979999899864197,0.5979999899864197,0.5979999899864197,0
2022-07-25,0.5979999899864197,0.5979999899864197,0.5979999899864197,0.5979999899864197,0
2022-07-26,0.5979999899864197,0.5979999899864197,0.5979999899864197,0.5979999899864197,0
2022-07-27,0.5979999899864197,0.5979999899864197,0.5979999899864197,0.5979999899864197,0
2022-07-28,0.5979999899864197,0.5979999899864197,0.5979999899864197,0.5979999899864197,0
2022-07-31,0.5979999899864197,0.5979999899864197,0.5979999899864197,0.5979999899864197,0
2022-08-01,0.5979999899864197,0.5979999899864197,0.5979999899864197,0.5979999899864197,0
2022-08-02,0.5979999899864197,0.5979999899864197,0.5979999899864197,0.5979999899864197,0
2022-08-03,0.5979999899864197,0.5979999899864197,0.5979999899864197,0.5979999899864197,0
2022-08-04,0.5979999899864197,0.5979999899864197,0.5979999899864197,0.5979999899864197,0
2022-08-07,0.5979999899864197,0.5979999899864197,0.5979999899864197,0.5979999899864197,0
2022-08-08,0.5979999899864197,0.5979999899864197,0.5979999899864197,0.5979999899864197,0
2022-08-09,0.5979999899864197,0.5979999899864197,0.5979999899864197,0.5979999899864197,0
2022-08-10,0.5979999899864197,0.5979999899864197,0.5979999899864197,0.5979999899864197,0
2022-08-11,0.5979999899864197,0.5979999899864197,0.5979999899864197,0.5979999899864197,0
2022-08-14,0.5979999899864197,0.5979999899864197,0.5979999899864197,0.5979999899864197,0
2022-08-15,0.5979999899864197,0.5979999899864197,0.5979999899864197,0.5979999899864197,0
2022-08-16,0.5979999899864197,0.5979999899864197,0.5979999899864197,0.5979999899864197,0
2022-08-17,0.5979999899864197,0.5979999899864197,0.5979999899864197,0.5979999899864197,0
2022-08-18,0.5979999899864197,0.5979999899864197,0.5979999899864197,0.5979999899864197,0
2022-08-21,0.5979999899864197,0.5979999899864197,0.5979999899864197,0.5979999899864197,0
2022-08-22,0.5979999899864197,0.5979999899864197,0.5979999899864197,0.5979999899864197,0
2022-08-23,0.5979999899864197,0.5979999899864197,0.5979999899864197,0.5979999899864197,0
2022-08-24,0.5979999899864197,0.5979999899864197,0.5979999899864197,0.5979999899864197,0
2022-08-25,0.5979999899864197,0.5979999899864197,0.5979999899864197,0.5979999899864197,0
2022-08-28,0.5979999899864197,0.5979999899864197,0.5979999899864197,0.5979999899864197,0
2022-08-29,0.5979999899864197,0.5979999899864197,0.5979999899864197,0.5979999899864197,0
2022-08-30,0.5979999899864197,0.5979999899864197,0.5979999899864197,0.5979999899864197,0
2022-08-31,0.5979999899864197,0.5979999899864197,0.5979999899864197,0.5979999899864197,0
2022-09-01,0.5979999899864197,0.5979999899864197,0.5979999899864197,0.5979999899864197,0
2022-09-04,0.5979999899864197,0.5979999899864197,0.5979999899864197,0.5979999899864197,0
2022-09-05,0.5979999899864197,0.5979999899864197,0.5979999899864197,0.5979999899864197,0
2022-09-06,0.5979999899864197,0.5979999899864197,0.5979999899864197,0.5979999899864197,0
2022-09-07,0.5979999899864197,0.5979999899864197,0.5979999899864197,0.5979999899864197,0
2022-09-08,0.5979999899864197,0.5979999899864197,0.5979999899864197,0.5979999899864197,0
2022-09-11,0.5979999899864197,0.5979999899864197,0.5979999899864197,0.5979999899864197,0
2022-09-12,0.5979999899864197,0.5979999899864197,0.5979999899864197,0.5979999899864197,0
2022-09-13,0.5979999899864197,0.5979999899864197,0.5979999899864197,0.5979999899864197,0
2022-09-14,0.5979999899864197,0.5979999899864197,0.5979999899864197,0.5979999899864197,0
2022-09-15,0.5979999899864197,0.5979999899864197,0.5979999899864197,0.5979999899864197,0
2022-09-18,0.5979999899864197,0.5979999899864197,0.5979999899864197,0.5979999899864197,0
2022-09-19,0.5979999899864197,0.5979999899864197,0.5979999899864197,0.5979999899864197,0
2022-09-20,0.5979999899864197,0.5979999899864197,0.5979999899864197,0.5979999899864197,0
2022-09-21,0.5979999899864197,0.5979999899864197,0.5979999899864197,0.5979999899864197,0
2022-09-22,0.5979999899864197,0.5979999899864197,0.5979999899864197,0.5979999899864197,0
2022-09-25,0.5979999899864197,0.5979999899864197,0.5979999899864197,0.5979999899864197,0
2022-09-26,0.5979999899864197,0.5979999899864197,0.5979999899864197,0.5979999899864197,0
2022-09-27,0.5979999899864197,0.5979999899864197,0.5979999899864197,0.5979999899864197,0
2022-09-28,0.5979999899864197,0.5979999899864197,0.5979999899864197,0.5979999899864197,0
2022-09-29,0.5979999899864197,0.5979999899864197,0.5979999899864197,0.5979999899864197,0
2022-10-02,0.5979999899864197,0.5979999899864197,0.5979999899864197,0.5979999899864197,0
2022-10-03,0.5979999899864197,0.5979999899864197,0.5979999899864197,0.5979999899864197,0
2022-10-04,0.5979999899864197,0.5979999899864197,0.5979999899864197,0.5979999899864197,0
2022-10-05,0.5979999899864197,0.5979999899864197,0.5979999899864197,0.5979999899864197,0
2022-10-09,0.5979999899864197,0.5979999899864197,0.5979999899864197,0.5979999899864197,0
2022-10-10,0.5979999899864197,0.5979999899864197,0.5979999899864197,0.5979999899864197,0
2022-10-11,0.5979999899864197,0.5979999899864197,0.5979999899864197,0.5979999899864197,0
2022-10-12,0.5979999899864197,0.5979999899864197,0.5979999899864197,0.5979999899864197,0
2022-10-13,0.5979999899864197,0.5979999899864197,0.5979999899864197,0.5979999899864197,0
2022-10-16,0.5979999899864197,0.5979999899864197,0.5979999899864197,0.5979999899864197,0
2022-10-17,0.5979999899864197,0.5979999899864197,0.5979999899864197,0.5979999899864197,0
2022-10-18,0.5979999899864197,0.5979999899864197,0.5979999899864197,0.5979999899864197,0
2022-10-19,0.5979999899864197,0.5979999899864197,0.5979999899864197,0.5979999899864197,0
2022-10-20,0.5979999899864197,0.5979999899864197,0.5979999899864197,0.5979999899864197,0
2022-10-23,0.5979999899864197,0.5979999899864197,0.5979999899864197,0.5979999899864197,0
2022-10-24,0.5979999899864197,0.5979999899864197,0.5979999899864197,0.5979999899864197,0
2022-10-25,0.5979999899864197,0.5979999899864197,0.5979999899864197,0.5979999899864197,0
2022-10-26,0.5979999899864197,0.5979999899864197,0.5979999899864197,0.5979999899864197,0
2022-10-27,0.5979999899864197,0.5979999899864197,0.5979999899864197,0.5979999899864197,0
2022-10-30,0.5979999899864197,0.5979999899864197,0.5979999899864197,0.5979999899864197,0
2022-10-31,0.5979999899864197,0.5979999899864197,0.5979999899864197,0.5979999899864197,0
2022-11-01,0.5979999899864197,0.5979999899864197,0.5979999899864197,0.5979999899864197,0
2022-11-02,0.5979999899864197,0.5979999899864197,0.5979999899864197,0.5979999899864197,0
2022-11-03,0.5979999899864197,0.5979999899864197,0.5979999899864197,0.5979999899864197,0
2022-11-06,0.5979999899864197,0.5979999899864197,0.5979999899864197,0.5979999899864197,0
2022-11-07,0.5979999899864197,0.5979999899864197,0.5979999899864197,0.5979999899864197,0
2022-11-08,0.5979999899864197,0.5979999899864197,0.5979999899864197,0.5979999899864197,0
2022-11-09,0.5979999899864197,0.5979999899864197,0.5979999899864197,0.5979999899864197,0
2022-11-10,0.5979999899864197,0.5979999899864197,0.5979999899864197,0.5979999899864197,0
2022-11-13,0.5979999899864197,0.5979999899864197,0.5979999899864197,0.5979999899864197,0
2022-11-14,0.5979999899864197,0.5979999899864197,0.5979999899864197,0.5979999899864197,0
2022-11-15,0.5979999899864197,0.5979999899864197,0.5979999899864197,0.5979999899864197,0
2022-11-16,0.5979999899864197,0.5979999899864197,0.5979999899864197,0.5979999899864197,0
2022-11-17,0.5979999899864197,0.5979999899864197,0.5979999899864197,0.5979999899864197,0
2022-11-20,0.5979999899864197,0.5979999899864197,0.5979999899864197,0.5979999899864197,0
2022-11-21,0.5979999899864197,0.5979999899864197,0.5979999899864197,0.5979999899864197,0
2022-11-22,0.5979999899864197,0.5979999899864197,0.5979999899864197,0.5979999899864197,0
2022-11-23,0.5979999899864197,0.5979999899864197,0.5979999899864197,0.5979999899864197,0
2022-11-24,0.5979999899864197,0.5979999899864197,0.5979999899864197,0.5979999899864197,0
2022-11-27,0.5979999899864197,0.5979999899864197,0.5979999899864197,0.5979999899864197,0
2022-11-28,0.5979999899864197,0.5979999899864197,0.5979999899864197,0.5979999899864197,0
2022-11-29,0.5979999899864197,0.5979999899864197,0.5979999899864197,0.5979999899864197,0
2022-11-30,0.5979999899864197,0.5979999899864197,0.5979999899864197,0.5979999899864197,0
2022-12-01,0.5979999899864197,0.5979999899864197,0.5979999899864197,0.5979999899864197,0
2022-12-04,0.5979999899864197,0.5979999899864197,0.5979999899864197,0.5979999899864197,0
2022-12-05,0.5979999899864197,0.5979999899864197,0.5979999899864197,0.5979999899864197,0
2022-12-06,0.5979999899864197,0.5979999899864197,0.5979999899864197,0.5979999899864197,0
2022-12-07,0.5979999899864197,0.5979999899864197,0.5979999899864197,0.5979999899864197,0
2022-12-08,0.5979999899864197,0.5979999899864197,0.5979999899864197,0.5979999899864197,0
2022-12-11,0.5979999899864197,0.5979999899864197,0.5979999899864197,0.5979999899864197,0
2022-12-12,0.5979999899864197,0.5979999899864197,0.5979999899864197,0.5979999899864197,0
2022-12-13,0.5979999899864197,0.5979999899864197,0.5979999899864197,0.5979999899864197,0
2022-12-14,0.5979999899864197,0.5979999899864197,0.5979999899864197,0.5979999899864197,0
2022-12-15,0.5979999899864197,0.5979999899864197,0.5979999899864197,0.5979999899864197,0
2022-12-18,0.5979999899864197,0.5979999899864197,0.5979999899864197,0.5979999899864197,0
2022-12-19,0.5979999899864197,0.5979999899864197,0.5979999899864197,0.5979999899864197,0
2022-12-20,0.5979999899864197,0.5979999899864197,0.5979999899864197,0.5979999899864197,0
2022-12-21,0.5979999899864197,0.5979999899864197,0.5979999899864197,0.5979999899864197,0
2022-12-22,0.5979999899864197,0.5979999899864197,0.5979999899864197,0.5979999899864197,0
2022-12-25,0.5979999899864197,0.5979999899864197,0.5979999899864197,0.5979999899864197,0
2022-12-26,0.5979999899864197,0.5979999899864197,0.5979999899864197,0.5979999899864197,0
2022-12-27,0.5979999899864197,0.5979999899864197,0.5979999899864197,0.5979999899864197,0
2022-12-28,0.5979999899864197,0.5979999899864197,0.5979999899864197,0.5979999899864197,0
2022-12-29,0.5979999899864197,0.5979999899864197,0.5979999899864197,0.5979999899864197,0
2023-01-02,0.5979999899864197,0.5979999899864197,0.5979999899864197,0.5979999899864197,0
2023-01-03,0.5979999899864197,0.5979999899864197,0.5979999899864197,0.5979999899864197,0
2023-01-04,0.5979999899864197,0.5979999899864197,0.5979999899864197,0.5979999899864197,0
2023-01-05,0.5979999899864197,0.5979999899864197,0.5979999899864197,0.5979999899864197,0
2023-01-09,0.5979999899864197,0.5979999899864197,0.5979999899864197,0.5979999899864197,0
2023-01-10,0.5979999899864197,0.5979999899864197,0.5979999899864197,0.5979999899864197,0
2023-01-11,0.5979999899864197,0.5979999899864197,0.5979999899864197,0.5979999899864197,0
2023-01-12,0.5979999899864197,0.5979999899864197,0.5979999899864197,0.5979999899864197,0
2023-01-15,0.5979999899864197,0.5979999899864197,0.5979999899864197,0.5979999899864197,0
2023-01-16,0.5979999899864197,0.5979999899864197,0.5979999899864197,0.5979999899864197,0
2023-01-17,0.5979999899864197,0.5979999899864197,0.5979999899864197,0.5979999899864197,0
2023-01-18,0.5979999899864197,0.5979999899864197,0.5979999899864197,0.5979999899864197,0
2023-01-19,0.5979999899864197,0.5979999899864197,0.5979999899864197,0.5979999899864197,0
2023-01-22,0.5979999899864197,0.5979999899864197,0.5979999899864197,0.5979999899864197,0
2023-01-23,0.5979999899864197,0.5979999899864197,0.5979999899864197,0.5979999899864197,0
2023-01-24,0.5979999899864197,0.5979999899864197,0.5979999899864197,0.5979999899864197,0
2023-01-25,0.5979999899864197,0.5979999899864197,0.5979999899864197,0.5979999899864197,0
2023-01-29,0.5979999899864197,0.5979999899864197,0.5979999899864197,0.5979999899864197,0
2023-01-30,0.5979999899864197,0.5979999899864197,0.5979999899864197,0.5979999899864197,0
2023-01-31,0.5979999899864197,0.5979999899864197,0.5979999899864197,0.5979999899864197,0
2023-02-01,0.5979999899864197,0.5979999899864197,0.5979999899864197,0.5979999899864197,0
2023-02-02,0.5979999899864197,0.5979999899864197,0.5979999899864197,0.5979999899864197,0
2023-02-05,0.5979999899864197,0.5979999899864197,0.5979999899864197,0.5979999899864197,0
2023-02-06,0.5979999899864197,0.5979999899864197,0.5979999899864197,0.5979999899864197,0
2023-02-07,0.5979999899864197,0.5979999899864197,0.5979999899864197,0.5979999899864197,0
2023-02-08,0.5979999899864197,0.5979999899864197,0.5979999899864197,0.5979999899864197,0
2023-02-09,0.5979999899864197,0.5979999899864197,0.5979999899864197,0.5979999899864197,0
2023-02-12,0.5979999899864197,0.5979999899864197,0.5979999899864197,0.5979999899864197,0
2023-02-13,0.5979999899864197,0.5979999899864197,0.5979999899864197,0.5979999899864197,0
2023-02-14,0.5979999899864197,0.5979999899864197,0.5979999899864197,0.5979999899864197,0
2023-02-15,0.5979999899864197,0.5979999899864197,0.5979999899864197,0.5979999899864197,0
2023-02-16,0.5979999899864197,0.5979999899864197,0.5979999899864197,0.5979999899864197,0
2023-02-19,0.5979999899864197,0.5979999899864197,0.5979999899864197,0.5979999899864197,0
2023-02-20,0.5979999899864197,0.5979999899864197,0.5979999899864197,0.5979999899864197,0
2023-02-21,0.5979999899864197,0.5979999899864197,0.5979999899864197,0.5979999899864197,0
2023-02-22,0.5979999899864197,0.5979999899864197,0.5979999899864197,0.5979999899864197,0
2023-02-23,0.5979999899864197,0.5979999899864197,0.5979999899864197,0.5979999899864197,0
2023-02-26,0.5979999899864197,0.5979999899864197,0.5979999899864197,0.5979999899864197,0
2023-02-27,0.5979999899864197,0.5979999899864197,0.5979999899864197,0.5979999899864197,0
2023-02-28,0.5979999899864197,0.5979999899864197,0.5979999899864197,0.5979999899864197,0
2023-03-01,0.5979999899864197,0.5979999899864197,0.5979999899864197,0.5979999899864197,0
2023-03-02,0.5979999899864197,0.5979999899864197,0.5979999899864197,0.5979999899864197,0
2023-03-05,0.5979999899864197,0.5979999899864197,0.5979999899864197,0.5979999899864197,0
2023-03-06,0.5979999899864197,0.5979999899864197,0.5979999899864197,0.5979999899864197,0
2023-03-07,0.5979999899864197,0.5979999899864197,0.5979999899864197,0.5979999899864197,0
2023-03-08,0.5979999899864197,0.5979999899864197,0.5979999899864197,0.5979999899864197,0
2023-03-09,0.5979999899864197,0.5979999899864197,0.5979999899864197,0.5979999899864197,0
2023-03-12,0.5979999899864197,0.5979999899864197,0.5979999899864197,0.5979999899864197,0
2023-03-13,0.5979999899864197,0.5979999899864197,0.5979999899864197,0.5979999899864197,0
2023-03-14,0.5979999899864197,0.5979999899864197,0.5979999899864197,0.5979999899864197,0
2023-03-15,0.5979999899864197,0.5979999899864197,0.5979999899864197,0.5979999899864197,0
2023-03-16,0.5979999899864197,0.5979999899864197,0.5979999899864197,0.5979999899864197,0
2023-03-19,0.5979999899864197,0.5979999899864197,0.5979999899864197,0.5979999899864197,0
2023-03-20,0.5979999899864197,0.5979999899864197,0.5979999899864197,0.5979999899864197,0
2023-03-21,0.5979999899864197,0.5979999899864197,0.5979999899864197,0.5979999899864197,0
2023-03-22,0.5979999899864197,0.5979999899864197,0.5979999899864197,0.5979999899864197,0
2023-03-23,0.5979999899864197,0.5979999899864197,0.5979999899864197,0.5979999899864197,0
2023-03-26,0.5979999899864197,0.5979999899864197,0.5979999899864197,0.5979999899864197,0
2023-03-27,0.5979999899864197,0.5979999899864197,0.5979999899864197,0.5979999899864197,0
2023-03-28,0.5979999899864197,0.5979999899864197,0.5979999899864197,0.5979999899864197,0
2023-03-29,0.5979999899864197,0.5979999899864197,0.5979999899864197,0.5979999899864197,0
2023-03-30,0.5979999899864197,0.5979999899864197,0.5979999899864197,0.5979999899864197,0
2023-04-02,0.5979999899864197,0.5979999899864197,0.5979999899864197,0.5979999899864197,0
2023-04-03,0.5979999899864197,0.5979999899864197,0.5979999899864197,0.5979999899864197,0
2023-04-04,0.5979999899864197,0.5979999899864197,0.5979999899864197,0.5979999899864197,0
2023-04-05,0.5979999899864197,0.5979999899864197,0.5979999899864197,0.5979999899864197,0
2023-04-06,0.5979999899864197,0.5979999899864197,0.5979999899864197,0.5979999899864197,0
2023-04-09,0.5979999899864197,0.5979999899864197,0.5979999899864197,0.5979999899864197,0
2023-04-10,0.5979999899864197,0.5979999899864197,0.5979999899864197,0.5979999899864197,0
2023-04-11,0.5979999899864197,0.5979999899864197,0.5979999899864197,0.5979999899864197,0
2023-04-12,0.5979999899864197,0.5979999899864197,0.5979999899864197,0.5979999899864197,0
2023-04-13,0.5979999899864197,0.5979999899864197,0.5979999899864197,0.5979999899864197,0
2023-04-18,0.5979999899864197,0.5979999899864197,0.5979999899864197,0.5979999899864197,0
2023-04-19,0.5979999899864197,0.5979999899864197,0.5979999899864197,0.5979999899864197,0
2023-04-26,0.5979999899864197,0.5979999899864197,0.5979999899864197,0.5979999899864197,0
2023-04-27,0.5979999899864197,0.5979999899864197,0.5979999899864197,0.5979999899864197,0
2023-04-30,0.5979999899864197,0.5979999899864197,0.5979999899864197,0.5979999899864197,0
2023-05-01,0.5979999899864197,0.5979999899864197,0.5979999899864197,0.5979999899864197,0
2023-05-02,0.5979999899864197,0.5979999899864197,0.5979999899864197,0.5979999899864197,0
2023-05-03,0.5979999899864197,0.5979999899864197,0.5979999899864197,0.5979999899864197,0
2023-05-07,0.5979999899864197,0.5979999899864197,0.5979999899864197,0.5979999899864197,0
2023-05-08,0.5979999899864197,0.5979999899864197,0.5979999899864197,0.5979999899864197,0
2023-05-09,0.5979999899864197,0.5979999899864197,0.5979999899864197,0.5979999899864197,0
2023-05-10,0.5979999899864197,0.5979999899864197,0.5979999899864197,0.5979999899864197,0
2023-05-11,0.5979999899864197,0.5979999899864197,0.5979999899864197,0.5979999899864197,0
2023-05-14,0.5979999899864197,0.5979999899864197,0.5979999899864197,0.5979999899864197,0
2023-05-15,0.5979999899864197,0.5979999899864197,0.5979999899864197,0.5979999899864197,0
2023-05-16,0.5979999899864197,0.5979999899864197,0.5979999899864197,0.5979999899864197,0
2023-05-17,0.5979999899864197,0.5979999899864197,0.5979999899864197,0.5979999899864197,0
2023-05-18,0.5979999899864197,0.5979999899864197,0.5979999899864197,0.5979999899864197,0
2023-05-21,0.5979999899864197,0.5979999899864197,0.5979999899864197,0.5979999899864197,0
2023-05-22,0.5979999899864197,0.5979999899864197,0.5979999899864197,0.5979999899864197,0
2023-05-23,0.5979999899864197,0.5979999899864197,0.5979999899864197,0.5979999899864197,0
2023-05-24,0.5979999899864197,0.5979999899864197,0.5979999899864197,0.5979999899864197,0
2023-05-25,0.5979999899864197,0.5979999899864197,0.5979999899864197,0.5979999899864197,0
2023-05-28,0.5979999899864197,0.5979999899864197,0.5979999899864197,0.5979999899864197,0
2023-05-29,0.5979999899864197,0.5979999899864197,0.5979999899864197,0.5979999899864197,0
2023-05-30,0.5979999899864197,0.5979999899864197,0.5979999899864197,0.5979999899864197,0
2023-05-31,0.5979999899864197,0.5979999899864197,0.5979999899864197,0.5979999899864197,0
2023-06-01,0.5979999899864197,0.5979999899864197,0.5979999899864197,0.5979999899864197,0
2023-06-04,0.5979999899864197,0.5979999899864197,0.5979999899864197,0.5979999899864197,0
2023-06-05,0.5979999899864197,0.5979999899864197,0.5979999899864197,0.5979999899864197,0
2023-06-06,0.5979999899864197,0.5979999899864197,0.5979999899864197,0.5979999899864197,0
2023-06-07,0.5979999899864197,0.5979999899864197,0.5979999899864197,0.5979999899864197,0
2023-06-08,0.5979999899864197,0.5979999899864197,0.5979999899864197,0.5979999899864197,0
2023-06-11,0.5979999899864197,0.5979999899864197,0.5979999899864197,0.5979999899864197,0
2023-06-12,0.5979999899864197,0.5979999899864197,0.5979999899864197,0.5979999899864197,0
2023-06-13,0.5979999899864197,0.5979999899864197,0.5979999899864197,0.5979999899864197,0
2023-06-14,0.5979999899864197,0.5979999899864197,0.5979999899864197,0.5979999899864197,0
2023-06-15,0.5979999899864197,0.5979999899864197,0.5979999899864197,0.5979999899864197,0
2023-06-18,0.5979999899864197,0.5979999899864197,0.5979999899864197,0.5979999899864197,0
2023-06-19,0.5979999899864197,0.5979999899864197,0.5979999899864197,0.5979999899864197,0
2023-06-20,0.5979999899864197,0.5979999899864197,0.5979999899864197,0.5979999899864197,0
2023-06-21,0.5979999899864197,0.5979999899864197,0.5979999899864197,0.5979999899864197,0
2023-06-22,0.5979999899864197,0.5979999899864197,0.5979999899864197,0.5979999899864197,0
2023-06-25,0.5979999899864197,0.5979999899864197,0.5979999899864197,0.5979999899864197,0
2023-06-26,0.5979999899864197,0.5979999899864197,0.5979999899864197,0.5979999899864197,0
2023-07-04,0.5979999899864197,0.5979999899864197,0.5979999899864197,0.5979999899864197,0
2023-07-05,0.5979999899864197,0.5979999899864197,0.5979999899864197,0.5979999899864197,0
2023-07-06,0.5979999899864197,0.5979999899864197,0.5979999899864197,0.5979999899864197,0
2023-07-09,0.5979999899864197,0.5979999899864197,0.5979999899864197,0.5979999899864197,0
2023-07-10,0.5979999899864197,0.5979999899864197,0.5979999899864197,0.5979999899864197,0
2023-07-11,0.5979999899864197,0.5979999899864197,0.5979999899864197,0.5979999899864197,0
2023-07-12,0.5979999899864197,0.5979999899864197,0.5979999899864197,0.5979999899864197,0
2023-07-13,0.5979999899864197,0.5979999899864197,0.5979999899864197,0.5979999899864197,0
2023-07-16,0.5979999899864197,0.5979999899864197,0.5979999899864197,0.5979999899864197,0
2023-07-17,0.5979999899864197,0.5979999899864197,0.5979999899864197,0.5979999899864197,0
2023-07-18,0.5979999899864197,0.5979999899864197,0.5979999899864197,0.5979999899864197,0
2023-07-19,0.5979999899864197,0.5979999899864197,0.5979999899864197,0.5979999899864197,0
2023-07-24,0.5979999899864197,0.5979999899864197,0.5979999899864197,0.5979999899864197,0
2023-07-25,0.5979999899864197,0.5979999899864197,0.5979999899864197,0.5979999899864197,0
2023-07-26,0.5979999899864197,0.5979999899864197,0.5979999899864197,0.5979999899864197,0
2023-07-27,0.5979999899864197,0.5979999899864197,0.5979999899864197,0.5979999899864197,0
2023-07-30,0.5979999899864197,0.5979999899864197,0.5979999899864197,0.5979999899864197,0
2023-07-31,0.5979999899864197,0.5979999899864197,0.5979999899864197,0.5979999899864197,0
2023-08-01,0.5979999899864197,0.5979999899864197,0.5979999899864197,0.5979999899864197,0
2023-08-02,0.5979999899864197,0.5979999899864197,0.5979999899864197,0.5979999899864197,0
2023-08-03,0.5979999899864197,0.5979999899864197,0.5979999899864197,0.5979999899864197,0
2023-08-06,0.5979999899864197,0.5979999899864197,0.5979999899864197,0.5979999899864197,0
2023-08-07,0.5979999899864197,0.5979999899864197,0.5979999899864197,0.5979999899864197,0
2023-08-08,0.5979999899864197,0.5979999899864197,0.5979999899864197,0.5979999899864197,0
2023-08-09,0.5979999899864197,0.5979999899864197,0.5979999899864197,0.5979999899864197,0
2023-08-10,0.5979999899864197,0.5979999899864197,0.5979999899864197,0.5979999899864197,0
2023-08-13,0.5979999899864197,0.5979999899864197,0.5979999899864197,0.5979999899864197,0
2023-08-14,0.5979999899864197,0.5979999899864197,0.5979999899864197,0.5979999899864197,0
2023-08-15,0.5979999899864197,0.5979999899864197,0.5979999899864197,0.5979999899864197,0
2023-08-16,0.5979999899864197,0.5979999899864197,0.5979999899864197,0.5979999899864197,0
2023-08-17,0.5979999899864197,0.5979999899864197,0.5979999899864197,0.5979999899864197,0
2023-08-20,0.5979999899864197,0.5979999899864197,0.5979999899864197,0.5979999899864197,0
2023-08-21,0.5979999899864197,0.5979999899864197,0.5979999899864197,0.5979999899864197,0
2023-08-22,0.5979999899864197,0.5979999899864197,0.5979999899864197,0.5979999899864197,0
2023-08-23,0.5979999899864197,0.5979999899864197,0.5979999899864197,0.5979999899864197,0
2023-08-24,0.5979999899864197,0.5979999899864197,0.5979999899864197,0.5979999899864197,0
2023-08-27,0.5979999899864197,0.5979999899864197,0.5979999899864197,0.5979999899864197,0
2023-08-28,0.5979999899864197,0.5979999899864197,0.5979999899864197,0.5979999899864197,0
2023-08-29,0.5979999899864197,0.5979999899864197,0.5979999899864197,0.5979999899864197,0
2023-08-30,0.5979999899864197,0.5979999899864197,0.5979999899864197,0.5979999899864197,0
2023-08-31,0.5979999899864197,0.5979999899864197,0.5979999899864197,0.5979999899864197,0
2023-09-03,0.5979999899864197,0.5979999899864197,0.5979999899864197,0.5979999899864197,0
2023-09-04,0.5979999899864197,0.5979999899864197,0.5979999899864197,0.5979999899864197,0
2023-09-05,0.5979999899864197,0.5979999899864197,0.5979999899864197,0.5979999899864197,0
2023-09-06,0.5979999899864197,0.5979999899864197,0.5979999899864197,0.5979999899864197,0
2023-09-07,0.5979999899864197,0.5979999899864197,0.5979999899864197,0.5979999899864197,0
2023-09-10,0.5979999899864197,0.5979999899864197,0.5979999899864197,0.5979999899864197,0
2023-09-11,0.5979999899864197,0.5979999899864197,0.5979999899864197,0.5979999899864197,0
2023-09-12,0.5979999899864197,0.5979999899864197,0.5979999899864197,0.5979999899864197,0
2023-09-13,0.5979999899864197,0.5979999899864197,0.5979999899864197,0.5979999899864197,0
2023-09-14,0.5979999899864197,0.5979999899864197,0.5979999899864197,0.5979999899864197,0
2023-09-17,0.5979999899864197,0.5979999899864197,0.5979999899864197,0.5979999899864197,0
2023-09-18,0.5979999899864197,0.5979999899864197,0.5979999899864197,0.5979999899864197,0
2023-09-19,0.5979999899864197,0.5979999899864197,0.5979999899864197,0.5979999899864197,0
2023-09-20,0.5979999899864197,0.5979999899864197,0.5979999899864197,0.5979999899864197,0
2023-09-21,0.5979999899864197,0.5979999899864197,0.5979999899864197,0.5979999899864197,0
2023-09-24,0.5979999899864197,0.5979999899864197,0.5979999899864197,0.5979999899864197,0
2023-09-25,0.5979999899864197,0.5979999899864197,0.5979999899864197,0.5979999899864197,0
2023-09-26,0.5979999899864197,0.5979999899864197,0.5979999899864197,0.5979999899864197,0
2023-09-27,0.5979999899864197,0.5979999899864197,0.5979999899864197,0.5979999899864197,0
2023-10-01,0.5979999899864197,0.5979999899864197,0.5979999899864197,0.5979999899864197,0
2023-10-02,0.5979999899864197,0.5979999899864197,0.5979999899864197,0.5979999899864197,0
2023-10-03,0.5979999899864197,0.5979999899864197,0.5979999899864197,0.5979999899864197,0
2023-10-04,0.5979999899864197,0.5979999899864197,0.5979999899864197,0.5979999899864197,0
2023-10-08,0.5979999899864197,0.5979999899864197,0.5979999899864197,0.5979999899864197,0
2023-10-09,0.5979999899864197,0.5979999899864197,0.5979999899864197,0.5979999899864197,0
2023-10-10,0.5979999899864197,0.5979999899864197,0.5979999899864197,0.5979999899864197,0
2023-10-11,0.5979999899864197,0.5979999899864197,0.5979999899864197,0.5979999899864197,0
2023-10-12,0.5979999899864197,0.5979999899864197,0.5979999899864197,0.5979999899864197,0
2023-10-15,0.5979999899864197,0.5979999899864197,0.5979999899864197,0.5979999899864197,0
2023-10-16,0.5979999899864197,0.5979999899864197,0.5979999899864197,0.5979999899864197,0
2023-10-17,0.5979999899864197,0.5979999899864197,0.5979999899864197,0.5979999899864197,0
2023-10-18,0.5979999899864197,0.5979999899864197,0.5979999899864197,0.5979999899864197,0
2023-10-19,0.5979999899864197,0.5979999899864197,0.5979999899864197,0.5979999899864197,0
2023-10-22,0.5979999899864197,0.5979999899864197,0.5979999899864197,0.5979999899864197,0
2023-10-23,0.5979999899864197,0.5979999899864197,0.5979999899864197,0.5979999899864197,0
2023-10-24,0.5979999899864197,0.5979999899864197,0.5979999899864197,0.5979999899864197,0
2023-10-25,0.5979999899864197,0.5979999899864197,0.5979999899864197,0.5979999899864197,0
2023-10-26,0.5979999899864197,0.5979999899864197,0.5979999899864197,0.5979999899864197,0
2023-10-29,0.5979999899864197,0.5979999899864197,0.5979999899864197,0.5979999899864197,0
2023-10-30,0.5979999899864197,0.5979999899864197,0.5979999899864197,0.5979999899864197,0
2023-10-31,0.5979999899864197,0.5979999899864197,0.5979999899864197,0.5979999899864197,0
2023-11-01,0.5979999899864197,0.5979999899864197,0.5979999899864197,0.5979999899864197,0
2023-11-02,0.5979999899864197,0.5979999899864197,0.5979999899864197,0.5979999899864197,0
2023-11-05,0.5979999899864197,0.5979999899864197,0.5979999899864197,0.5979999899864197,0
2023-11-06,0.5979999899864197,0.5979999899864197,0.5979999899864197,0.5979999899864197,0
2023-11-07,0.5979999899864197,0.5979999899864197,0.5979999899864197,0.5979999899864197,0
2023-11-08,0.5979999899864197,0.5979999899864197,0.5979999899864197,0.5979999899864197,0
2023-11-09,0.5979999899864197,0.5979999899864197,0.5979999899864197,0.5979999899864197,0
2023-11-12,0.5979999899864197,0.5979999899864197,0.5979999899864197,0.5979999899864197,0
2023-11-13,0.5979999899864197,0.5979999899864197,0.5979999899864197,0.5979999899864197,0
2023-11-14,0.5979999899864197,0.5979999899864197,0.5979999899864197,0.5979999899864197,0
2023-11-15,0.5979999899864197,0.5979999899864197,0.5979999899864197,0.5979999899864197,0
2023-11-16,0.5979999899864197,0.5979999899864197,0.5979999899864197,0.5979999899864197,0
2023-11-19,0.5979999899864197,0.5979999899864197,0.5979999899864197,0.5979999899864197,0
2023-11-20,0.5979999899864197,0.5979999899864197,0.5979999899864197,0.5979999899864197,0
2023-11-21,0.5979999899864197,0.5979999899864197,0.5979999899864197,0.5979999899864197,0
2023-11-22,0.5979999899864197,0.5979999899864197,0.5979999899864197,0.5979999899864197,0
2023-11-23,0.5979999899864197,0.5979999899864197,0.5979999899864197,0.5979999899864197,0
2023-11-26,0.5979999899864197,0.5979999899864197,0.5979999899864197,0.5979999899864197,0
2023-11-27,0.5979999899864197,0.5979999899864197,0.5979999899864197,0.5979999899864197,0
2023-11-28,0.5979999899864197,0.5979999899864197,0.5979999899864197,0.5979999899864197,0
2023-11-29,0.5979999899864197,0.5979999899864197,0.5979999899864197,0.5979999899864197,0
2023-11-30,0.5979999899864197,0.5979999899864197,0.5979999899864197,0.5979999899864197,0
2023-12-03,0.5979999899864197,0.5979999899864197,0.5979999899864197,0.5979999899864197,0
2023-12-04,0.5979999899864197,0.5979999899864197,0.5979999899864197,0.5979999899864197,0
2023-12-05,0.5979999899864197,0.5979999899864197,0.5979999899864197,0.5979999899864197,0
2023-12-06,0.5979999899864197,0.5979999899864197,0.5979999899864197,0.5979999899864197,0
2023-12-07,0.5979999899864197,0.5979999899864197,0.5979999899864197,0.5979999899864197,0
2023-12-10,0.5979999899864197,0.5979999899864197,0.5979999899864197,0.5979999899864197,0
2023-12-11,0.5979999899864197,0.5979999899864197,0.5979999899864197,0.5979999899864197,0
2023-12-12,0.5979999899864197,0.5979999899864197,0.5979999899864197,0.5979999899864197,0
2023-12-13,0.5979999899864197,0.5979999899864197,0.5979999899864197,0.5979999899864197,0
2023-12-14,0.5979999899864197,0.5979999899864197,0.5979999899864197,0.5979999899864197,0
2023-12-17,0.5979999899864197,0.5979999899864197,0.5979999899864197,0.5979999899864197,0
2023-12-18,0.5979999899864197,0.5979999899864197,0.5979999899864197,0.5979999899864197,0
2023-12-19,0.5979999899864197,0.5979999899864197,0.5979999899864197,0.5979999899864197,0
2023-12-20,0.5979999899864197,0.5979999899864197,0.5979999899864197,0.5979999899864197,0
2023-12-21,0.5979999899864197,0.5979999899864197,0.5979999899864197,0.5979999899864197,0
2023-12-24,0.5979999899864197,0.5979999899864197,0.5979999899864197,0.5979999899864197,0
2023-12-25,0.5979999899864197,0.5979999899864197,0.5979999899864197,0.5979999899864197,0
2023-12-26,0.5979999899864197,0.5979999899864197,0.5979999899864197,0.5979999899864197,0
2023-12-27,0.5979999899864197,0.5979999899864197,0.5979999899864197,0.5979999899864197,0
2023-12-28,0.5979999899864197,0.5979999899864197,0.5979999899864197,0.5979999899864197,0
2023-12-31,0.5979999899864197,0.5979999899864197,0.5979999899864197,0.5979999899864197,0
2024-01-02,0.5979999899864197,0.5979999899864197,0.5979999899864197,0.5979999899864197,0
2024-01-03,0.5979999899864197,0.5979999899864197,0.5979999899864197,0.5979999899864197,0
2024-01-04,0.5979999899864197,0.5979999899864197,0.5979999899864197,0.5979999899864197,0
2024-01-08,0.5979999899864197,0.5979999899864197,0.5979999899864197,0.5979999899864197,0
2024-01-09,0.5979999899864197,0.5979999899864197,0.5979999899864197,0.5979999899864197,0
2024-01-10,0.5979999899864197,0.5979999899864197,0.5979999899864197,0.5979999899864197,0
2024-01-11,0.5979999899864197,0.5979999899864197,0.5979999899864197,0.5979999899864197,0
2024-01-14,0.5979999899864197,0.5979999899864197,0.5979999899864197,0.5979999899864197,0
2024-01-15,0.5979999899864197,0.5979999899864197,0.5979999899864197,0.5979999899864197,0
2024-01-16,0.5979999899864197,0.5979999899864197,0.5979999899864197,0.5979999899864197,0
2024-01-17,0.5979999899864197,0.5979999899864197,0.5979999899864197,0.5979999899864197,0
2024-01-18,0.5979999899864197,0.5979999899864197,0.5979999899864197,0.5979999899864197,0
2024-01-21,0.5979999899864197,0.5979999899864197,0.5979999899864197,0.5979999899864197,0
2024-01-22,0.5979999899864197,0.5979999899864197,0.5979999899864197,0.5979999899864197,0
2024-01-23,0.5979999899864197,0.5979999899864197,0.5979999899864197,0.5979999899864197,0
2024-01-24,0.5979999899864197,0.5979999899864197,0.5979999899864197,0.5979999899864197,0
2024-01-28,0.5979999899864197,0.5979999899864197,0.5979999899864197,0.5979999899864197,0
2024-01-29,0.5979999899864197,0.5979999899864197,0.5979999899864197,0.5979999899864197,0
2024-01-30,0.5979999899864197,0.5979999899864197,0.5979999899864197,0.5979999899864197,0
2024-01-31,0.5979999899864197,0.5979999899864197,0.5979999899864197,0.5979999899864197,0
2024-02-01,0.5979999899864197,0.5979999899864197,0.5979999899864197,0.5979999899864197,0
2024-02-04,0.5979999899864197,0.5979999899864197,0.5979999899864197,0.5979999899864197,0
2024-02-05,0.5979999899864197,0.5979999899864197,0.5979999899864197,0.5979999899864197,0
2024-02-06,0.5979999899864197,0.5979999899864197,0.5979999899864197,0.5979999899864197,0
2024-02-07,0.5979999899864197,0.5979999899864197,0.5979999899864197,0.5979999899864197,0
2024-02-08,0.5979999899864197,0.5979999899864197,0.5979999899864197,0.5979999899864197,0
2024-02-11,0.5979999899864197,0.5979999899864197,0.5979999899864197,0.5979999899864197,0
2024-02-12,0.5979999899864197,0.5979999899864197,0.5979999899864197,0.5979999899864197,0
2024-02-13,0.5979999899864197,0.5979999899864197,0.5979999899864197,0.5979999899864197,0
2024-02-14,0.5979999899864197,0.5979999899864197,0.5979999899864197,0.5979999899864197,0
2024-02-15,0.5979999899864197,0.5979999899864197,0.5979999899864197,0.5979999899864197,0
2024-02-18,0.5979999899864197,0.5979999899864197,0.5979999899864197,0.5979999899864197,0
2024-02-19,0.5979999899864197,0.5979999899864197,0.5979999899864197,0.5979999899864197,0
2024-02-20,0.5979999899864197,0.5979999899864197,0.5979999899864197,0.5979999899864197,0
2024-02-21,0.5979999899864197,0.5979999899864197,0.5979999899864197,0.5979999899864197,0
2024-02-22,0.5979999899864197,0.5979999899864197,0.5979999899864197,0.5979999899864197,0
2024-02-25,0.5979999899864197,0.5979999899864197,0.5979999899864197,0.5979999899864197,0
2024-02-26,0.5979999899864197,0.5979999899864197,0.5979999899864197,0.5979999899864197,0
2024-02-27,0.5979999899864197,0.5979999899864197,0.5979999899864197,0.5979999899864197,0
2024-02-28,0.5979999899864197,0.5979999899864197,0.5979999899864197,0.5979999899864197,0
2024-02-29,0.5979999899864197,0.5979999899864197,0.5979999899864197,0.5979999899864197,0
2024-03-03,0.5979999899864197,0.5979999899864197,0.5979999899864197,0.5979999899864197,0
2024-03-04,0.5979999899864197,0.5979999899864197,0.5979999899864197,0.5979999899864197,0
2024-03-05,0.5979999899864197,0.5979999899864197,0.5979999899864197,0.5979999899864197,0
2024-03-06,0.5979999899864197,0.5979999899864197,0.5979999899864197,0.5979999899864197,0
2024-03-07,0.5979999899864197,0.5979999899864197,0.5979999899864197,0.5979999899864197,0
2024-03-10,0.5979999899864197,0.5979999899864197,0.5979999899864197,0.5979999899864197,0
2024-03-11,0.5979999899864197,0.5979999899864197,0.5979999899864197,0.5979999899864197,0
2024-03-12,0.5979999899864197,0.5979999899864197,0.5979999899864197,0.5979999899864197,0
2024-03-13,0.5979999899864197,0.5979999899864197,0.5979999899864197,0.5979999899864197,0
2024-03-14,0.5979999899864197,0.5979999899864197,0.5979999899864197,0.5979999899864197,0
2024-03-17,0.5979999899864197,0.5979999899864197,0.5979999899864197,0.5979999899864197,0
2024-03-18,0.5979999899864197,0.5979999899864197,0.5979999899864197,0.5979999899864197,0
2024-03-19,0.5979999899864197,0.5979999899864197,0.5979999899864197,0.5979999899864197,0
2024-03-20,0.5979999899864197,0.5979999899864197,0.5979999899864197,0.5979999899864197,0
2024-03-21,0.5979999899864197,0.5979999899864197,0.5979999899864197,0.5979999899864197,0
2024-03-24,0.5979999899864197,0.5979999899864197,0.5979999899864197,0.5979999899864197,0
2024-03-25,0.5979999899864197,0.5979999899864197,0.5979999899864197,0.5979999899864197,0
2024-03-26,0.5979999899864197,0.5979999899864197,0.5979999899864197,0.5979999899864197,0
2024-03-27,0.5979999899864197,0.5979999899864197,0.5979999899864197,0.5979999899864197,0
2024-03-28,0.5979999899864197,0.5979999899864197,0.5979999899864197,0.5979999899864197,0
2024-03-31,0.5979999899864197,0.5979999899864197,0.5979999899864197,0.5979999899864197,0
2024-04-01,0.5979999899864197,0.5979999899864197,0.5979999899864197,0.5979999899864197,0
2024-04-02,0.5979999899864197,0.5979999899864197,0.5979999899864197,0.5979999899864197,0
2024-04-03,0.5979999899864197,0.5979999899864197,0.5979999899864197,0.5979999899864197,0
2024-04-04,0.5979999899864197,0.5979999899864197,0.5979999899864197,0.5979999899864197,0
2024-04-07,0.5979999899864197,0.5979999899864197,0.5979999899864197,0.5979999899864197,0
2024-04-08,0.5979999899864197,0.5979999899864197,0.5979999899864197,0.5979999899864197,0
2024-04-15,0.5979999899864197,0.5979999899864197,0.5979999899864197,0.5979999899864197,0
2024-04-16,0.5979999899864197,0.5979999899864197,0.5979999899864197,0.5979999899864197,0
2024-04-17,0.5979999899864197,0.5979999899864197,0.5979999899864197,0.5979999899864197,0
2024-04-18,0.5979999899864197,0.5979999899864197,0.5979999899864197,0.5979999899864197,0
2024-04-21,0.5979999899864197,0.5979999899864197,0.5979999899864197,0.5979999899864197,0
2024-04-22,0.5979999899864197,0.5979999899864197,0.5979999899864197,0.5979999899864197,0
2024-04-23,0.5979999899864197,0.5979999899864197,0.5979999899864197,0.5979999899864197,0
2024-04-24,0.5979999899864197,0.5979999899864197,0.5979999899864197,0.5979999899864197,0
2024-04-28,0.5979999899864197,0.5979999899864197,0.5979999899864197,0.5979999899864197,0
2024-04-29,0.5979999899864197,0.5979999899864197,0.5979999899864197,0.5979999899864197,0
2024-04-30,0.5979999899864197,0.5979999899864197,0.5979999899864197,0.5979999899864197,0
2024-05-01,0.5979999899864197,0.5979999899864197,0.5979999899864197,0.5979999899864197,0
2024-05-02,0.5979999899864197,0.5979999899864197,0.5979999899864197,0.5979999899864197,0
2024-05-07,0.5979999899864197,0.5979999899864197,0.5979999899864197,0.5979999899864197,0
2024-05-08,0.5979999899864197,0.5979999899864197,0.5979999899864197,0.5979999899864197,0
2024-05-09,0.5979999899864197,0.5979999899864197,0.5979999899864197,0.5979999899864197,0
2024-05-12,0.5979999899864197,0.5979999899864197,0.5979999899864197,0.5979999899864197,0
2024-05-13,0.5979999899864197,0.5979999899864197,0.5979999899864197,0.5979999899864197,0
2024-05-14,0.5979999899864197,0.5979999899864197,0.5979999899864197,0.5979999899864197,0
2024-05-15,0.5979999899864197,0.5979999899864197,0.5979999899864197,0.5979999899864197,0
2024-05-16,0.5979999899864197,0.5979999899864197,0.5979999899864197,0.5979999899864197,0
2024-05-19,0.5979999899864197,0.5979999899864197,0.5979999899864197,0.5979999899864197,0
2024-05-20,0.5979999899864197,0.5979999899864197,0.5979999899864197,0.5979999899864197,0
2024-05-21,0.5979999899864197,0.5979999899864197,0.5979999899864197,0.5979999899864197,0
2024-05-22,0.5979999899864197,0.5979999899864197,0.5979999899864197,0.5979999899864197,0
2024-05-23,0.5979999899864197,0.5979999899864197,0.5979999899864197,0.5979999899864197,0
2024-05-26,0.5979999899864197,0.5979999899864197,0.5979999899864197,0.5979999899864197,0
2024-05-27,0.5979999899864197,0.5979999899864197,0.5979999899864197,0.5979999899864197,0
2024-05-28,0.5979999899864197,0.5979999899864197,0.5979999899864197,0.5979999899864197,0
2024-05-29,0.5979999899864197,0.5979999899864197,0.5979999899864197,0.5979999899864197,0
2024-05-30,0.5979999899864197,0.5979999899864197,0.5979999899864197,0.5979999899864197,0
2024-06-02,0.5979999899864197,0.5979999899864197,0.5979999899864197,0.5979999899864197,0
2024-06-03,0.5979999899864197,0.5979999899864197,0.5979999899864197,0.5979999899864197,0
2024-06-04,0.5979999899864197,0.5979999899864197,0.5979999899864197,0.5979999899864197,0
2024-06-05,0.5979999899864197,0.5979999899864197,0.5979999899864197,0.5979999899864197,0
2024-06-06,0.5979999899864197,0.5979999899864197,0.5979999899864197,0.5979999899864197,0
2024-06-09,0.5979999899864197,0.5979999899864197,0.5979999899864197,0.5979999899864197,0
2024-06-10,0.5979999899864197,0.5979999899864197,0.5979999899864197,0.5979999899864197,0
2024-06-11,0.5979999899864197,0.5979999899864197,0.5979999899864197,0.5979999899864197,0
2024-06-12,0.5979999899864197,0.5979999899864197,0.5979999899864197,0.5979999899864197,0
2024-06-13,0.5979999899864197,0.5979999899864197,0.5979999899864197,0.5979999899864197,0
2024-06-23,0.5979999899864197,0.5979999899864197,0.5979999899864197,0.5979999899864197,0
2024-06-24,0.5979999899864197,0.5979999899864197,0.5979999899864197,0.5979999899864197,0
2024-06-25,0.5979999899864197,0.5979999899864197,0.5979999899864197,0.5979999899864197,0
2024-06-26,0.5979999899864197,0.5979999899864197,0.5979999899864197,0.5979999899864197,0
2024-06-27,0.5979999899864197,0.5979999899864197,0.5979999899864197,0.5979999899864197,0
2024-07-01,0.5979999899864197,0.5979999899864197,0.5979999899864197,0.5979999899864197,0
2024-07-02,0.5979999899864197,0.5979999899864197,0.5979999899864197,0.5979999899864197,0
2024-07-03,0.5979999899864197,0.5979999899864197,0.5979999899864197,0.5979999899864197,0
2024-07-04,0.5979999899864197,0.5979999899864197,0.5979999899864197,0.5979999899864197,0
2024-07-07,0.5979999899864197,0.5979999899864197,0.5979999899864197,0.5979999899864197,0
2024-07-08,0.5979999899864197,0.5979999899864197,0.5979999899864197,0.5979999899864197,0
2024-07-09,0.5979999899864197,0.5979999899864197,0.5979999899864197,0.5979999899864197,0
2024-07-10,0.5979999899864197,0.5979999899864197,0.5979999899864197,0.5979999899864197,0
2024-07-14,0.5979999899864197,0.5979999899864197,0.5979999899864197,0.5979999899864197,0
2024-07-15,0.5979999899864197,0.5979999899864197,0.5979999899864197,0.5979999899864197,0
2024-07-16,0.5979999899864197,0.5979999899864197,0.5979999899864197,0.5979999899864197,0
2024-07-17,0.5979999899864197,0.5979999899864197,0.5979999899864197,0.5979999899864197,0
2024-07-18,0.5979999899864197,0.5979999899864197,0.5979999899864197,0.5979999899864197,0
2024-07-21,0.5979999899864197,0.5979999899864197,0.5979999899864197,0.5979999899864197,0
2024-07-22,0.5979999899864197,0.5979999899864197,0.5979999899864197,0.5979999899864197,0
2024-07-23,0.5979999899864197,0.5979999899864197,0.5979999899864197,0.5979999899864197,0
2024-07-24,0.5979999899864197,0.5979999899864197,0.5979999899864197,0.5979999899864197,0
2024-07-28,0.5979999899864197,0.5979999899864197,0.5979999899864197,0.5979999899864197,0
2024-07-29,0.5979999899864197,0.5979999899864197,0.5979999899864197,0.5979999899864197,0
2024-07-30,0.5979999899864197,0.5979999899864197,0.5979999899864197,0.5979999899864197,0
2024-07-31,0.5979999899864197,0.5979999899864197,0.5979999899864197,0.5979999899864197,0
2024-08-01,0.5979999899864197,0.5979999899864197,0.5979999899864197,0.5979999899864197,0
2024-08-04,0.5979999899864197,0.5979999899864197,0.5979999899864197,0.5979999899864197,0
2024-08-05,0.5979999899864197,0.5979999899864197,0.5979999899864197,0.5979999899864197,0
2024-08-06,0.5979999899864197,0.5979999899864197,0.5979999899864197,0.5979999899864197,0
2024-08-07,0.5979999899864197,0.5979999899864197,0.5979999899864197,0.5979999899864197,0
2024-08-08,0.5979999899864197,0.5979999899864197,0.5979999899864197,0.5979999899864197,0
2024-08-11,0.5979999899864197,0.5979999899864197,0.5979999899864197,0.5979999899864197,0
2024-08-12,0.5979999899864197,0.5979999899864197,0.5979999899864197,0.5979999899864197,0
2024-08-13,0.5979999899864197,0.5979999899864197,0.5979999899864197,0.5979999899864197,0
2024-08-14,0.5979999899864197,0.5979999899864197,0.5979999899864197,0.5979999899864197,0
2024-08-15,0.5979999899864197,0.5979999899864197,0.5979999899864197,0.5979999899864197,0
2024-08-18,0.5979999899864197,0.5979999899864197,0.5979999899864197,0.5979999899864197,0
2024-08-19,0.5979999899864197,0.5979999899864197,0.5979999899864197,0.5979999899864197,0
2024-08-20,0.5979999899864197,0.5979999899864197,0.5979999899864197,0.5979999899864197,0
2024-08-21,0.5979999899864197,0.5979999899864197,0.5979999899864197,0.5979999899864197,0
2024-08-22,0.5979999899864197,0.5979999899864197,0.5979999899864197,0.5979999899864197,0
2024-08-25,0.5979999899864197,0.5979999899864197,0.5979999899864197,0.5979999899864197,0
2024-08-26,0.5979999899864197,0.5979999899864197,0.5979999899864197,0.5979999899864197,0
2024-08-27,0.5979999899864197,0.5979999899864197,0.5979999899864197,0.5979999899864197,0
2024-08-28,0.5979999899864197,0.5979999899864197,0.5979999899864197,0.5979999899864197,0
2024-09-18,0.7300000190734863,0.7900000214576721,0.7020000219345093,0.7549999952316284,945322
2024-09-19,0.7549999952316284,0.7699999809265137,0.7400000095367432,0.7549999952316284,31242
2024-09-22,0.7549999952316284,0.7900000214576721,0.7419999837875366,0.7549999952316284,145335
2024-09-23,0.7549999952316284,0.7770000100135803,0.7549999952316284,0.7549999952316284,236387
2024-09-24,0.7549999952316284,0.7549999952316284,0.7549999952316284,0.7549999952316284,0
2024-09-25,0.7549999952316284,0.7570000290870667,0.7450000047683716,0.7549999952316284,3234
2024-09-26,0.7549999952316284,0.906000018119812,0.7480000257492065,0.906000018119812,3536833
2024-10-02,1.5640000104904175,1.850000023841858,1.3609999418258667,1.371000051498413,27284976
2024-10-03,1.371000051498413,1.4780000448226929,1.2999999523162842,1.3550000190734863,12123713
2024-10-07,1.3550000190734863,1.600000023841858,1.2699999809265137,1.4500000476837158,13781880
2024-10-08,1.4500000476837158,1.5099999904632568,1.2799999713897705,1.3799999952316284,5382056
2024-10-09,1.3799999952316284,1.4900000095367432,1.309999942779541,1.440000057220459,5919614
2024-10-10,1.440000057220459,1.4600000381469727,1.309999942779541,1.399999976158142,6560525
2024-10-13,1.399999976158142,1.440000057220459,1.2699999809265137,1.2899999618530273,5694759
2024-10-14,1.2899999618530273,1.3799999952316284,1.2599999904632568,1.309999942779541,2005871
2024-10-15,1.309999942779541,1.409999966621399,1.2999999523162842,1.3300000429153442,2827275
2024-10-16,1.3300000429153442,1.3600000143051147,1.309999942779541,1.3300000429153442,1637055
2024-10-17,1.3300000429153442,1.350000023841858,1.2899999618530273,1.2899999618530273,1014045
2024-10-20,1.2899999618530273,1.309999942779541,1.2000000476837158,1.2300000190734863,999039
2024-10-21,1.2300000190734863,1.2599999904632568,1.159999966621399,1.2200000286102295,1354817
2024-10-22,1.2200000286102295,1.3200000524520874,1.2000000476837158,1.25,2148058
2024-10-23,1.25,1.2799999713897705,1.2100000381469727,1.2200000286102295,952341
2024-10-24,1.2200000286102295,1.25,1.2000000476837158,1.2100000381469727,614405
2024-10-27,1.2100000381469727,1.25,1.1799999475479126,1.190000057220459,1892346
2024-10-28,1.190000057220459,1.2000000476837158,1.1699999570846558,1.1799999475479126,1079014
2024-10-29,1.1799999475479126,1.409999966621399,1.1699999570846558,1.409999966621399,8553840
2024-10-31,1.5499999523162842,1.6699999570846558,1.4600000381469727,1.4800000190734863,8445879
2024-11-03,1.4800000190734863,1.5299999713897705,1.399999976158142,1.440000057220459,3176643
2024-11-04,1.440000057220459,1.6799999475479126,1.399999976158142,1.5800000429153442,10563267
2024-11-05,1.5800000429153442,1.6200000047683716,1.4900000095367432,1.5,4748347
2024-11-06,1.5,1.5800000429153442,1.4800000190734863,1.5099999904632568,5078901
2024-11-07,1.5099999904632568,1.600000023841858,1.4800000190734863,1.5199999809265137,6326959
2024-11-11,1.6200000047683716,1.6399999856948853,1.5299999713897705,1.5399999618530273,5062557
2024-11-12,1.5399999618530273,1.6100000143051147,1.5199999809265137,1.5399999618530273,4696947
2024-11-13,1.5399999618530273,1.559999942779541,1.4900000095367432,1.5,2964517
2024-11-14,1.5,1.5299999713897705,1.4600000381469727,1.4700000286102295,2174792
2024-11-17,1.4700000286102295,1.5800000429153442,1.4500000476837158,1.5,3097958
2024-11-18,1.5,1.5499999523162842,1.4700000286102295,1.4700000286102295,2385825
2024-11-19,1.4700000286102295,1.5,1.4299999475479126,1.440000057220459,1620614
2024-11-20,1.440000057220459,1.4800000190734863,1.4199999570846558,1.4600000381469727,1226775
2024-11-21,1.4600000381469727,1.4700000286102295,1.4199999570846558,1.4500000476837158,568514
2024-11-24,1.4500000476837158,1.559999942779541,1.440000057220459,1.4700000286102295,4365577
2024-11-25,1.4700000286102295,1.5099999904632568,1.4299999475479126,1.440000057220459,1214883
2024-11-26,1.440000057220459,1.5,1.440000057220459,1.440000057220459,958639
2024-11-27,1.440000057220459,1.4800000190734863,1.3700000047683716,1.3799999952316284,1682179
2024-11-28,1.3799999952316284,1.4199999570846558,1.340000033378601,1.3700000047683716,845712
2024-12-01,1.3700000047683716,1.4199999570846558,1.3700000047683716,1.3899999856948853,1286877
2024-12-02,1.3899999856948853,1.4299999475479126,1.3600000143051147,1.3700000047683716,1115147
2024-12-03,1.3700000047683716,1.399999976158142,1.3600000143051147,1.3700000047683716,966937
2024-12-04,1.3700000047683716,1.3899999856948853,1.350000023841858,1.3600000143051147,1344900
2024-12-05,1.3600000143051147,1.4199999570846558,1.3600000143051147,1.3899999856948853,2295284
2024-12-08,1.3899999856948853,1.4299999475479126,1.3700000047683716,1.3700000047683716,679389
2024-12-09,1.3700000047683716,1.409999966621399,1.3700000047683716,1.3700000047683716,1596962
2024-12-10,1.3700000047683716,1.3899999856948853,1.340000033378601,1.350000023841858,840767
2024-12-11,1.350000023841858,1.399999976158142,1.350000023841858,1.3600000143051147,1069366
2024-12-12,1.3600000143051147,1.5800000429153442,1.350000023841858,1.4900000095367432,20500395
2024-12-15,1.4900000095367432,1.600000023841858,1.4500000476837158,1.4800000190734863,8111923
2024-12-16,1.4800000190734863,1.5099999904632568,1.409999966621399,1.4199999570846558,4487753
2024-12-17,1.4199999570846558,1.4800000190734863,1.409999966621399,1.4199999570846558,3429694
2024-12-18,1.4199999570846558,1.4800000190734863,1.399999976158142,1.399999976158142,3373751
2024-12-19,1.399999976158142,1.4299999475479126,1.3700000047683716,1.3899999856948853,1377157
2024-12-22,1.3899999856948853,1.4299999475479126,1.3700000047683716,1.409999966621399,1769571
2024-12-23,1.409999966621399,1.409999966621399,1.3600000143051147,1.3700000047683716,735179
2024-12-24,1.3700000047683716,1.3799999952316284,1.309999942779541,1.340000033378601,2667893
2024-12-25,1.340000033378601,1.399999976158142,1.340000033378601,1.340000033378601,803626
2024-12-26,1.340000033378601,1.4500000476837158,1.340000033378601,1.3799999952316284,7799742
2024-12-29,1.3799999952316284,1.399999976158142,1.340000033378601,1.350000023841858,2241889
2024-12-30,1.350000023841858,1.3600000143051147,1.2999999523162842,1.2999999523162842,2393849
2024-12-31,1.2999999523162842,1.350000023841858,1.2999999523162842,1.3200000524520874,1261371
2025-01-02,1.3200000524520874,1.350000023841858,1.3200000524520874,1.340000033378601,1371965
2025-01-05,1.340000033378601,1.3799999952316284,1.340000033378601,1.3600000143051147,1816080
2025-01-08,1.4500000476837158,1.4800000190734863,1.409999966621399,1.4199999570846558,4309723
2025-01-09,1.4199999570846558,1.440000057220459,1.3700000047683716,1.3700000047683716,2555214
2025-01-12,1.3700000047683716,1.399999976158142,1.340000033378601,1.3700000047683716,1674627
2025-01-13,1.3700000047683716,1.399999976158142,1.3200000524520874,1.3300000429153442,2716640
2025-01-14,1.3300000429153442,1.340000033378601,1.2799999713897705,1.309999942779541,1615101
2025-01-15,1.309999942779541,1.340000033378601,1.309999942779541,1.3300000429153442,1124183
2025-01-16,1.3300000429153442,1.350000023841858,1.3200000524520874,1.3200000524520874,2041822
2025-01-19,1.3300000429153442,1.3799999952316284,1.3200000524520874,1.350000023841858,3901140
2025-01-20,1.350000023841858,1.399999976158142,1.340000033378601,1.3600000143051147,4422722
2025-01-21,1.3600000143051147,1.3899999856948853,1.3600000143051147,1.3600000143051147,2077002
2025-01-22,1.3600000143051147,1.440000057220459,1.3600000143051147,1.3700000047683716,4712952
2025-01-23,1.3700000047683716,1.3899999856948853,1.340000033378601,1.350000023841858,1591348
2025-01-26,1.350000023841858,1.3700000047683716,1.350000023841858,1.350000023841858,547390
2025-01-27,1.350000023841858,1.3700000047683716,1.309999942779541,1.3200000524520874,1669889
2025-01-28,1.3200000524520874,1.3899999856948853,1.2999999523162842,1.340000033378601,1643420
2025-01-29,1.340000033378601,1.3600000143051147,1.3300000429153442,1.3300000429153442,791810
2025-01-30,1.3300000429153442,1.350000023841858,1.3300000429153442,1.340000033378601,419533
2025-02-02,1.340000033378601,1.340000033378601,1.309999942779541,1.3200000524520874,837874
2025-02-03,1.3200000524520874,1.340000033378601,1.309999942779541,1.3200000524520874,613291
2025-02-04,1.3200000524520874,1.3300000429153442,1.2999999523162842,1.309999942779541,1110846
2025-02-05,1.309999942779541,1.3300000429153442,1.2999999523162842,1.309999942779541,801775
2025-02-06,1.309999942779541,1.350000023841858,1.2999999523162842,1.2999999523162842,2871384
2025-02-09,1.2999999523162842,1.3300000429153442,1.2899999618530273,1.2999999523162842,1480187
2025-02-10,1.2999999523162842,1.2999999523162842,1.2699999809265137,1.2699999809265137,1499427
2025-02-11,1.2699999809265137,1.2799999713897705,1.2400000095367432,1.25,697098
2025-02-12,1.25,1.25,1.190000057220459,1.2000000476837158,1213028
2025-02-13,1.2000000476837158,1.2200000286102295,1.190000057220459,1.2000000476837158,1073460
2025-02-16,1.2000000476837158,1.2300000190734863,1.190000057220459,1.2100000381469727,703027
2025-02-17,1.2100000381469727,1.2300000190734863,1.2000000476837158,1.2100000381469727,511010
2025-02-18,1.2100000381469727,1.2200000286102295,1.190000057220459,1.2100000381469727,585480
2025-02-19,1.2100000381469727,1.2300000190734863,1.2100000381469727,1.2100000381469727,153936
2025-02-20,1.2100000381469727,1.2999999523162842,1.2100000381469727,1.2400000095367432,3738410
2025-02-23,1.2400000095367432,1.2699999809265137,1.2300000190734863,1.25,669520
2025-02-24,1.25,1.2599999904632568,1.2200000286102295,1.2300000190734863,708507
2025-02-25,1.2300000190734863,1.2899999618530273,1.2200000286102295,1.2300000190734863,1690906
2025-02-26,1.2300000190734863,1.2400000095367432,1.2100000381469727,1.2200000286102295,436388
2025-02-27,1.2200000286102295,1.2300000190734863,1.1799999475479126,1.190000057220459,873071
2025-03-02,1.190000057220459,1.2100000381469727,1.190000057220459,1.190000057220459,218136
2025-03-04,1.2000000476837158,1.2100000381469727,1.190000057220459,1.190000057220459,311134
2025-03-05,1.190000057220459,1.2000000476837158,1.1799999475479126,1.190000057220459,331910
2025-03-06,1.190000057220459,1.2000000476837158,1.1799999475479126,1.190000057220459,440414
2025-03-09,1.190000057220459,1.25,1.1799999475479126,1.2300000190734863,1802157
2025-03-10,1.2300000190734863,1.2599999904632568,1.2200000286102295,1.2300000190734863,930783
2025-03-11,1.2300000190734863,1.2400000095367432,1.2000000476837158,1.2100000381469727,834992
2025-03-12,1.2100000381469727,1.2200000286102295,1.2000000476837158,1.2100000381469727,345023
2025-03-13,1.2100000381469727,1.2400000095367432,1.2000000476837158,1.2100000381469727,698752
2025-03-16,1.2100000381469727,1.2300000190734863,1.190000057220459,1.2100000381469727,375657
2025-03-17,1.2100000381469727,1.2100000381469727,1.190000057220459,1.190000057220459,380976
2025-03-18,1.190000057220459,1.2100000381469727,1.1799999475479126,1.2000000476837158,819552
2025-03-19,1.2000000476837158,1.2100000381469727,1.159999966621399,1.1699999570846558,1081392
2025-03-20,1.1699999570846558,1.190000057220459,1.1699999570846558,1.1699999570846558,247980
2025-03-23,1.1699999570846558,1.190000057220459,1.1699999570846558,1.1799999475479126,509053
2025-03-24,1.1799999475479126,1.2000000476837158,1.1699999570846558,1.1699999570846558,488459
2025-03-25,1.1699999570846558,1.2000000476837158,1.1699999570846558,1.1799999475479126,388652
2025-03-26,1.1799999475479126,1.2000000476837158,1.1699999570846558,1.1799999475479126,156423
2025-03-27,1.1799999475479126,1.2000000476837158,1.1699999570846558,1.1799999475479126,440634
2025-04-03,1.1799999475479126,1.190000057220459,1.1699999570846558,1.1799999475479126,260928
2025-04-07,1.100000023841858,1.1100000143051147,1.0700000524520874,1.090000033378601,2333287
2025-04-08,1.090000033378601,1.1299999952316284,1.0800000429153442,1.1200000047683716,1663786
2025-04-09,1.1200000047683716,1.1299999952316284,1.0800000429153442,1.090000033378601,1337795
2025-04-10,1.090000033378601,1.1299999952316284,1.090000033378601,1.100000023841858,623426
2025-04-13,1.100000023841858,1.2200000286102295,1.100000023841858,1.1699999570846558,6703241
2025-04-15,1.2400000095367432,1.25,1.2100000381469727,1.2300000190734863,2745296
2025-04-16,1.2300000190734863,1.2400000095367432,1.1799999475479126,1.190000057220459,2414607
2025-04-17,1.190000057220459,1.25,1.1699999570846558,1.2000000476837158,2795086
2025-04-22,1.2000000476837158,1.2300000190734863,1.190000057220459,1.190000057220459,900247
2025-04-23,1.190000057220459,1.2400000095367432,1.190000057220459,1.2000000476837158,2342910
2025-04-27,1.2000000476837158,1.2300000190734863,1.2000000476837158,1.2100000381469727,1358755
2025-04-28,1.2100000381469727,1.2599999904632568,1.2100000381469727,1.2200000286102295,5259987
2025-04-29,1.2200000286102295,1.2400000095367432,1.2000000476837158,1.2000000476837158,1864080
2025-04-30,1.2000000476837158,1.2200000286102295,1.190000057220459,1.2100000381469727,1897136
2025-05-04,1.2100000381469727,1.2300000190734863,1.2100000381469727,1.2100000381469727,1200748
2025-05-05,1.2100000381469727,1.2699999809265137,1.2100000381469727,1.2400000095367432,3950273
2025-05-06,1.2400000095367432,1.3899999856948853,1.2300000190734863,1.340000033378601,13720170
2025-05-07,1.340000033378601,1.399999976158142,1.2999999523162842,1.3200000524520874,9081010
2025-05-08,1.3200000524520874,1.4299999475479126,1.2799999713897705,1.399999976158142,11931021
2025-05-12,1.409999966621399,1.440000057220459,1.3700000047683716,1.3799999952316284,3009448
2025-05-13,1.3799999952316284,1.4199999570846558,1.3300000429153442,1.340000033378601,5145575
2025-05-14,1.340000033378601,1.399999976158142,1.309999942779541,1.340000033378601,1471194
2025-05-15,1.340000033378601,1.350000023841858,1.2799999713897705,1.2899999618530273,3172900
2025-05-18,1.2899999618530273,1.309999942779541,1.25,1.25,2704441
2025-05-19,1.25,1.2699999809265137,1.2400000095367432,1.25,1905722
2025-05-20,1.25,1.2999999523162842,1.2400000095367432,1.25,4052292
2025-05-21,1.25,1.2699999809265137,1.2400000095367432,1.25,2779682
2025-05-22,1.25,1.2899999618530273,1.2400000095367432,1.2599999904632568,3192332
2025-05-25,1.2599999904632568,1.2999999523162842,1.25,1.2699999809265137,2974006
2025-05-26,1.2699999809265137,1.2799999713897705,1.2599999904632568,1.2699999809265137,1517589
2025-05-27,1.2699999809265137,1.2899999618530273,1.2599999904632568,1.2799999713897705,1753601
2025-05-28,1.2799999713897705,1.3600000143051147,1.2699999809265137,1.350000023841858,6313402
2025-05-29,1.350000023841858,1.3700000047683716,1.2999999523162842,1.3200000524520874,3450821
2025-06-01,1.3200000524520874,1.4600000381469727,1.309999942779541,1.4500000476837158,10343887
2025-06-02,1.4500000476837158,1.6399999856948853,1.4299999475479126,1.6100000143051147,20305907
2025-06-03,1.6100000143051147,1.6100000143051147,1.6100000143051147,1.6100000143051147,0
2025-06-04,1.6100000143051147,1.7100000381469727,1.5099999904632568,1.5700000524520874,15542793
2025-06-10,1.5700000524520874,1.6100000143051147,1.5099999904632568,1.5299999713897705,4404199
2025-06-11,1.5299999713897705,1.6299999952316284,1.5199999809265137,1.5499999523162842,5244531
2025-06-12,1.5499999523162842,1.600000023841858,1.4800000190734863,1.5199999809265137,2979955
2025-06-15,1.5199999809265137,1.5299999713897705,1.350000023841858,1.5099999904632568,1943490
2025-06-16,1.5099999904632568,1.5700000524520874,1.5,1.5299999713897705,3530082
2025-06-17,1.5299999713897705,1.559999942779541,1.4600000381469727,1.4700000286102295,1894486
2025-06-18,1.4700000286102295,1.5099999904632568,1.409999966621399,1.4900000095367432,857982
2025-06-19,1.4900000095367432,1.5,1.4500000476837158,1.5,716034
2025-06-22,1.5,1.5399999618530273,1.4299999475479126,1.5,485679
2025-06-23,1.5,1.5700000524520874,1.5,1.5299999713897705,1738126
2025-06-25,1.5499999523162842,1.5700000524520874,1.5299999713897705,1.5499999523162842,2874242
2025-06-29,1.5499999523162842,1.6299999952316284,1.5399999618530273,1.590000033378601,3177943
2025-06-30,1.590000033378601,1.6299999952316284,1.5499999523162842,1.559999942779541,1001916
2025-07-01,1.559999942779541,1.5800000429153442,1.5399999618530273,1.5499999523162842,356552
2025-07-02,1.5499999523162842,1.6100000143051147,1.5199999809265137,1.600000023841858,1988685
2025-07-06,1.600000023841858,1.840000033378601,1.600000023841858,1.8200000524520874,6262756
2025-07-07,1.8200000524520874,2.0899999141693115,1.7699999809265137,2.0,11463593
2025-07-09,2.0,2.2100000381469727,1.9800000190734863,2.2100000381469727,6640007
2025-07-10,2.2100000381469727,2.4000000953674316,2.109999895095825,2.309999942779541,12929074
2025-07-13,2.309999942779541,2.5299999713897705,2.259999990463257,2.430000066757202,9426336
2025-07-14,2.430000066757202,2.5199999809265137,2.299999952316284,2.3399999141693115,7989181
2025-07-15,2.3399999141693115,2.4600000381469727,2.3299999237060547,2.3499999046325684,3239591
2025-07-17,2.5999999046325684,2.6500000953674316,2.509999990463257,2.5199999809265137,12032139
2025-07-20,2.5199999809265137,2.569999933242798,2.450000047683716,2.450000047683716,3872132
2025-07-21,2.450000047683716,2.5,2.4200000762939453,2.430000066757202,1903618
2025-07-22,2.430000066757202,2.450000047683716,2.309999942779541,2.390000104904175,2071158
2025-07-23,2.390000104904175,2.390000104904175,2.390000104904175,2.390000104904175,0
2025-07-27,2.380000114440918,2.799999952316284,2.380000114440918,2.6500000953674316,15006504
2025-07-28,2.6500000953674316,2.7200000286102295,2.549999952316284,2.6500000953674316,5263542
2025-07-29,2.6500000953674316,2.8299999237060547,2.5899999141693115,2.75,7279820
2025-07-30,2.75,2.799999952316284,2.619999885559082,2.740000009536743,3916747
2025-07-31,2.740000009536743,2.8499999046325684,2.6700000762939453,2.75,5790451
2025-08-03,2.75,2.75,2.75,2.75,0
2025-08-04,2.75,2.75,2.75,2.75,0
2025-08-05,2.75,2.75,2.75,2.75,0
2025-08-06,2.75,2.75,2.75,2.75,0
2025-08-07,2.75,2.75,2.75,2.75,0
2025-08-11,3.6600000858306885,3.7300000190734863,3.5,3.7200000286102295,2386300
2025-08-12,3.7200000286102295,4.159999847412109,3.619999885559082,4.099999904632568,9857710
2025-08-13,4.099999904632568,4.380000114440918,3.940000057220459,3.940000057220459,12008400
2025-08-14,3.940000057220459,4.059999942779541,3.8399999141693115,3.880000114440918,3929900
2025-08-17,3.880000114440918,4.079999923706055,3.8499999046325684,3.950000047683716,2705106
2025-08-18,3.950000047683716,4.190000057220459,3.8499999046325684,4.130000114440918,7034011
2025-08-19,4.130000114440918,4.570000171661377,4.050000190734863,4.449999809265137,10927183
2025-08-21,4.630000114440918,4.900000095367432,4.519999980926514,4.650000095367432,7212630
2025-08-24,4.650000095367432,4.730000019073486,4.519999980926514,4.599999904632568,3217624
2025-08-25,4.599999904632568,4.650000095367432,4.21999979019165,4.21999979019165,8999774
2025-08-26,4.21999979019165,4.289999961853027,3.8499999046325684,3.890000104904175,7146115
2025-08-28,3.9600000381469727,4.070000171661377,3.5,3.809999942779541,3635638
2025-08-31,3.809999942779541,4.0,3.7799999713897705,3.7799999713897705,3845298
2025-09-01,3.7799999713897705,3.9000000953674316,3.7699999809265137,3.859999895095825,2550627
2025-09-02,3.859999895095825,4.079999923706055,3.75,3.8499999046325684,7817598
2025-09-03,3.8499999046325684,3.9800000190734863,3.8299999237060547,3.8299999237060547,2656901
2025-09-07,3.8299999237060547,3.9000000953674316,3.809999942779541,3.8299999237060547,2600471
2025-09-08,3.8299999237060547,3.9700000286102295,3.7799999713897705,3.819999933242798,4424459
2025-09-09,3.819999933242798,3.890000104904175,3.75,3.869999885559082,2930292
2025-09-10,3.869999885559082,3.950000047683716,3.819999933242798,3.8299999237060547,3848561
2025-09-11,3.8299999237060547,3.859999895095825,3.799999952316284,3.8399999141693115,1651613
2025-09-14,3.8399999141693115,3.9200000762939453,3.7899999618530273,3.799999952316284,3286610
2025-09-15,3.799999952316284,3.869999885559082,3.690000057220459,3.7100000381469727,1857287
2025-09-16,3.7100000381469727,3.7699999809265137,3.2100000381469727,3.4000000953674316,3236257
2025-09-17,3.4000000953674316,3.5299999713897705,3.259999990463257,3.369999885559082,3490030
2025-09-18,3.369999885559082,3.509999990463257,3.299999952316284,3.369999885559082,2763049
2025-09-21,3.369999885559082,3.630000114440918,3.3499999046325684,3.4200000762939453,13131593
2025-09-22,3.4200000762939453,3.5,3.3399999141693115,3.359999895095825,6169405
2025-09-23,3.359999895095825,3.4000000953674316,2.8499999046325684,2.9000000953674316,10382550
2025-09-24,2.9000000953674316,2.990000009536743,2.759999990463257,2.9800000190734863,6182820
2025-09-28,3.049999952316284,3.069999933242798,2.9100000858306885,2.930000066757202,4089639
2025-09-29,2.930000066757202,3.049999952316284,2.930000066757202,2.990000009536743,7125352
2025-09-30,2.990000009536743,3.0399999618530273,2.8499999046325684,2.880000114440918,7408617
2025-10-01,2.880000114440918,2.9200000762939453,2.7699999809265137,2.7699999809265137,3702285
2025-10-02,2.7699999809265137,2.8399999141693115,2.630000114440918,2.8399999141693115,7442172
2025-10-05,2.8399999141693115,2.9200000762939453,2.799999952316284,2.809999942779541,9109181
2025-10-06,2.809999942779541,2.8399999141693115,2.7300000190734863,2.75,4365815
2025-10-07,2.75,2.950000047683716,2.7300000190734863,2.8499999046325684,19199524
2025-10-12,2.869999885559082,2.890000104904175,2.7699999809265137,2.7699999809265137,4363863
2025-10-13,2.7699999809265137,2.819999933242798,2.75,2.759999990463257,4336370
2025-10-15,2.7799999713897705,2.8299999237060547,2.7799999713897705,2.7799999713897705,2856694
2025-10-21,3.049999952316284,3.0999999046325684,2.9700000286102295,3.049999952316284,8804239
2025-10-22,3.049999952316284,3.069999933242798,2.9600000381469727,2.9600000381469727,4264929
2025-10-23,2.9600000381469727,2.990000009536743,2.930000066757202,2.950000047683716,2277197
2025-10-26,2.950000047683716,3.059999942779541,2.950000047683716,3.049999952316284,6062188
2025-10-27,3.049999952316284,3.1500000953674316,3.049999952316284,3.069999933242798,9985341
2025-10-28,3.069999933242798,3.0899999141693115,2.9600000381469727,2.990000009536743,4402263
2025-10-29,2.990000009536743,3.0299999713897705,2.990000009536743,2.990000009536743,1676152
2025-10-30,2.990000009536743,3.069999933242798,2.990000009536743,3.0,3098423
2025-11-02,3.0,3.0399999618530273,2.950000047683716,3.0199999809265137,2538928
2025-11-03,3.0199999809265137,3.0199999809265137,2.9600000381469727,2.9700000286102295,1954902
2025-11-04,2.9700000286102295,2.990000009536743,2.9100000858306885,2.9100000858306885,2567436
2025-11-05,2.9100000858306885,2.940000057220459,2.8399999141693115,2.859999895095825,2309782
2025-11-06,2.859999895095825,2.890000104904175,2.7899999618530273,2.799999952316284,2358856
2025-11-09,2.799999952316284,2.9100000858306885,2.7899999618530273,2.8299999237060547,1811272
2025-11-10,2.8299999237060547,2.8399999141693115,2.799999952316284,2.819999933242798,1755746
2025-11-11,2.819999933242798,2.8399999141693115,2.7799999713897705,2.7799999713897705,1150151
2025-11-12,2.7799999713897705,2.8299999237060547,2.75,2.7799999713897705,2858347
2025-11-13,2.7799999713897705,2.809999942779541,2.7300000190734863,2.759999990463257,2578058
2025-11-16,2.759999990463257,2.7899999618530273,2.7100000381469727,2.740000009536743,2080517
2025-11-17,2.740000009536743,2.759999990463257,2.6600000858306885,2.680000066757202,2801649
2025-11-18,2.680000066757202,2.7100000381469727,2.6600000858306885,2.6700000762939453,1357058
2025-11-19,2.6700000762939453,2.680000066757202,2.619999885559082,2.6600000858306885,1625930
2025-11-20,2.6600000858306885,2.880000114440918,2.640000104904175,2.7899999618530273,6308215
2025-11-24,2.9000000953674316,2.950000047683716,2.8499999046325684,2.8499999046325684,3378249
2025-11-25,2.8499999046325684,2.9000000953674316,2.7899999618530273,2.809999942779541,2280498
2025-11-26,2.809999942779541,2.8399999141693115,2.75,2.75,1273494
2025-11-27,2.75,2.7799999713897705,2.7100000381469727,2.75,949841
2025-11-30,2.75,2.809999942779541,2.75,2.7799999713897705,1305708
2025-12-01,2.7799999713897705,2.819999933242798,2.75,2.759999990463257,1174847
2025-12-02,2.759999990463257,2.7899999618530273,2.759999990463257,2.7799999713897705,940620
2025-12-07,2.880000114440918,2.9200000762939453,2.8499999046325684,2.8499999046325684,1303546
2025-12-08,2.8499999046325684,2.890000104904175,2.819999933242798,2.8299999237060547,1440547
2025-12-09,2.8299999237060547,2.869999885559082,2.809999942779541,2.8499999046325684,1338294
2025-12-10,2.8499999046325684,2.9200000762939453,2.8499999046325684,2.880000114440918,2028262
2025-12-14,2.9200000762939453,2.9700000286102295,2.9100000858306885,2.9100000858306885,2546879
2025-12-15,2.9100000858306885,2.940000057220459,2.869999885559082,2.880000114440918,1597743
2025-12-16,2.880000114440918,2.9000000953674316,2.819999933242798,2.8399999141693115,2827793
2025-12-17,2.8399999141693115,2.869999885559082,2.799999952316284,2.819999933242798,2019167
2025-12-18,2.819999933242798,2.8299999237060547,2.7799999713897705,2.7799999713897705,1524184
2025-12-21,2.7799999713897705,2.819999933242798,2.759999990463257,2.7699999809265137,1399171
2025-12-22,2.7699999809265137,2.819999933242798,2.759999990463257,2.7899999618530273,1743908
2025-12-24,2.859999895095825,2.9000000953674316,2.8299999237060547,2.869999885559082,3336094
2025-12-25,2.869999885559082,2.890000104904175,2.8299999237060547,2.8399999141693115,1466071
2025-12-28,2.8399999141693115,2.880000114440918,2.8399999141693115,2.8499999046325684,1108162
2025-12-31,3.700000047683716,4.179999828338623,3.680000066757202,3.7200000286102295,41365001
2026-01-04,3.7200000286102295,4.090000152587891,3.5399999618530273,4.079999923706055,25039549
2026-01-05,4.079999923706055,4.389999866485596,3.9000000953674316,3.930000066757202,34512076
2026-01-08,3.9800000190734863,4.03000020980835,3.680000066757202,3.7100000381469727,17123560
2026-01-11,3.7100000381469727,3.819999933242798,3.609999895095825,3.640000104904175,13496392
2026-01-13,3.7200000286102295,3.7699999809265137,3.509999990463257,3.5299999713897705,8082933
2026-01-14,3.5299999713897705,3.609999895095825,3.3499999046325684,3.450000047683716,9598449
2026-01-15,3.450000047683716,3.5399999618530273,3.309999942779541,3.3399999141693115,5153561
2026-01-18,3.3399999141693115,3.4600000381469727,3.319999933242798,3.369999885559082,3332362
2026-01-20,3.4100000858306885,3.440000057220459,3.3399999141693115,3.3499999046325684,4007183
2026-01-21,3.3499999046325684,3.9800000190734863,3.319999933242798,3.950000047683716,37293128
2026-01-22,3.950000047683716,3.9600000381469727,3.7699999809265137,3.799999952316284,21084748
2026-01-25,3.799999952316284,3.9200000762939453,3.7200000286102295,3.7200000286102295,15819275
2026-01-26,3.7200000286102295,3.7799999713897705,3.5199999809265137,3.5399999618530273,7259920
2026-01-27,3.5399999618530273,3.680000066757202,3.5399999618530273,3.5999999046325684,9534342
2026-01-28,3.5999999046325684,3.6500000953674316,3.390000104904175,3.5899999141693115,7029044
2026-02-01,3.5899999141693115,3.7699999809265137,3.509999990463257,3.680000066757202,11378445
2026-02-02,3.680000066757202,3.7699999809265137,3.619999885559082,3.640000104904175,6322792
2026-02-03,3.640000104904175,3.7200000286102295,3.609999895095825,3.6600000858306885,5738402
2026-02-04,3.6600000858306885,3.8499999046325684,3.6600000858306885,3.7200000286102295,13504100
2026-02-05,3.7200000286102295,3.8399999141693115,3.640000104904175,3.7699999809265137,8339727
2026-02-08,3.7699999809265137,3.8499999046325684,3.7100000381469727,3.7100000381469727,7131971
2026-02-09,3.7100000381469727,3.75,3.680000066757202,3.680000066757202,2765861
2026-02-10,3.680000066757202,3.740000009536743,3.6600000858306885,3.680000066757202,2637349
2026-02-11,3.680000066757202,3.7200000286102295,3.569999933242798,3.609999895095825,3961893
2026-02-12,3.609999895095825,3.6700000762939453,3.559999942779541,3.569999933242798,2790869
2026-02-16,3.5899999141693115,3.630000114440918,3.4800000190734863,3.5,2700198
2026-02-17,3.5,3.5999999046325684,3.4700000286102295,3.559999942779541,3651746
2026-02-19,3.690000057220459,3.759999990463257,3.5199999809265137,3.5199999809265137,4107488
2026-02-22,3.5199999809265137,3.619999885559082,3.380000114440918,3.4200000762939453,2565307
2026-02-24,3.4700000286102295,3.5199999809265137,3.440000057220459,3.450000047683716,3053372
2026-02-25,3.450000047683716,3.490000009536743,3.200000047683716,3.240000009536743,3401848
2026-02-26,3.240000009536743,3.2899999618530273,3.130000114440918,3.190000057220459,3769431
2026-03-02,3.0999999046325684,3.200000047683716,3.059999942779541,3.0799999237060547,2465237
2026-03-03,3.0799999237060547,3.130000114440918,3.0199999809265137,3.0999999046325684,1657431
2026-03-04,3.0999999046325684,3.1500000953674316,3.009999990463257,3.0799999237060547,1825377
2026-03-08,3.240000009536743,3.2699999809265137,3.200000047683716,3.200000047683716,2209039
2026-03-09,3.200000047683716,3.319999933242798,3.190000057220459,3.2300000190734863,3734560
2026-03-12,3.2799999713897705,3.430000066757202,3.2699999809265137,3.319999933242798,8071577
2026-03-15,3.319999933242798,3.390000104904175,3.25,3.259999990463257,2043817
2026-03-16,3.259999990463257,3.2799999713897705,3.180000066757202,3.200000047683716,919907
2026-03-18,3.240000009536743,3.3399999141693115,3.240000009536743,3.259999990463257,2665759
2026-03-19,3.259999990463257,3.259999990463257,3.259999990463257,3.259999990463257,0
2026-03-24,3.259999990463257,3.299999952316284,3.2200000286102295,3.2300000190734863,1985456
2026-03-25,3.2300000190734863,3.369999885559082,3.2300000190734863,3.3299999237060547,3869378
2026-03-26,3.3299999237060547,3.369999885559082,3.25,3.259999990463257,3213067
2026-03-29,3.259999990463257,3.309999942779541,3.180000066757202,3.200000047683716,2718457
2026-03-30,3.200000047683716,3.2300000190734863,3.0899999141693115,3.140000104904175,2917530
2026-03-31,3.140000104904175,3.1700000762939453,3.0899999141693115,3.0999999046325684,1267897
2026-04-02,3.119999885559082,3.25,3.109999895095825,3.1700000762939453,2936820
2026-04-05,3.1700000762939453,3.2300000190734863,3.1500000953674316,3.1600000858306885,2064236
2026-04-06,3.1600000858306885,3.2699999809265137,3.1500000953674316,3.1600000858306885,6593861
2026-04-07,3.1600000858306885,3.2200000286102295,3.1600000858306885,3.1600000858306885,2693039
2026-04-15,3.440000057220459,3.490000009536743,3.369999885559082,3.390000104904175,3765299
2026-04-16,3.390000104904175,3.5,3.390000104904175,3.4000000953674316,6207218
2026-04-20,3.430000066757202,3.569999933242798,3.4100000858306885,3.569999933242798,14158806
2026-04-21,3.569999933242798,3.700000047683716,3.509999990463257,3.509999990463257,11815736
2026-04-22,3.509999990463257,3.549999952316284,3.4600000381469727,3.4800000190734863,3321266
2026-04-23,3.4800000190734863,3.5399999618530273,3.450000047683716,3.4600000381469727,2812052
2026-04-26,3.4600000381469727,3.5,3.4200000762939453,3.5,3674749
2026-04-27,3.5,3.5399999618530273,3.4700000286102295,3.4700000286102295,2459001
2026-04-28,3.4700000286102295,3.619999885559082,3.4600000381469727,3.5399999618530273,11666885
2026-04-29,3.5399999618530273,3.569999933242798,3.509999990463257,3.5299999713897705,2848775
2026-04-30,3.5299999713897705,3.549999952316284,3.440000057220459,3.5,3226572
2026-05-03,3.5,3.569999933242798,3.450000047683716,3.509999990463257,3744436
2026-05-04,3.509999990463257,3.569999933242798,3.4600000381469727,3.559999942779541,3785180
2026-05-05,3.559999942779541,3.609999895095825,3.490000009536743,3.5299999713897705,4726633
2026-05-06,3.5299999713897705,3.5899999141693115,3.5299999713897705,3.5899999141693115,2634322
2026-05-11,3.6700000762939453,3.740000009536743,3.640000104904175,3.6500000953674316,5316147
2026-05-12,3.6500000953674316,3.799999952316284,3.619999885559082,3.7100000381469727,9449781
2026-05-13,3.7100000381469727,3.75,3.6500000953674316,3.690000057220459,2639031
2026-05-14,3.690000057220459,3.7100000381469727,3.640000104904175,3.6500000953674316,3297895
2026-05-17,3.6500000953674316,3.690000057220459,3.630000114440918,3.640000104904175,2952215
2026-05-18,3.640000104904175,3.6600000858306885,3.549999952316284,3.549999952316284,4391044
2026-05-19,3.549999952316284,3.5999999046325684,3.549999952316284,3.559999942779541,1332734
2026-05-20,3.559999942779541,3.640000104904175,3.450000047683716,3.4600000381469727,2354755
2026-05-21,3.4600000381469727,3.5199999809265137,3.4000000953674316,3.509999990463257,2131767
2026-05-24,3.509999990463257,3.5899999141693115,3.5,3.5199999809265137,1010551
2026-05-25,3.5199999809265137,3.549999952316284,3.5,3.5199999809265137,1090517
2026-05-26,3.5199999809265137,3.5199999809265137,3.5199999809265137,3.5199999809265137,0
2026-05-27,3.5199999809265137,3.5199999809265137,3.5199999809265137,3.5199999809265137,0
2026-05-28,3.5199999809265137,3.5199999809265137,3.5199999809265137,3.5199999809265137,0
2026-06-01,3.5199999809265137,3.640000104904175,3.5199999809265137,3.5899999141693115,2859196
2026-06-02,3.5899999141693115,3.7300000190734863,3.5899999141693115,3.6600000858306885,9900365
2026-06-03,3.6600000858306885,3.700000047683716,3.609999895095825,3.619999885559082,2842845
2026-06-04,3.619999885559082,3.700000047683716,3.5999999046325684,3.6600000858306885,5502141
2026-06-07,3.6600000858306885,3.740000009536743,3.6500000953674316,3.6700000762939453,6749052
2026-06-08,3.6700000762939453,3.690000057220459,3.5999999046325684,3.630000114440918,3804565
2026-06-09,3.630000114440918,3.7200000286102295,3.5999999046325684,3.609999895095825,5199762
2026-06-10,3.609999895095825,3.6600000858306885,3.5299999713897705,3.559999942779541,5480323
2026-06-11,3.559999942779541,3.559999942779541,3.4000000953674316,3.4200000762939453,2067452
2026-06-14,3.4200000762939453,3.5199999809265137,3.4200000762939453,3.4700000286102295,1726924
2026-06-15,3.4700000286102295,3.5799999237060547,3.4700000286102295,3.4700000286102295,1748726
2026-06-16,3.4700000286102295,3.490000009536743,3.430000066757202,3.4600000381469727,4381732
2026-06-17,3.4600000381469727,3.4600000381469727,3.4600000381469727,3.4600000381469727,0
2026-06-18,3.4600000381469727,3.4600000381469727,3.4600000381469727,3.4600000381469727,0
2026-06-21,3.5,3.5899999141693115,3.5,3.549999952316284,1971387
2026-06-22,3.549999952316284,3.549999952316284,3.549999952316284,3.549999952316284,0
2026-06-23,3.490000009536743,3.5299999713897705,3.440000057220459,3.4600000381469727,1225609
2026-06-24,3.4600000381469727,3.4800000190734863,3.4200000762939453,3.4200000762939453,996642
2026-06-28,3.440000057220459,3.4600000381469727,3.3499999046325684,3.3499999046325684,2647567
2026-06-29,3.3499999046325684,3.369999885559082,3.25,3.259999990463257,2329883
2026-07-01,3.3299999237060547,3.390000104904175,3.309999942779541,3.380000114440918,1277109
2026-07-05,3.380000114440918,3.440000057220459,3.380000114440918,3.4200000762939453,715566
2026-07-06,3.4200000762939453,3.4600000381469727,3.4100000858306885,3.450000047683716,899847
2026-07-08,3.5199999809265137,3.559999942779541,3.4200000762939453,3.4200000762939453,2046243
2026-07-09,3.4200000762939453,3.509999990463257,3.4200000762939453,3.490000009536743,957005
2026-07-12,3.490000009536743,3.5299999713897705,3.450000047683716,3.5,1358921
2026-07-13,3.5,3.559999942779541,3.5,3.5199999809265137,1687752
2026-07-14,3.5199999809265137,3.5299999713897705,3.450000047683716,3.490000009536743,2056497
2026-07-15,3.490000009536743,3.6600000858306885,3.4700000286102295,3.630000114440918,7303556
2026-07-19,3.799999952316284,3.8399999141693115,3.759999990463257,3.799999952316284,4659444
2026-07-20,3.799999952316284,3.9000000953674316,3.7699999809265137,3.8399999141693115,5440049
2026-07-21,3.8399999141693115,3.890000104904175,3.759999990463257,3.8399999141693115,4117515
2026-07-22,3.8399999141693115,3.9100000858306885,3.809999942779541,3.819999933242798,4676617
2026-07-26,3.819999933242798,3.869999885559082,3.759999990463257,3.8399999141693115,2910739
2026-07-27,3.8399999141693115,4.099999904632568,3.799999952316284,4.099999904632568,24307348
2026-07-28,4.099999904632568,4.289999961853027,4.010000228881836,4.010000228881836,20512190
2026-07-29,4.010000228881836,4.099999904632568,3.9000000953674316,4.03000020980835,8046973
2026-08-02,3.990000009536743,4.730000019073486,3.990000009536743,4.619999885559082,41541144
2026-08-04,5.0,5.150000095367432,4.78000020980835,4.829999923706055,15873633
2026-08-05,4.829999923706055,4.920000076293945,4.329999923706055,4.699999809265137,9109469
2026-08-06,4.699999809265137,4.880000114440918,4.610000133514404,4.670000076293945,9368920
2026-08-09,4.670000076293945,4.670000076293945,4.670000076293945,4.670000076293945,0
2026-08-10,4.670000076293945,4.670000076293945,4.670000076293945,4.670000076293945,0
2026-08-11,5.110000133514404,5.340000152587891,4.610000133514404,4.840000152587891,17127803
2026-08-12,4.840000152587891,4.840000152587891,4.510000228881836,4.75,4428000
2026-08-13,4.75,4.78000020980835,4.559999942779541,4.679999828338623,4256876
2026-08-16,4.679999828338623,4.679999828338623,4.679999828338623,4.679999828338623,0
2026-08-17,5.070000171661377,5.5,4.989999771118164,5.090000152587891,30616225
2026-08-18,5.090000152587891,5.25,5.050000190734863,5.050000190734863,8788219
2026-08-19,5.050000190734863,5.110000133514404,4.760000228881836,4.760000228881836,4334327
2026-08-20,4.760000228881836,4.849999904632568,4.670000076293945,4.730000019073486,3007832
2026-08-24,5.070000171661377,5.150000095367432,4.900000095367432,4.989999771118164,4443230
2026-08-25,4.989999771118164,5.059999942779541,4.099999904632568,4.829999923706055,3353398
2026-08-26,4.829999923706055,4.909999847412109,4.75,4.900000095367432,1610327
2026-08-27,4.900000095367432,4.900000095367432,4.900000095367432,4.900000095367432,0
2026-08-30,4.900000095367432,4.900000095367432,4.769999980926514,4.769999980926514,2217293
2026-09-01,4.869999885559082,4.989999771118164,4.800000190734863,4.929999828338623,4204731
2026-09-02,4.929999828338623,5.190000057220459,4.829999923706055,5.070000171661377,8876803
2026-09-07,6.300000190734863,7.28000020980835,6.0,6.170000076293945,48868817
2026-09-08,6.170000076293945,6.389999866485596,5.730000019073486,5.75,10694681
2026-09-10,6.099999904632568,6.199999809265137,5.900000095367432,5.900000095367432,6586010
2026-09-14,6.119999885559082,6.360000133514404,5.909999847412109,5.940000057220459,10941225
2026-09-15,5.940000057220459,6.119999885559082,5.75,5.880000114440918,6884269
2026-09-16,5.880000114440918,6.25,5.880000114440918,5.949999809265137,10181151
2026-09-17,5.949999809265137,6.019999980926514,5.869999885559082,5.880000114440918,3435982
2026-09-20,5.880000114440918,6.0,5.769999980926514,5.789999961853027,3235538
2026-09-21,5.789999961853027,5.829999923706055,5.300000190734863,5.420000076293945,4781719
2026-09-22,5.420000076293945,5.75,5.400000095367432,5.449999809265137,5700963
2026-09-23,5.449999809265137,5.599999904632568,5.349999904632568,5.349999904632568,3556926
2026-09-24,5.349999904632568,5.400000095367432,5.090000152587891,5.170000076293945,3334558
2026-09-27,5.170000076293945,5.300000190734863,4.809999942779541,4.820000171661377,2725328
2026-09-28,4.820000171661377,4.889999866485596,4.21999979019165,4.329999923706055,3125608
2026-09-30,5.0,5.190000057220459,4.809999942779541,5.0,4635499
