date,open,high,low,close,volume
2021-10-04,1.3331550359725952,1.35651695728302,1.3286329507827759,1.3452130556106567,14770420
2021-10-05,1.3452130556106567,1.3693289756774902,1.3354159593582153,1.3467199802398682,11442032
2021-10-06,1.3467199802398682,1.3557640314102173,1.333909034729004,1.3421989679336548,10548769
2021-10-10,1.3421989679336548,1.3557640314102173,1.3233580589294434,1.339184045791626,4452885
2021-10-11,1.339184045791626,1.3489810228347778,1.3203439712524414,1.3263729810714722,3287435
2021-10-12,1.3263729810714722,1.3406909704208374,1.3180830478668213,1.3195899724960327,3610622
2021-10-13,1.3195899724960327,1.3226039409637451,1.2819089889526367,1.3030099868774414,6223497
2021-10-14,1.3030099868774414,1.3550100326538086,1.296228051185608,1.3316479921340942,7396162
2021-10-18,1.3685749769210815,1.3685749769210815,1.3685749769210815,1.3685749769210815,0
2021-10-19,1.375357985496521,1.390429973602295,1.2826629877090454,1.2924599647521973,10222268
2021-10-20,1.2924599647521973,1.35651695728302,1.1311850547790527,1.35651695728302,19063272
2021-10-24,1.35651695728302,1.35651695728302,1.2819089889526367,1.324112057685852,11070337
2021-10-25,1.324112057685852,1.3399380445480347,1.2668370008468628,1.30376398563385,8431152
2021-10-26,1.30376398563385,1.318835973739624,1.2547789812088013,1.2819089889526367,10843449
2021-10-28,1.2804019451141357,1.3090389966964722,1.2510099411010742,1.3060250282287598,13999370
2021-10-31,1.3060250282287598,1.379125952720642,1.281154990196228,1.3610390424728394,13537956
2021-11-01,1.3610390424728394,1.3866620063781738,1.3489810228347778,1.3595319986343384,9212600
2021-11-02,1.3595319986343384,1.3859089612960815,1.318835973739624,1.3595319986343384,30950610
2021-11-03,1.3595319986343384,1.379125952720642,1.3421989679336548,1.3640539646148682,8793570
2021-11-04,1.3640539646148682,1.370082974433899,1.3354159593582153,1.3595319986343384,8722918
2021-11-07,1.3595319986343384,1.3595319986343384,1.3595319986343384,1.3595319986343384,0
2021-11-08,1.3595319986343384,1.3595319986343384,1.3595319986343384,1.3595319986343384,0
2021-11-09,1.3595319986343384,1.3595319986343384,1.3595319986343384,1.3595319986343384,0
2021-11-10,1.4220819473266602,1.435647964477539,1.379125952720642,1.4311259984970093,10573184
2021-11-11,1.4311259984970093,1.4311259984970093,1.35651695728302,1.394197940826416,55215926
2021-11-14,1.394197940826416,1.469560980796814,1.3715900182724,1.465791940689087,11351236
2021-11-15,1.465791940689087,1.4959369897842407,1.442430019378662,1.4778499603271484,22065671
2021-11-16,1.4778499603271484,1.4884010553359985,1.446951985359192,1.4770970344543457,7262262
2021-11-17,1.4770970344543457,1.4921690225601196,1.4544880390167236,1.469560980796814,9149695
2021-11-18,1.469560980796814,1.5441689491271973,1.4620239734649658,1.4718209505081177,33675966
2021-11-21,1.4718209505081177,1.476343035697937,1.3648070096969604,1.3723429441452026,8863592
2021-11-22,1.3723429441452026,1.414546012878418,1.35651695728302,1.3964589834213257,6543658
2021-11-23,1.3964589834213257,1.4168070554733276,1.3859089612960815,1.409271001815796,4847957
2021-11-24,1.409271001815796,1.428110957145691,1.4002269506454468,1.4062559604644775,4340279
2021-11-25,1.4062559604644775,1.4085170030593872,1.3836480379104614,1.3874160051345825,19385056
2021-11-28,1.3874160051345825,1.3874160051345825,1.3874160051345825,1.3874160051345825,0
2021-11-29,1.3987200260162354,1.409271001815796,1.3203439712524414,1.3572709560394287,17613136
2021-11-30,1.3572709560394287,1.3715900182724,1.333909034729004,1.352748990058899,9801442
2021-12-01,1.352748990058899,1.3715900182724,1.352748990058899,1.3670680522918701,5047579
2021-12-02,1.3670680522918701,1.394197940826416,1.35651695728302,1.3836480379104614,20413238
2021-12-05,1.3836480379104614,1.3934450149536133,1.342952013015747,1.3685749769210815,15889170
2021-12-06,1.3685749769210815,1.3715900182724,1.339184045791626,1.3421989679336548,17026883
2021-12-07,1.3421989679336548,1.3519959449768066,1.0776779651641846,1.130431056022644,86147803
2021-12-08,1.130431056022644,1.130431056022644,0.9043449759483337,0.9043449759483337,44369056
2021-12-09,0.9043449759483337,0.9480550289154053,0.723475992679596,0.9307219982147217,368369881
2021-12-12,0.9307219982147217,0.9782000184059143,0.8772140145301819,0.8900259733200073,93416065
2021-12-13,0.8900259733200073,0.9164029955863953,0.85309898853302,0.911126971244812,43598658
2021-12-14,0.911126971244812,0.911126971244812,0.911126971244812,0.911126971244812,0
2021-12-16,0.8289830088615417,0.8478230237960815,0.7913020253181458,0.8402870297431946,49518903
2021-12-19,0.8402870297431946,0.9156489968299866,0.8289830088615417,0.8968089818954468,61773982
2021-12-20,0.8968089818954468,0.8968089818954468,0.8968089818954468,0.8968089818954468,0
2021-12-21,0.8877649903297424,0.9359970092773438,0.8809829950332642,0.9201710224151611,60915959
2021-12-22,0.9201710224151611,0.9412720203399658,0.8900259733200073,0.9066060185432434,44009921
2021-12-23,0.9066060185432434,0.9148949980735779,0.9013299942016602,0.9073590040206909,19028438
2021-12-26,0.9073590040206909,0.9148949980735779,0.8870120048522949,0.890779972076416,23392834
2021-12-27,0.890779972076416,0.9118810296058655,0.8839970231056213,0.9043449759483337,19367908
2021-12-28,0.9043449759483337,0.9164029955863953,0.8983160257339478,0.9126350283622742,24491600
2021-12-29,0.9126350283622742,0.9646340012550354,0.9058520197868347,0.9638810157775879,45726955
2021-12-30,0.9638810157775879,0.9910110235214233,0.9570980072021484,0.960112988948822,35543379
2022-01-02,0.960112988948822,0.9759389758110046,0.9525769948959351,0.9638810157775879,22683724
2022-01-03,0.9638810157775879,0.9721710085868835,0.9457939863204956,0.9495620131492615,15081226
2022-01-04,0.9495620131492615,0.9646340012550354,0.9420260190963745,0.9473009705543518,15990356
2022-01-09,0.9540839791297913,0.9540839791297913,0.9540839791297913,0.9540839791297913,0
2022-01-10,0.9390109777450562,0.9570980072021484,0.9359970092773438,0.9390109777450562,15470593
2022-01-11,0.9390109777450562,0.9420260190963745,0.9058520197868347,0.9096199870109558,23692186
2022-01-12,0.9096199870109558,0.9156489968299866,0.8749539852142334,0.8832430243492126,16983529
2022-01-13,0.8832430243492126,0.8892719745635986,0.8553590178489685,0.8553590178489685,21334128
2022-01-16,0.8553590178489685,0.8613880276679993,0.8176779747009277,0.830489993095398,25568507
2022-01-17,0.830489993095398,0.8613880276679993,0.8259680271148682,0.8576200008392334,18530758
2022-01-18,0.8576200008392334,0.865909993648529,0.8493300080299377,0.8591279983520508,10596371
2022-01-19,0.8591279983520508,0.8644030094146729,0.8470699787139893,0.8523449897766113,9096951
2022-01-20,0.8523449897766113,0.8613880276679993,0.8365190029144287,0.8440549969673157,8085856
2022-01-23,0.8440549969673157,0.8448089957237244,0.822953999042511,0.8289830088615417,8509500
2022-01-24,0.8289830088615417,0.8327509760856628,0.7988380193710327,0.8018519878387451,12148540
2022-01-26,0.8191859722137451,0.8282290101051331,0.8086349964141846,0.8116490244865417,3296815
2022-01-30,0.8116490244865417,0.8244609832763672,0.8033599853515625,0.8071280121803284,3961460
2022-01-31,0.8071280121803284,0.8176779747009277,0.7950699925422668,0.8124030232429504,5658161
2022-02-01,0.8124030232429504,0.8244609832763672,0.8063740134239197,0.822953999042511,17922951
2022-02-02,0.822953999042511,0.8289830088615417,0.8139100074768066,0.8161709904670715,12751047
2022-02-03,0.8161709904670715,0.8214460015296936,0.8048670291900635,0.8078809976577759,9129929
2022-02-07,0.8523449897766113,0.8719390034675598,0.8380259871482849,0.8410410284996033,14672990
2022-02-08,0.8410410284996033,0.8515909910202026,0.8365190029144287,0.8387799859046936,5221612
2022-02-09,0.8387799859046936,0.8779680132865906,0.8365190029144287,0.8696780204772949,27328467
2022-02-10,0.8696780204772949,0.8794749975204468,0.8561130166053772,0.8666639924049377,11846482
2022-02-14,0.8335040211677551,0.8402870297431946,0.7913020253181458,0.830489993095398,11852184
2022-02-15,0.830489993095398,0.8892719745635986,0.8289830088615417,0.8749539852142334,20763912
2022-02-16,0.8749539852142334,0.890779972076416,0.8636490106582642,0.8689249753952026,11584601
2022-02-17,0.8689249753952026,0.8711850047111511,0.8515909910202026,0.8561130166053772,6312383
2022-02-20,0.8561130166053772,0.8561130166053772,0.8327509760856628,0.8372730016708374,8920096
2022-02-21,0.8372730016708374,0.8470699787139893,0.8259680271148682,0.8380259871482849,8324255
2022-02-23,0.8319969773292542,0.8440549969673157,0.822953999042511,0.8365190029144287,6825361
2022-03-02,0.792809009552002,0.798084020614624,0.7837650179862976,0.7860260009765625,4432600
2022-03-03,0.7860260009765625,0.798084020614624,0.7762290239334106,0.7830119729042053,8036266
2022-03-08,0.6925770044326782,0.6925770044326782,0.6925770044326782,0.6925770044326782,0
2022-03-09,0.6616790294647217,0.6820269823074341,0.6616790294647217,0.6692150235176086,12261102
2022-03-10,0.6692150235176086,0.6827800273895264,0.6511279940605164,0.6571570038795471,10378430
2022-03-13,0.6571570038795471,0.6654469966888428,0.6194760203361511,0.6247509717941284,10754806
2022-03-14,0.6247509717941284,0.6247509717941284,0.58405601978302,0.58405601978302,44352025
2022-03-15,0.58405601978302,0.5930989980697632,0.527534008026123,0.5478820204734802,47161349
2022-03-17,0.5810409784317017,0.5878239870071411,0.5674759745597839,0.5697370171546936,12610980
2022-03-20,0.5697370171546936,0.5870699882507324,0.5644620060920715,0.5667229890823364,16291984
2022-03-21,0.5667229890823364,0.6013889908790588,0.5622010231018066,0.5848090052604675,28710333
2022-03-22,0.5848090052604675,0.629272997379303,0.58405601978302,0.6119400262832642,56274227
2022-03-23,0.6119400262832642,0.629272997379303,0.602895975112915,0.6187220215797424,25727885
2022-03-24,0.6187220215797424,0.6255049705505371,0.6051570177078247,0.6089249849319458,10055609
2022-03-28,0.5893309712409973,0.599128007888794,0.5508970022201538,0.559939980506897,4755314
2022-03-29,0.559939980506897,0.5727519989013672,0.5373309850692749,0.5569249987602234,6602339
2022-03-31,0.5765200257301331,0.5878239870071411,0.5622010231018066,0.565214991569519,7649251
2022-04-03,0.565214991569519,0.5765200257301331,0.5644620060920715,0.5659689903259277,2083772
2022-04-04,0.5659689903259277,0.5780270099639893,0.5644620060920715,0.5659689903259277,4168435
2022-04-05,0.5659689903259277,0.5772730112075806,0.5644620060920715,0.5689830183982849,11964584
2022-04-06,0.5689830183982849,0.5735049843788147,0.5591859817504883,0.5606939792633057,9835300
2022-04-07,0.5606939792633057,0.5606939792633057,0.5433599948883057,0.5456209778785706,7500895
2022-04-10,0.5456209778785706,0.5501430034637451,0.5019109845161438,0.5071859955787659,7156060
2022-04-11,0.5071859955787659,0.5117080211639404,0.47553399205207825,0.4800559878349304,6644571
2022-04-12,0.4800559878349304,0.4958820044994354,0.461216002702713,0.4853309988975525,3461524
2022-04-13,0.4853309988975525,0.4973889887332916,0.47704198956489563,0.4830709993839264,5650666
2022-04-17,0.4604620039463043,0.4672450125217438,0.4092159867286682,0.41976600885391235,10214516
2022-04-18,0.41976600885391235,0.4250420033931732,0.4069550037384033,0.42127400636672974,10289627
2022-04-19,0.42127400636672974,0.45217201113700867,0.4144909977912903,0.43483901023864746,12304080
2022-04-20,0.43483901023864746,0.4461430013179779,0.41976600885391235,0.44086799025535583,4883902
2022-04-26,0.47251999378204346,0.4823170006275177,0.45518699288368225,0.4634760022163391,7065678
2022-04-27,0.4634760022163391,0.4695050120353699,0.45820099115371704,0.4672450125217438,3794209
2022-05-09,0.47553399205207825,0.4823170006275177,0.4679979979991913,0.47251999378204346,7842903
2022-05-10,0.47251999378204346,0.4785490036010742,0.4619689881801605,0.4649839997291565,6182845
2022-05-11,0.4649839997291565,0.5011579990386963,0.45518699288368225,0.4966360032558441,34045039
2022-05-12,0.4966360032558441,0.4981429874897003,0.47478100657463074,0.4777950048446655,22211653
2022-05-15,0.4777950048446655,0.49211400747299194,0.47101300954818726,0.47402700781822205,10902295
2022-05-16,0.47402700781822205,0.47704198956489563,0.45970800518989563,0.4627229869365692,13201791
2022-05-17,0.4627229869365692,0.47101300954818726,0.45669400691986084,0.45970800518989563,11216972
2022-05-18,0.45970800518989563,0.47478100657463074,0.45970800518989563,0.47025901079177856,10997678
2022-05-19,0.47025901079177856,0.4793030023574829,0.45292600989341736,0.47327399253845215,23805159
2022-05-22,0.47327399253845215,0.4838240146636963,0.47101300954818726,0.47478100657463074,13889327
2022-05-23,0.47478100657463074,0.48834601044654846,0.47251999378204346,0.47478100657463074,8437490
2022-05-24,0.47478100657463074,0.4808099865913391,0.4634760022163391,0.4672450125217438,14803669
2022-05-25,0.4672450125217438,0.4672450125217438,0.43709999322891235,0.44011399149894714,10394120
2022-05-26,0.44011399149894714,0.4423750042915344,0.4257949888706207,0.4303170144557953,7448398
2022-05-29,0.4303170144557953,0.43408501148223877,0.4114769995212555,0.41675201058387756,11482168
2022-05-30,0.41675201058387756,0.42353498935699463,0.407709002494812,0.4107230007648468,7923232
2022-06-01,0.4303170144557953,0.4325779974460602,0.42052000761032104,0.4242880046367645,8429599
2022-06-02,0.4242880046367645,0.43559199571609497,0.41976600885391235,0.4295639991760254,4976187
2022-06-05,0.4295639991760254,0.4295639991760254,0.4295639991760254,0.4295639991760254,0
2022-06-06,0.428056001663208,0.43483901023864746,0.4257949888706207,0.4318239986896515,4059437
2022-06-07,0.4318239986896515,0.45594000816345215,0.4318239986896515,0.4476499855518341,16396072
2022-06-09,0.461216002702713,0.465736985206604,0.45443299412727356,0.4604620039463043,9056311
2022-06-12,0.4604620039463043,0.4634760022163391,0.4461430013179779,0.45820099115371704,8953837
2022-06-13,0.45820099115371704,0.45970800518989563,0.4431290030479431,0.445389986038208,4445512
2022-06-14,0.445389986038208,0.45594000816345215,0.43860700726509094,0.4484040141105652,8176357
2022-06-16,0.45744699239730835,0.4808099865913391,0.45367899537086487,0.4672450125217438,24442372
2022-06-19,0.4672450125217438,0.47025901079177856,0.44086799025535583,0.4491580128669739,14626185
2022-06-20,0.4491580128669739,0.4499109983444214,0.431071013212204,0.4325779974460602,7604346
2022-06-22,0.44086799025535583,0.4484040141105652,0.4325779974460602,0.43634599447250366,8152509
2022-06-23,0.43634599447250366,0.44011399149894714,0.428056001663208,0.4295639991760254,7062907
2022-06-26,0.4295639991760254,0.44011399149894714,0.4295639991760254,0.4295639991760254,3130915
2022-06-27,0.4295639991760254,0.431071013212204,0.415244996547699,0.41750600934028625,3082697
2022-06-29,0.40092599391937256,0.40544798970222473,0.3941429853439331,0.3971579968929291,8204044
2022-07-03,0.3971579968929291,0.39941900968551636,0.33008599281311035,0.3421429991722107,45862314
2022-07-04,0.3421429991722107,0.3753030002117157,0.33159300684928894,0.36701300740242004,265831163
2022-07-05,0.36701300740242004,0.3964039981365204,0.36625900864601135,0.3707810044288635,59446331
2022-07-06,0.3707810044288635,0.3768100142478943,0.34817200899124146,0.36851999163627625,51155401
2022-07-07,0.36851999163627625,0.374549001455307,0.344404011964798,0.34968000650405884,37600624
2022-07-17,0.34968000650405884,0.3549549877643585,0.3436509966850281,0.34591200947761536,10641642
2022-07-19,0.34741899371147156,0.3753030002117157,0.344404011964798,0.3715350031852722,44987878
2022-07-20,0.3715350031852722,0.3768100142478943,0.36550599336624146,0.3707810044288635,18307780
2022-07-21,0.3707810044288635,0.4092159867286682,0.36927399039268494,0.39941900968551636,88265667
2022-07-24,0.39941900968551636,0.4144909977912903,0.39941900968551636,0.40620100498199463,16355269
2022-07-26,0.45970800518989563,0.4634760022163391,0.44011399149894714,0.44162100553512573,19850308
2022-07-27,0.44162100553512573,0.47478100657463074,0.43408501148223877,0.445389986038208,50651996
2022-07-28,0.445389986038208,0.45217201113700867,0.4318239986896515,0.43634599447250366,21245730
2022-08-01,0.4868389964103699,0.5071859955787659,0.4484040141105652,0.45820099115371704,113319630
2022-08-02,0.45820099115371704,0.4838240146636963,0.45292600989341736,0.4808099865913391,67056302
2022-08-03,0.4808099865913391,0.48910000920295715,0.4446359872817993,0.45367899537086487,117414986
2022-08-04,0.45367899537086487,0.4634760022163391,0.4476499855518341,0.45970800518989563,58622192
2022-08-08,0.4800559878349304,0.4951289892196655,0.4695050120353699,0.47327399253845215,87389732
2022-08-09,0.47327399253845215,0.4777950048446655,0.4476499855518341,0.4506649971008301,86082117
2022-08-10,0.4506649971008301,0.4672450125217438,0.4491580128669739,0.45217201113700867,71793070
2022-08-11,0.45217201113700867,0.45895498991012573,0.415244996547699,0.4242880046367645,130667971
2022-08-14,0.4242880046367645,0.4250420033931732,0.3964039981365204,0.40167999267578125,76990169
2022-08-15,0.40167999267578125,0.4250420033931732,0.40167999267578125,0.4069550037384033,78948563
2022-08-16,0.4069550037384033,0.41901299357414246,0.3948970139026642,0.39941900968551636,53645576
2022-08-17,0.39941900968551636,0.4069550037384033,0.38811400532722473,0.3926360011100769,55574966
2022-08-18,0.3926360011100769,0.3926360011100769,0.3926360011100769,0.3926360011100769,0
2022-08-22,0.4084619879722595,0.43333199620246887,0.4084619879722595,0.41675201058387756,72579075
2022-08-23,0.41675201058387756,0.41675201058387756,0.41675201058387756,0.41675201058387756,0
2022-08-24,0.4092159867286682,0.4114769995212555,0.39866501092910767,0.40017199516296387,20329359
2022-08-28,0.40544798970222473,0.4069550037384033,0.3941429853439331,0.3971579968929291,34409175
2022-08-29,0.3971579968929291,0.40318700671195984,0.3722879886627197,0.3737959861755371,105580379
2022-08-30,0.3737959861755371,0.38283899426460266,0.3707810044288635,0.374549001455307,25117200
2022-08-31,0.374549001455307,0.38434600830078125,0.36927399039268494,0.3715350031852722,35678694
2022-09-01,0.3715350031852722,0.374549001455307,0.3564620018005371,0.3594770133495331,22409389
2022-09-04,0.3594770133495331,0.36625900864601135,0.35043299198150635,0.36475199460983276,22045275
2022-09-05,0.36475199460983276,0.38811400532722473,0.36324501037597656,0.38736099004745483,54033353
2022-09-06,0.38736099004745483,0.40167999267578125,0.38133201003074646,0.3941429853439331,79725039
2022-09-07,0.3941429853439331,0.40017199516296387,0.3790709972381592,0.38133201003074646,46725698
2022-09-08,0.38133201003074646,0.38736099004745483,0.38057801127433777,0.38133201003074646,26195549
2022-09-11,0.38133201003074646,0.38660699129104614,0.3753030002117157,0.3768100142478943,25195975
2022-09-12,0.3768100142478943,0.38434600830078125,0.3760559856891632,0.3768100142478943,25408952
2022-09-13,0.3768100142478943,0.3783169984817505,0.36851999163627625,0.3715350031852722,20803009
2022-09-15,0.3594770133495331,0.36475199460983276,0.35269400477409363,0.3564620018005371,15149926
2022-09-18,0.3564620018005371,0.361737996339798,0.3263170123100281,0.32933199405670166,22934072
2022-09-19,0.32933199405670166,0.344404011964798,0.31049099564552307,0.3421429991722107,35205124
2022-09-20,0.3421429991722107,0.34666499495506287,0.324057012796402,0.3353610038757324,15347422
2022-09-21,0.3353610038757324,0.3391290009021759,0.32782500982284546,0.32857799530029297,17012573
2022-09-22,0.32857799530029297,0.33460700511932373,0.31652000546455383,0.33159300684928894,23884074
2022-09-25,0.33159300684928894,0.3587230145931244,0.32857799530029297,0.35420098900794983,50762566
2022-09-27,0.3579699993133545,0.36324501037597656,0.35194098949432373,0.3549549877643585,30500297
2022-09-28,0.3549549877643585,0.3572160005569458,0.344404011964798,0.34741899371147156,18096711
2022-09-29,0.34741899371147156,0.3579699993133545,0.34666499495506287,0.34968000650405884,16385093
2022-10-03,0.3594770133495331,0.36851999163627625,0.35420098900794983,0.3572160005569458,36366674
2022-10-04,0.3572160005569458,0.36550599336624146,0.3572160005569458,0.3579699993133545,20616623
2022-10-05,0.3579699993133545,0.3602299988269806,0.34968000650405884,0.35118699073791504,18298911
2022-10-09,0.35118699073791504,0.35118699073791504,0.33008599281311035,0.33159300684928894,27996281
2022-10-10,0.33159300684928894,0.34515801072120667,0.33083900809288025,0.33385398983955383,19793234
2022-10-11,0.33385398983955383,0.3413900136947632,0.324057012796402,0.32933199405670166,16250032
2022-10-12,0.32933199405670166,0.3368679881095886,0.3202880024909973,0.3217960000038147,14087632
2022-10-13,0.3217960000038147,0.33159300684928894,0.3195349872112274,0.32933199405670166,12878582
2022-10-16,0.32933199405670166,0.3436509966850281,0.32857799530029297,0.3398829996585846,40735845
2022-10-17,0.3398829996585846,0.34817200899124146,0.3368679881095886,0.3391290009021759,37147525
2022-10-18,0.3391290009021759,0.3421429991722107,0.33460700511932373,0.3376219868659973,14418330
2022-10-19,0.3376219868659973,0.3391290009021759,0.32707101106643677,0.32857799530029297,14870617
2022-10-20,0.32857799530029297,0.33309999108314514,0.3255639970302582,0.32933199405670166,11496898
2022-10-23,0.32933199405670166,0.33309999108314514,0.32707101106643677,0.32782500982284546,11899659
2022-10-24,0.32782500982284546,0.33159300684928894,0.3255639970302582,0.3263170123100281,11703998
2022-10-25,0.3263170123100281,0.32857799530029297,0.31652000546455383,0.321042001247406,16239910
2022-10-26,0.321042001247406,0.321042001247406,0.321042001247406,0.321042001247406,0
2022-10-27,0.321042001247406,0.33083900809288025,0.321042001247406,0.3248099982738495,22492835
2022-10-30,0.3248099982738495,0.33083900809288025,0.321042001247406,0.3233030140399933,17597167
2022-10-31,0.3233030140399933,0.3263170123100281,0.321042001247406,0.324057012796402,8256559
2022-11-03,0.33008599281311035,0.33309999108314514,0.3248099982738495,0.3255639970302582,6579870
2022-11-06,0.3255639970302582,0.33083900809288025,0.3180280029773712,0.3202880024909973,14519994
2022-11-07,0.3202880024909973,0.324057012796402,0.3180280029773712,0.3217960000038147,9540351
2022-11-08,0.3217960000038147,0.3263170123100281,0.3172740042209625,0.3187809884548187,8230897
2022-11-09,0.3187809884548187,0.3217960000038147,0.3074769973754883,0.30898401141166687,15492206
2022-11-10,0.30898401141166687,0.3225489854812622,0.3029550015926361,0.31576699018478394,24098462
2022-11-14,0.324057012796402,0.3263170123100281,0.3172740042209625,0.324057012796402,14567924
2022-11-16,0.33083900809288025,0.34741899371147156,0.32857799530029297,0.34591200947761536,36750624
2022-11-17,0.34591200947761536,0.35043299198150635,0.3376219868659973,0.3391290009021759,21415935
2022-11-20,0.3391290009021759,0.3436509966850281,0.33460700511932373,0.33611398935317993,11543245
2022-11-21,0.33611398935317993,0.3436509966850281,0.3353610038757324,0.3376219868659973,13180540
2022-11-22,0.3376219868659973,0.3391290009021759,0.33611398935317993,0.3376219868659973,5916481
2022-11-23,0.3376219868659973,0.3398829996585846,0.32857799530029297,0.33159300684928894,13338736
2022-11-24,0.33159300684928894,0.33159300684928894,0.32782500982284546,0.32857799530029297,8269011
2022-11-27,0.32857799530029297,0.33159300684928894,0.324057012796402,0.3263170123100281,21908143
2022-11-28,0.3263170123100281,0.32933199405670166,0.3233030140399933,0.324057012796402,9039276
2022-11-29,0.324057012796402,0.32782500982284546,0.3225489854812622,0.324057012796402,14426938
2022-11-30,0.324057012796402,0.32857799530029297,0.3225489854812622,0.324057012796402,12057239
2022-12-01,0.324057012796402,0.33611398935317993,0.324057012796402,0.33309999108314514,25145777
2022-12-05,0.3353610038757324,0.3398829996585846,0.324057012796402,0.32857799530029297,131889290
2022-12-06,0.32857799530029297,0.33385398983955383,0.3263170123100281,0.32782500982284546,15202828
2022-12-07,0.32782500982284546,0.3383750021457672,0.321042001247406,0.32707101106643677,55878436
2022-12-08,0.32707101106643677,0.33159300684928894,0.324057012796402,0.3263170123100281,31850453
2022-12-11,0.3263170123100281,0.33159300684928894,0.3225489854812622,0.3225489854812622,40398553
2022-12-12,0.3225489854812622,0.3263170123100281,0.31652000546455383,0.321042001247406,21018535
2022-12-13,0.321042001247406,0.3255639970302582,0.321042001247406,0.3255639970302582,29004961
2022-12-14,0.3255639970302582,0.35043299198150635,0.324057012796402,0.344404011964798,94512611
2022-12-15,0.344404011964798,0.3609839975833893,0.3353610038757324,0.3398829996585846,128004546
2022-12-18,0.3398829996585846,0.35118699073791504,0.3383750021457672,0.3398829996585846,32895555
2022-12-19,0.3398829996585846,0.34741899371147156,0.3353610038757324,0.3368679881095886,23295451
2022-12-20,0.3368679881095886,0.3428969979286194,0.33385398983955383,0.3368679881095886,31979864
2022-12-21,0.3368679881095886,0.3391290009021759,0.32857799530029297,0.33083900809288025,24931111
2022-12-22,0.33083900809288025,0.33309999108314514,0.3233030140399933,0.3248099982738495,21058933
2022-12-25,0.3248099982738495,0.3248099982738495,0.3172740042209625,0.3187809884548187,14425636
2022-12-26,0.3187809884548187,0.32782500982284546,0.3180280029773712,0.3263170123100281,8579107
2022-12-27,0.3263170123100281,0.32933199405670166,0.321042001247406,0.3225489854812622,19929148
2022-12-28,0.3225489854812622,0.32782500982284546,0.3202880024909973,0.3263170123100281,8449650
2022-12-29,0.3263170123100281,0.33385398983955383,0.3255639970302582,0.32782500982284546,21300102
2023-01-02,0.32782500982284546,0.34666499495506287,0.32707101106643677,0.3413900136947632,40618602
2023-01-04,0.3707810044288635,0.3783169984817505,0.35043299198150635,0.3602299988269806,87536761
2023-01-05,0.3602299988269806,0.36701300740242004,0.34968000650405884,0.35118699073791504,71417529
2023-01-09,0.35118699073791504,0.3564620018005371,0.3376219868659973,0.3398829996585846,75249750
2023-01-10,0.3398829996585846,0.3436509966850281,0.33234599232673645,0.33385398983955383,24297625
2023-01-11,0.33385398983955383,0.3421429991722107,0.324057012796402,0.32707101106643677,23222212
2023-01-12,0.32707101106643677,0.33083900809288025,0.3187809884548187,0.3217960000038147,23317697
2023-01-15,0.3217960000038147,0.3263170123100281,0.3217960000038147,0.3233030140399933,10471247
2023-01-16,0.3233030140399933,0.32933199405670166,0.3225489854812622,0.32707101106643677,12245124
2023-01-18,0.33159300684928894,0.3383750021457672,0.32933199405670166,0.33083900809288025,26327445
2023-01-19,0.33083900809288025,0.33611398935317993,0.32933199405670166,0.33008599281311035,16165369
2023-01-22,0.33008599281311035,0.33385398983955383,0.3248099982738495,0.3263170123100281,17540778
2023-01-23,0.3263170123100281,0.33309999108314514,0.3263170123100281,0.32933199405670166,16533644
2023-01-24,0.32933199405670166,0.33159300684928894,0.3248099982738495,0.3255639970302582,12066280
2023-01-25,0.3255639970302582,0.32933199405670166,0.3255639970302582,0.32782500982284546,6221614
2023-01-29,0.32782500982284546,0.33008599281311035,0.3248099982738495,0.3255639970302582,11264008
2023-01-30,0.3255639970302582,0.33008599281311035,0.3187809884548187,0.3195349872112274,21737968
2023-01-31,0.3195349872112274,0.3217960000038147,0.30973801016807556,0.31124499440193176,18238721
2023-02-01,0.31124499440193176,0.31350600719451904,0.3067229986190796,0.30898401141166687,6788284
2023-02-02,0.30898401141166687,0.31199899315834045,0.29843300580978394,0.2991870045661926,19119405
2023-02-05,0.2991870045661926,0.30069398880004883,0.2728100121021271,0.2848680019378662,14926204
2023-02-06,0.2848680019378662,0.2886359989643097,0.27507099509239197,0.27657800912857056,8999006
2023-02-07,0.27657800912857056,0.2856220006942749,0.27582499384880066,0.28110000491142273,12184975
2023-02-08,0.28110000491142273,0.2856220006942749,0.27657800912857056,0.27959299087524414,19272470
2023-02-09,0.27959299087524414,0.28260698914527893,0.27883899211883545,0.2818540036678314,8705195
2023-02-12,0.2818540036678314,0.2901439964771271,0.27883899211883545,0.2863759994506836,11322026
2023-02-13,0.2863759994506836,0.290897011756897,0.2863759994506836,0.2886359989643097,12118242
2023-02-14,0.2886359989643097,0.29617300629615784,0.2886359989643097,0.290897011756897,12732539
2023-02-15,0.290897011756897,0.29466500878334045,0.290897011756897,0.2924039959907532,8805143
2023-02-16,0.2924039959907532,0.29541900753974915,0.2893899977207184,0.29165101051330566,10552297
2023-02-19,0.29165101051330566,0.29391199350357056,0.2871290147304535,0.2886359989643097,13893082
2023-02-20,0.2886359989643097,0.2901439964771271,0.27507099509239197,0.27959299087524414,11877061
2023-02-21,0.27959299087524414,0.28034698963165283,0.27431800961494446,0.27657800912857056,10724713
2023-02-22,0.27657800912857056,0.27883899211883545,0.27507099509239197,0.27582499384880066,7601221
2023-02-23,0.27582499384880066,0.27657800912857056,0.27431800961494446,0.27582499384880066,4242402
2023-02-27,0.27808600664138794,0.2833609879016876,0.27733200788497925,0.27808600664138794,9983287
2023-02-28,0.27808600664138794,0.28260698914527893,0.27733200788497925,0.28110000491142273,5488637
2023-03-01,0.28110000491142273,0.2878830134868622,0.28034698963165283,0.2848680019378662,9263939
2023-03-02,0.2848680019378662,0.2871290147304535,0.27883899211883545,0.28260698914527893,9861770
2023-03-05,0.28260698914527893,0.2841149866580963,0.27959299087524414,0.28034698963165283,2579540
2023-03-06,0.28034698963165283,0.28260698914527893,0.27959299087524414,0.28034698963165283,3246042
2023-03-07,0.28034698963165283,0.2818540036678314,0.27356401085853577,0.27507099509239197,7958859
2023-03-08,0.27507099509239197,0.27582499384880066,0.2637670040130615,0.2690419852733612,5828520
2023-03-09,0.2690419852733612,0.2720569968223572,0.267535001039505,0.2705489993095398,3560391
2023-03-12,0.2705489993095398,0.2705489993095398,0.25623100996017456,0.25773799419403076,8259581
2023-03-13,0.25773799419403076,0.25924500823020935,0.22759300470352173,0.2313610017299652,26106938
2023-03-14,0.2313610017299652,0.24869400262832642,0.22231799364089966,0.24040499329566956,10755734
2023-03-15,0.24040499329566956,0.24417300522327423,0.21101300418376923,0.22156399488449097,11206188
2023-03-19,0.21026000380516052,0.2162889987230301,0.18840500712394714,0.214028000831604,6455005
2023-03-22,0.24115799367427826,0.24568000435829163,0.2328680008649826,0.2343759983778,20610673
2023-03-23,0.2343759983778,0.23814399540424347,0.22985400259494781,0.2351289987564087,11567676
2023-03-26,0.2351289987564087,0.24115799367427826,0.2351289987564087,0.24040499329566956,7756984
2023-03-27,0.24040499329566956,0.25547701120376587,0.23738999664783478,0.2494480013847351,25610499
2023-03-28,0.2494480013847351,0.2532159984111786,0.2336219996213913,0.23889699578285217,33866499
2023-03-29,0.2724120020866394,0.2801460027694702,0.2646780014038086,0.2724120020866394,16276605
2023-03-30,0.2724120020866394,0.2767089903354645,0.2663959860801697,0.2672559916973114,10426416
2023-04-02,0.2672559916973114,0.27413100004196167,0.2646780014038086,0.2672559916973114,9373542
2023-04-04,0.27842700481414795,0.28100499510765076,0.27413100004196167,0.2792870104312897,7179118
2023-04-05,0.2792870104312897,0.28616100549697876,0.2792870104312897,0.2844429910182953,7638692
2023-04-09,0.29303601384162903,0.3016299903392792,0.2921769917011261,0.2947550117969513,10199912
2023-04-10,0.2947550117969513,0.29561400413513184,0.29045799374580383,0.2913169860839844,7508667
2023-04-11,0.2913169860839844,0.31108200550079346,0.2913169860839844,0.3050670027732849,20584779
2023-04-12,0.3050670027732849,0.3076449930667877,0.2947550117969513,0.30077001452445984,5779103
2023-04-13,0.30077001452445984,0.30077001452445984,0.2913169860839844,0.29303601384162903,6640628
2023-04-18,0.29303601384162903,0.2999109923839569,0.2913169860839844,0.29303601384162903,5315613
2023-04-19,0.29303601384162903,0.2964729964733124,0.2913169860839844,0.2921769917011261,9162026
2023-04-26,0.2921769917011261,0.30077001452445984,0.2921769917011261,0.2973330020904541,23312608
2023-04-27,0.296999990940094,0.3140000104904175,0.2840000092983246,0.3059999942779541,23185281
2023-05-01,0.3109999895095825,0.3109999895095825,0.3109999895095825,0.3109999895095825,0
2023-05-02,0.3089999854564667,0.3109999895095825,0.29499998688697815,0.29600000381469727,16457766
2023-05-03,0.29600000381469727,0.29899999499320984,0.289000004529953,0.29100000858306885,12869816
2023-05-07,0.29100000858306885,0.2930000126361847,0.2849999964237213,0.29100000858306885,14472558
2023-05-08,0.29100000858306885,0.31299999356269836,0.28700000047683716,0.3070000112056732,41293443
2023-05-09,0.3070000112056732,0.3100000023841858,0.2980000078678131,0.30000001192092896,21235875
2023-05-10,0.30000001192092896,0.3109999895095825,0.2930000126361847,0.3100000023841858,33961240
2023-05-11,0.3100000023841858,0.31299999356269836,0.3059999942779541,0.31200000643730164,22427538
2023-05-14,0.31200000643730164,0.3240000009536743,0.3089999854564667,0.32199999690055847,29115354
2023-05-15,0.32199999690055847,0.328000009059906,0.31200000643730164,0.3140000104904175,19870993
2023-05-16,0.3140000104904175,0.31700000166893005,0.3059999942779541,0.31700000166893005,17972756
2023-05-17,0.31700000166893005,0.328000009059906,0.3149999976158142,0.3190000057220459,27271532
2023-05-18,0.3190000057220459,0.3230000138282776,0.3140000104904175,0.3199999928474426,19886021
2023-05-22,0.35100001096725464,0.35499998927116394,0.33500000834465027,0.3409999907016754,19364428
2023-05-23,0.3409999907016754,0.3540000021457672,0.33799999952316284,0.3449999988079071,20175157
2023-05-24,0.3449999988079071,0.36800000071525574,0.3440000116825104,0.35199999809265137,57206049
2023-05-25,0.35199999809265137,0.36500000953674316,0.35199999809265137,0.3540000021457672,46554747
2023-05-28,0.3540000021457672,0.375,0.3529999852180481,0.3709999918937683,44026057
2023-05-29,0.3709999918937683,0.3930000066757202,0.367000013589859,0.3840000033378601,65872138
2023-05-30,0.3840000033378601,0.38999998569488525,0.3720000088214874,0.38999998569488525,27940510
2023-05-31,0.38999998569488525,0.4269999861717224,0.38999998569488525,0.41200000047683716,64377884
2023-06-01,0.41200000047683716,0.4269999861717224,0.41100001335144043,0.41600000858306885,11753002
2023-06-04,0.41600000858306885,0.4650000035762787,0.4090000092983246,0.4480000138282776,66667050
2023-06-05,0.4480000138282776,0.5,0.4480000138282776,0.5,96497201
2023-06-06,0.5,0.5199999809265137,0.49000000953674316,0.4959999918937683,41093772
2023-06-07,0.4959999918937683,0.5080000162124634,0.46000000834465027,0.46299999952316284,49724301
2023-06-08,0.46299999952316284,0.4729999899864197,0.45100000500679016,0.46000000834465027,19580879
2023-06-11,0.46000000834465027,0.4740000069141388,0.43299999833106995,0.4350000023841858,54585924
2023-06-12,0.4350000023841858,0.46799999475479126,0.4339999854564667,0.45500001311302185,28021058
2023-06-13,0.45500001311302185,0.47600001096725464,0.4399999976158142,0.4410000145435333,25928783
2023-06-14,0.4410000145435333,0.4569999873638153,0.4350000023841858,0.44200000166893005,19225271
2023-06-15,0.44200000166893005,0.44999998807907104,0.43700000643730164,0.4390000104904175,8016846
2023-06-18,0.4390000104904175,0.45399999618530273,0.43700000643730164,0.44600000977516174,14063338
2023-06-21,0.47999998927116394,0.49000000953674316,0.46700000762939453,0.46799999475479126,28729762
2023-06-22,0.46799999475479126,0.5059999823570251,0.46799999475479126,0.4970000088214874,69775058
2023-06-25,0.4970000088214874,0.5130000114440918,0.49000000953674316,0.492000013589859,45771827
2023-06-26,0.492000013589859,0.4970000088214874,0.4830000102519989,0.4909999966621399,22081217
2023-07-04,0.4909999966621399,0.5040000081062317,0.47999998927116394,0.48100000619888306,13005907
2023-07-05,0.48100000619888306,0.49000000953674316,0.4749999940395355,0.4830000102519989,8037345
2023-07-06,0.4830000102519989,0.5090000033378601,0.4790000021457672,0.5040000081062317,52438010
2023-07-09,0.5040000081062317,0.5429999828338623,0.4699999988079071,0.4740000069141388,76929995
2023-07-11,0.49900001287460327,0.5099999904632568,0.49000000953674316,0.4959999918937683,31664304
2023-07-12,0.4959999918937683,0.503000020980835,0.4869999885559082,0.49000000953674316,15483417
2023-07-17,0.4429999887943268,0.4650000035762787,0.42100000381469727,0.4399999976158142,70028105
2023-07-18,0.4399999976158142,0.4399999976158142,0.4180000126361847,0.41999998688697815,25066643
2023-07-19,0.41999998688697815,0.41999998688697815,0.41999998688697815,0.41999998688697815,0
2023-07-24,0.4410000145435333,0.46000000834465027,0.4230000078678131,0.4269999861717224,8243487
2023-07-25,0.4269999861717224,0.43799999356269836,0.421999990940094,0.42399999499320984,5618740
2023-07-26,0.42399999499320984,0.43799999356269836,0.4059999883174896,0.42500001192092896,7190299
2023-07-27,0.42500001192092896,0.4269999861717224,0.40400001406669617,0.40400001406669617,18393251
2023-07-30,0.40400001406669617,0.40799999237060547,0.38600000739097595,0.3869999945163727,8512800
2023-07-31,0.3869999945163727,0.4059999883174896,0.38600000739097595,0.3970000147819519,6207945
2023-08-02,0.4129999876022339,0.41600000858306885,0.39800000190734863,0.4000000059604645,5475843
2023-08-03,0.4000000059604645,0.4059999883174896,0.3970000147819519,0.39899998903274536,4158551
2023-08-06,0.39899998903274536,0.4099999964237213,0.39500001072883606,0.4020000100135803,5507384
2023-08-07,0.4020000100135803,0.421999990940094,0.4020000100135803,0.421999990940094,13329278
2023-08-08,0.421999990940094,0.4309999942779541,0.414000004529953,0.41999998688697815,3993936
2023-08-09,0.41999998688697815,0.4410000145435333,0.414000004529953,0.4410000145435333,18536408
2023-08-13,0.4569999873638153,0.460999995470047,0.44200000166893005,0.44699999690055847,17379118
2023-08-14,0.44699999690055847,0.45100000500679016,0.4399999976158142,0.44600000977516174,20747636
2023-08-15,0.44600000977516174,0.5049999952316284,0.43299999833106995,0.5049999952316284,143566286
2023-08-16,0.5049999952316284,0.5099999904632568,0.47600001096725464,0.47999998927116394,62939815
2023-08-17,0.47999998927116394,0.49799999594688416,0.4699999988079071,0.4790000021457672,25866456
2023-08-20,0.4790000021457672,0.49399998784065247,0.47099998593330383,0.47099998593330383,16032569
2023-08-22,0.4779999852180481,0.4880000054836273,0.4749999940395355,0.48100000619888306,12251765
2023-08-23,0.48100000619888306,0.4869999885559082,0.4699999988079071,0.47099998593330383,18673779
2023-08-24,0.47099998593330383,0.4790000021457672,0.46700000762939453,0.4699999988079071,13626920
2023-08-27,0.4699999988079071,0.4779999852180481,0.4690000116825104,0.4729999899864197,14168345
2023-08-28,0.4729999899864197,0.4779999852180481,0.46000000834465027,0.4650000035762787,17098492
2023-08-29,0.4650000035762787,0.4699999988079071,0.46000000834465027,0.4650000035762787,13812614
2023-08-30,0.4650000035762787,0.47699999809265137,0.460999995470047,0.4729999899864197,12539566
2023-08-31,0.4729999899864197,0.4729999899864197,0.4729999899864197,0.4729999899864197,0
2023-09-03,0.4729999899864197,0.47699999809265137,0.4699999988079071,0.47099998593330383,10532345
2023-09-04,0.47099998593330383,0.4749999940395355,0.46799999475479126,0.4740000069141388,9491002
2023-09-05,0.4740000069141388,0.48399999737739563,0.47200000286102295,0.4740000069141388,10996245
2023-09-06,0.4740000069141388,0.47699999809265137,0.4699999988079071,0.47099998593330383,6757849
2023-09-10,0.49000000953674316,0.49000000953674316,0.49000000953674316,0.49000000953674316,0
2023-09-11,0.49900001287460327,0.5090000033378601,0.492000013589859,0.49300000071525574,19215436
2023-09-12,0.49300000071525574,0.49900001287460327,0.48500001430511475,0.4869999885559082,11669587
2023-09-13,0.4869999885559082,0.492000013589859,0.48399999737739563,0.48899999260902405,8358590
2023-09-14,0.48899999260902405,0.5009999871253967,0.4869999885559082,0.4880000054836273,14992078
2023-09-18,0.49300000071525574,0.5,0.4880000054836273,0.4909999966621399,12293831
2023-09-19,0.4909999966621399,0.49900001287460327,0.48399999737739563,0.48500001430511475,29065837
2023-09-20,0.48500001430511475,0.48500001430511475,0.48500001430511475,0.48500001430511475,0
2023-09-21,0.48500001430511475,0.48500001430511475,0.48500001430511475,0.48500001430511475,0
2023-09-24,0.48500001430511475,0.48500001430511475,0.48500001430511475,0.48500001430511475,0
2023-09-25,0.46399998664855957,0.4690000116825104,0.44200000166893005,0.44600000977516174,11453778
2023-09-26,0.44600000977516174,0.453000009059906,0.43700000643730164,0.43799999356269836,9116148
2023-09-27,0.43799999356269836,0.43799999356269836,0.43799999356269836,0.43799999356269836,0
2023-10-01,0.43799999356269836,0.43799999356269836,0.43799999356269836,0.43799999356269836,0
2023-10-02,0.4259999990463257,0.4339999854564667,0.40700000524520874,0.41100001335144043,10443863
2023-10-03,0.41100001335144043,0.41999998688697815,0.39800000190734863,0.4000000059604645,13669537
2023-10-08,0.4099999964237213,0.41100001335144043,0.3630000054836273,0.39500001072883606,18066470
2023-10-09,0.39500001072883606,0.40400001406669617,0.3799999952316284,0.4020000100135803,10785673
2023-10-10,0.4020000100135803,0.4309999942779541,0.4000000059604645,0.42899999022483826,17481539
2023-10-11,0.42899999022483826,0.43299999833106995,0.41999998688697815,0.42399999499320984,11537940
2023-10-12,0.42399999499320984,0.43799999356269836,0.41999998688697815,0.4339999854564667,6377483
2023-10-15,0.4339999854564667,0.4399999976158142,0.4300000071525574,0.4300000071525574,2877464
2023-10-16,0.4300000071525574,0.4339999854564667,0.4230000078678131,0.42500001192092896,4138965
2023-10-17,0.42500001192092896,0.4320000112056732,0.42100000381469727,0.4259999990463257,6183833
2023-10-18,0.4259999990463257,0.4300000071525574,0.41999998688697815,0.42100000381469727,5077763
2023-10-19,0.42100000381469727,0.42100000381469727,0.42100000381469727,0.42100000381469727,0
2023-10-23,0.44600000977516174,0.45500001311302185,0.4339999854564667,0.4399999976158142,12741597
2023-10-24,0.4399999976158142,0.4449999928474426,0.41999998688697815,0.4300000071525574,9610816
2023-10-25,0.4300000071525574,0.44699999690055847,0.4300000071525574,0.43799999356269836,8532441
2023-10-26,0.43799999356269836,0.4449999928474426,0.4309999942779541,0.4339999854564667,7340935
2023-10-29,0.4339999854564667,0.44200000166893005,0.43299999833106995,0.43700000643730164,10275005
2023-10-31,0.4480000138282776,0.44999998807907104,0.43700000643730164,0.4410000145435333,11268866
2023-11-01,0.4410000145435333,0.4449999928474426,0.4320000112056732,0.4359999895095825,5784254
2023-11-02,0.4359999895095825,0.453000009059906,0.4350000023841858,0.4519999921321869,12388130
2023-11-06,0.46700000762939453,0.47200000286102295,0.42800000309944153,0.4300000071525574,82281505
2023-11-07,0.4300000071525574,0.4440000057220459,0.4180000126361847,0.42500001192092896,116405604
2023-11-08,0.42500001192092896,0.4350000023841858,0.4059999883174896,0.4189999997615814,257459360
2023-11-09,0.4189999997615814,0.42500001192092896,0.3930000066757202,0.4000000059604645,121232295
2023-11-12,0.4000000059604645,0.4000000059604645,0.3880000114440918,0.38999998569488525,94097191
2023-11-13,0.38999998569488525,0.4129999876022339,0.3889999985694885,0.4099999964237213,116175945
2023-11-14,0.4099999964237213,0.41499999165534973,0.39800000190734863,0.39800000190734863,51056659
2023-11-15,0.39800000190734863,0.40299999713897705,0.3930000066757202,0.3959999978542328,29655836
2023-11-16,0.3959999978542328,0.40299999713897705,0.3959999978542328,0.4000000059604645,35450390
2023-11-19,0.4000000059604645,0.40799999237060547,0.39800000190734863,0.39899998903274536,38865839
2023-11-20,0.39899998903274536,0.40299999713897705,0.38999998569488525,0.3919999897480011,40316853
2023-11-21,0.3919999897480011,0.40299999713897705,0.3880000114440918,0.40299999713897705,28384653
2023-11-22,0.40299999713897705,0.4129999876022339,0.4009999930858612,0.4050000011920929,67059565
2023-11-26,0.42399999499320984,0.4359999895095825,0.42100000381469727,0.421999990940094,105891118
2023-11-27,0.421999990940094,0.42800000309944153,0.4169999957084656,0.4180000126361847,52703408
2023-11-28,0.4180000126361847,0.42899999022483826,0.4169999957084656,0.421999990940094,64878007
2023-11-29,0.421999990940094,0.42899999022483826,0.4129999876022339,0.41499999165534973,103959354
2023-11-30,0.41499999165534973,0.41999998688697815,0.4099999964237213,0.41499999165534973,50701975
2023-12-03,0.41499999165534973,0.44999998807907104,0.414000004529953,0.44200000166893005,209125178
2023-12-04,0.44200000166893005,0.44699999690055847,0.4320000112056732,0.43700000643730164,86402174
2023-12-06,0.4580000042915344,0.47699999809265137,0.45500001311302185,0.45899999141693115,199559755
2023-12-07,0.45899999141693115,0.46000000834465027,0.4390000104904175,0.46000000834465027,87421469
2023-12-11,0.46700000762939453,0.47099998593330383,0.44999998807907104,0.46299999952316284,88538649
2023-12-13,0.4950000047683716,0.5090000033378601,0.4779999852180481,0.49000000953674316,129247199
2023-12-14,0.49000000953674316,0.4970000088214874,0.48399999737739563,0.49000000953674316,61189078
2023-12-18,0.5099999904632568,0.515999972820282,0.4959999918937683,0.4970000088214874,68148817
2023-12-19,0.4970000088214874,0.5,0.4729999899864197,0.47699999809265137,63459626
2023-12-20,0.47699999809265137,0.49300000071525574,0.47699999809265137,0.48500001430511475,69555510
2023-12-21,0.48500001430511475,0.4909999966621399,0.47099998593330383,0.4790000021457672,40208724
2023-12-24,0.4790000021457672,0.4790000021457672,0.4790000021457672,0.4790000021457672,0
2023-12-25,0.460999995470047,0.4740000069141388,0.45500001311302185,0.46399998664855957,37468197
2023-12-26,0.46399998664855957,0.47699999809265137,0.4580000042915344,0.4620000123977661,44406087
2023-12-28,0.49399998784065247,0.5059999823570251,0.4880000054836273,0.49000000953674316,85803931
2023-12-31,0.49000000953674316,0.5360000133514404,0.4880000054836273,0.5299999713897705,210455921
2024-01-03,0.5540000200271606,0.5630000233650208,0.5460000038146973,0.546999990940094,76750210
2024-01-04,0.546999990940094,0.5559999942779541,0.5350000262260437,0.5559999942779541,70121150
2024-01-08,0.5559999942779541,0.5600000023841858,0.5379999876022339,0.5389999747276306,57520255
2024-01-09,0.5389999747276306,0.5460000038146973,0.5339999794960022,0.5339999794960022,50475758
2024-01-10,0.5339999794960022,0.5410000085830688,0.527999997138977,0.5289999842643738,50812129
2024-01-11,0.5289999842643738,0.5400000214576721,0.5170000195503235,0.5230000019073486,103050311
2024-01-17,0.5569999814033508,0.5659999847412109,0.5339999794960022,0.5339999794960022,72829632
2024-01-18,0.5339999794960022,0.5789999961853027,0.5270000100135803,0.574999988079071,162535829
2024-01-22,0.5879999995231628,0.5950000286102295,0.5759999752044678,0.5799999833106995,75575474
2024-01-23,0.5799999833106995,0.5849999785423279,0.5569999814033508,0.5690000057220459,67994334
2024-01-24,0.5690000057220459,0.5759999752044678,0.5580000281333923,0.5590000152587891,50216542
2024-01-29,0.5699999928474426,0.578000009059906,0.5580000281333923,0.5659999847412109,62938164
2024-01-30,0.5659999847412109,0.593999981880188,0.5619999766349792,0.5709999799728394,89221157
2024-01-31,0.5709999799728394,0.5820000171661377,0.49300000071525574,0.503000020980835,108536315
2024-02-01,0.503000020980835,0.5199999809265137,0.4699999988079071,0.5199999809265137,66922369
2024-02-04,0.5199999809265137,0.5370000004768372,0.5,0.5339999794960022,71712096
2024-02-05,0.5339999794960022,0.5419999957084656,0.5299999713897705,0.5339999794960022,50202953
2024-02-06,0.5339999794960022,0.5440000295639038,0.5120000243186951,0.5180000066757202,65279361
2024-02-07,0.5180000066757202,0.5260000228881836,0.5099999904632568,0.5149999856948853,32145718
2024-02-08,0.5149999856948853,0.5260000228881836,0.5120000243186951,0.5199999809265137,28786402
2024-02-11,0.5199999809265137,0.527999997138977,0.5049999952316284,0.515999972820282,32126825
2024-02-12,0.515999972820282,0.5180000066757202,0.5049999952316284,0.5080000162124634,34947814
2024-02-14,0.5289999842643738,0.5429999828338623,0.5289999842643738,0.5400000214576721,51285600
2024-02-15,0.5400000214576721,0.546999990940094,0.5289999842643738,0.5429999828338623,51535051
2024-02-18,0.5429999828338623,0.5429999828338623,0.5429999828338623,0.5429999828338623,0
2024-02-19,0.5640000104904175,0.5759999752044678,0.5519999861717224,0.5619999766349792,69823175
2024-02-20,0.5619999766349792,0.5709999799728394,0.5519999861717224,0.5529999732971191,48972448
2024-02-21,0.5529999732971191,0.5619999766349792,0.546999990940094,0.5529999732971191,54952519
2024-02-22,0.5529999732971191,0.5600000023841858,0.5490000247955322,0.5509999990463257,52293983
2024-02-26,0.5170000195503235,0.5270000100135803,0.5099999904632568,0.5199999809265137,33248241
2024-02-27,0.5199999809265137,0.5329999923706055,0.5139999985694885,0.515999972820282,39444834
2024-02-28,0.515999972820282,0.5289999842643738,0.5019999742507935,0.5019999742507935,42517130
2024-02-29,0.5019999742507935,0.5070000290870667,0.49300000071525574,0.4950000047683716,33877861
2024-03-05,0.515999972820282,0.5220000147819519,0.5019999742507935,0.5040000081062317,20449903
2024-03-06,0.5040000081062317,0.5080000162124634,0.48100000619888306,0.4819999933242798,43090491
2024-03-07,0.4819999933242798,0.48899999260902405,0.47200000286102295,0.47999998927116394,18220825
2024-03-11,0.49300000071525574,0.503000020980835,0.4869999885559082,0.48899999260902405,19068944
2024-03-12,0.48899999260902405,0.4950000047683716,0.47099998593330383,0.47999998927116394,17852637
2024-03-13,0.47999998927116394,0.4819999933242798,0.46000000834465027,0.46000000834465027,15087460
2024-03-14,0.46000000834465027,0.47600001096725464,0.4580000042915344,0.4729999899864197,15296240
2024-03-17,0.4729999899864197,0.4860000014305115,0.4699999988079071,0.4699999988079071,16401778
2024-03-18,0.4699999988079071,0.47099998593330383,0.4309999942779541,0.4350000023841858,20351390
2024-03-19,0.4350000023841858,0.4399999976158142,0.41999998688697815,0.4350000023841858,16466940
2024-03-20,0.4350000023841858,0.4480000138282776,0.4230000078678131,0.4320000112056732,21313853
2024-03-21,0.4320000112056732,0.4429999887943268,0.42500001192092896,0.4399999976158142,16054479
2024-03-24,0.4399999976158142,0.45100000500679016,0.43700000643730164,0.4449999928474426,12179234
2024-03-25,0.4449999928474426,0.4490000009536743,0.4399999976158142,0.4440000057220459,7773275
2024-03-26,0.4440000057220459,0.44999998807907104,0.4350000023841858,0.43700000643730164,8779850
2024-03-27,0.43700000643730164,0.44200000166893005,0.4300000071525574,0.4350000023841858,8276801
2024-03-28,0.4350000023841858,0.4390000104904175,0.4259999990463257,0.42800000309944153,5085827
2024-03-31,0.42800000309944153,0.4320000112056732,0.41200000047683716,0.41499999165534973,6655181
2024-04-01,0.41499999165534973,0.42500001192092896,0.41200000047683716,0.4230000078678131,10454734
2024-04-02,0.4230000078678131,0.4300000071525574,0.4230000078678131,0.4259999990463257,6628337
2024-04-03,0.4259999990463257,0.4320000112056732,0.41100001335144043,0.4230000078678131,9499947
2024-04-04,0.4230000078678131,0.4300000071525574,0.41999998688697815,0.42800000309944153,9968440
2024-04-07,0.42800000309944153,0.4350000023841858,0.42399999499320984,0.42500001192092896,19612692
2024-04-15,0.42800000309944153,0.4480000138282776,0.4269999861717224,0.44200000166893005,18024348
2024-04-16,0.44200000166893005,0.46000000834465027,0.4399999976158142,0.4569999873638153,33131638
2024-04-17,0.4569999873638153,0.4650000035762787,0.453000009059906,0.4580000042915344,22139186
2024-04-18,0.4580000042915344,0.460999995470047,0.4259999990463257,0.4350000023841858,29474743
2024-04-21,0.4350000023841858,0.44600000977516174,0.4300000071525574,0.43799999356269836,10205433
2024-04-22,0.43799999356269836,0.44600000977516174,0.4350000023841858,0.4399999976158142,9435584
2024-04-23,0.4399999976158142,0.4399999976158142,0.41600000858306885,0.41600000858306885,16379487
2024-04-24,0.41600000858306885,0.42100000381469727,0.4000000059604645,0.40299999713897705,12707261
2024-04-28,0.40299999713897705,0.40299999713897705,0.40299999713897705,0.40299999713897705,0
2024-04-29,0.37599998712539673,0.38499999046325684,0.3700000047683716,0.38100001215934753,11667010
2024-04-30,0.38100001215934753,0.3880000114440918,0.3479999899864197,0.35100001096725464,9708145
2024-05-02,0.36800000071525574,0.3700000047683716,0.36000001430511475,0.3659999966621399,8158006
2024-05-07,0.3659999966621399,0.3700000047683716,0.36000001430511475,0.36500000953674316,5761677
2024-05-08,0.36500000953674316,0.3700000047683716,0.3230000138282776,0.3449999988079071,13503856
2024-05-09,0.3449999988079071,0.35199999809265137,0.3400000035762787,0.34599998593330383,4818876
2024-05-12,0.34599998593330383,0.35100001096725464,0.328000009059906,0.33000001311302185,8732603
2024-05-14,0.3190000057220459,0.33000001311302185,0.3140000104904175,0.3190000057220459,20586972
2024-05-15,0.3190000057220459,0.3190000057220459,0.3190000057220459,0.3190000057220459,0
2024-05-20,0.35899999737739563,0.36500000953674316,0.35100001096725464,0.35600000619888306,15233550
2024-05-21,0.35600000619888306,0.3610000014305115,0.3479999899864197,0.35199999809265137,7766555
2024-05-22,0.35199999809265137,0.35499998927116394,0.34700000286102295,0.3499999940395355,4548133
2024-05-23,0.3499999940395355,0.3529999852180481,0.3449999988079071,0.34599998593330383,7932941
2024-05-26,0.34599998593330383,0.34599998593330383,0.34599998593330383,0.34599998593330383,0
2024-05-27,0.3529999852180481,0.3630000054836273,0.3499999940395355,0.35499998927116394,17220916
2024-05-29,0.34700000286102295,0.3580000102519989,0.34599998593330383,0.3490000069141388,10806615
2024-05-30,0.3490000069141388,0.3490000069141388,0.3409999907016754,0.34299999475479126,6600784
2024-06-02,0.34299999475479126,0.3499999940395355,0.33899998664855957,0.3400000035762787,3226734
2024-06-03,0.3400000035762787,0.34299999475479126,0.33500000834465027,0.33500000834465027,6426977
2024-06-04,0.33500000834465027,0.34200000762939453,0.33399999141693115,0.33500000834465027,11648020
2024-06-05,0.33500000834465027,0.3370000123977661,0.3230000138282776,0.32499998807907104,9031126
2024-06-06,0.32499998807907104,0.3319999873638153,0.3240000009536743,0.32499998807907104,7815473
2024-06-09,0.32499998807907104,0.32899999618530273,0.3149999976158142,0.3160000145435333,7720604
2024-06-10,0.3160000145435333,0.34700000286102295,0.3089999854564667,0.3409999907016754,18570212
2024-06-11,0.3409999907016754,0.35199999809265137,0.3310000002384186,0.3330000042915344,29933476
2024-06-13,0.335999995470047,0.34200000762939453,0.33500000834465027,0.33799999952316284,7632125
2024-06-24,0.3529999852180481,0.36000001430511475,0.3449999988079071,0.34599998593330383,21317008
2024-06-25,0.34599998593330383,0.3499999940395355,0.3449999988079071,0.3479999899864197,8905403
2024-06-26,0.3479999899864197,0.3540000021457672,0.34599998593330383,0.34700000286102295,11957262
2024-07-02,0.3499999940395355,0.35499998927116394,0.34700000286102295,0.3490000069141388,15131786
2024-07-03,0.3490000069141388,0.3529999852180481,0.3479999899864197,0.3499999940395355,13302067
2024-07-04,0.3499999940395355,0.3540000021457672,0.3479999899864197,0.3490000069141388,13257058
2024-07-08,0.36000001430511475,0.3659999966621399,0.3540000021457672,0.35499998927116394,35917024
2024-07-09,0.35499998927116394,0.3580000102519989,0.35199999809265137,0.3529999852180481,12643269
2024-07-10,0.3529999852180481,0.3569999933242798,0.3449999988079071,0.34599998593330383,9220828
2024-07-14,0.34599998593330383,0.3479999899864197,0.3400000035762787,0.3400000035762787,10424452
2024-07-15,0.3400000035762787,0.3449999988079071,0.3370000123977661,0.33799999952316284,11157447
2024-07-16,0.33799999952316284,0.3400000035762787,0.3310000002384186,0.335999995470047,16558906
2024-07-17,0.335999995470047,0.3440000116825104,0.335999995470047,0.3400000035762787,8608820
2024-07-21,0.3499999940395355,0.35499998927116394,0.3499999940395355,0.3529999852180481,12364608
2024-07-23,0.35499998927116394,0.36500000953674316,0.3529999852180481,0.3610000014305115,22673681
2024-07-28,0.3720000088214874,0.37599998712539673,0.3659999966621399,0.36800000071525574,22548368
2024-07-29,0.36800000071525574,0.37400001287460327,0.3659999966621399,0.36800000071525574,14446165
2024-07-30,0.36800000071525574,0.37400001287460327,0.3619999885559082,0.37400001287460327,15995717
2024-07-31,0.37400001287460327,0.38600000739097595,0.3720000088214874,0.3779999911785126,31543165
2024-08-01,0.3779999911785126,0.3799999952316284,0.367000013589859,0.36800000071525574,22080151
2024-08-06,0.33500000834465027,0.34299999475479126,0.33399999141693115,0.33899998664855957,20825231
2024-08-07,0.33899998664855957,0.34700000286102295,0.33799999952316284,0.3440000116825104,19605975
2024-08-08,0.3440000116825104,0.3490000069141388,0.3400000035762787,0.3449999988079071,34223699
2024-08-11,0.3449999988079071,0.35199999809265137,0.3449999988079071,0.3479999899864197,15696156
2024-08-12,0.3479999899864197,0.3540000021457672,0.3449999988079071,0.3449999988079071,11918801
2024-08-13,0.3449999988079071,0.3479999899864197,0.3400000035762787,0.3409999907016754,8773055
2024-08-14,0.3409999907016754,0.34700000286102295,0.33799999952316284,0.33799999952316284,16945367
2024-08-15,0.33799999952316284,0.3440000116825104,0.33799999952316284,0.3409999907016754,11268942
2024-08-19,0.3449999988079071,0.3490000069141388,0.34299999475479126,0.3440000116825104,9822096
2024-08-21,0.34599998593330383,0.3529999852180481,0.3440000116825104,0.35199999809265137,23693762
2024-08-25,0.36000001430511475,0.367000013589859,0.36000001430511475,0.36000001430511475,15998380
2024-08-26,0.36000001430511475,0.36399999260902405,0.35100001096725464,0.35199999809265137,13840372
2024-08-27,0.35199999809265137,0.3580000102519989,0.35199999809265137,0.3540000021457672,9137460
2024-08-29,0.35499998927116394,0.3580000102519989,0.3499999940395355,0.35499998927116394,21798123
2024-09-01,0.35499998927116394,0.35899999737739563,0.3540000021457672,0.35499998927116394,6347466
2024-09-03,0.3779999911785126,0.38999998569488525,0.37599998712539673,0.3799999952316284,44297702
2024-09-04,0.3799999952316284,0.3799999952316284,0.3720000088214874,0.37599998712539673,20747564
2024-09-05,0.37599998712539673,0.38199999928474426,0.37299999594688416,0.37400001287460327,26674183
2024-09-08,0.37400001287460327,0.38100001215934753,0.3700000047683716,0.37299999594688416,25350725
2024-09-09,0.37299999594688416,0.3779999911785126,0.3709999918937683,0.3709999918937683,12410788
2024-09-10,0.3709999918937683,0.37400001287460327,0.36500000953674316,0.36500000953674316,11302796
2024-09-11,0.36500000953674316,0.375,0.3619999885559082,0.3709999918937683,25473217
2024-09-12,0.3709999918937683,0.375,0.36800000071525574,0.3709999918937683,18163495
2024-09-17,0.37400001287460327,0.37599998712539673,0.36500000953674316,0.3659999966621399,10787567
2024-09-18,0.3659999966621399,0.3709999918937683,0.3630000054836273,0.3700000047683716,7000266
2024-09-19,0.3700000047683716,0.375,0.367000013589859,0.36800000071525574,6630710
2024-09-24,0.38499999046325684,0.3880000114440918,0.3790000081062317,0.3799999952316284,31328589
2024-09-25,0.3790000081062317,0.38499999046325684,0.3779999911785126,0.38499999046325684,17002140
2024-09-26,0.38499999046325684,0.3880000114440918,0.3790000081062317,0.3799999952316284,31328589
2024-09-29,0.3799999952316284,0.3840000033378601,0.375,0.3779999911785126,15053588
2024-10-01,0.38100001215934753,0.382999986410141,0.3790000081062317,0.3799999952316284,11505008
2024-10-03,0.36899998784065247,0.37299999594688416,0.367000013589859,0.367000013589859,13293818
2024-10-07,0.367000013589859,0.37599998712539673,0.3630000054836273,0.36399999260902405,16599974
2024-10-08,0.36399999260902405,0.367000013589859,0.3400000035762787,0.3499999940395355,22267226
2024-10-09,0.3499999940395355,0.35899999737739563,0.3449999988079071,0.3540000021457672,10962182
2024-10-10,0.3540000021457672,0.36000001430511475,0.34599998593330383,0.34700000286102295,8801864
2024-10-13,0.34700000286102295,0.35199999809265137,0.33399999141693115,0.33799999952316284,11179775
2024-10-14,0.33799999952316284,0.34200000762939453,0.3330000042915344,0.33799999952316284,6965211
2024-10-15,0.33799999952316284,0.34599998593330383,0.3370000123977661,0.33899998664855957,9823337
2024-10-16,0.33899998664855957,0.3440000116825104,0.33799999952316284,0.34299999475479126,15013472
2024-10-17,0.34299999475479126,0.34700000286102295,0.335999995470047,0.335999995470047,10860790
2024-10-20,0.335999995470047,0.3370000123977661,0.33000001311302185,0.33000001311302185,11478541
2024-10-21,0.33000001311302185,0.33500000834465027,0.32600000500679016,0.3319999873638153,9480258
2024-10-22,0.3319999873638153,0.34700000286102295,0.3319999873638153,0.34599998593330383,18439644
2024-10-23,0.34599998593330383,0.36800000071525574,0.34599998593330383,0.3580000102519989,35353859
2024-10-24,0.3580000102519989,0.3610000014305115,0.3540000021457672,0.35499998927116394,9331149
2024-10-27,0.35499998927116394,0.3610000014305115,0.3529999852180481,0.36000001430511475,10275779
2024-10-28,0.36000001430511475,0.3619999885559082,0.35499998927116394,0.35600000619888306,7808597
2024-10-29,0.35600000619888306,0.3580000102519989,0.35100001096725464,0.35199999809265137,11491360
2024-11-03,0.36500000953674316,0.37299999594688416,0.3619999885559082,0.3630000054836273,13995030
2024-11-04,0.3630000054836273,0.36500000953674316,0.36000001430511475,0.3610000014305115,17135822
2024-11-05,0.3610000014305115,0.3799999952316284,0.36000001430511475,0.3630000054836273,32488310
2024-11-07,0.36800000071525574,0.3709999918937683,0.36500000953674316,0.3659999966621399,9164562
2024-11-10,0.3659999966621399,0.375,0.3659999966621399,0.375,11985542
2024-11-11,0.375,0.38999998569488525,0.37400001287460327,0.3840000033378601,76871147
2024-11-12,0.3840000033378601,0.3930000066757202,0.38100001215934753,0.3840000033378601,61517569
2024-11-13,0.3840000033378601,0.3880000114440918,0.3779999911785126,0.3790000081062317,33390366
2024-11-14,0.3790000081062317,0.3930000066757202,0.37599998712539673,0.39100000262260437,45758274
2024-11-18,0.3959999978542328,0.39800000190734863,0.38199999928474426,0.382999986410141,42489065
2024-11-19,0.382999986410141,0.3840000033378601,0.375,0.37599998712539673,22896029
2024-11-20,0.37599998712539673,0.38100001215934753,0.375,0.3779999911785126,12013078
2024-11-21,0.3779999911785126,0.382999986410141,0.375,0.37599998712539673,15036293
2024-11-24,0.37599998712539673,0.3799999952316284,0.37299999594688416,0.37299999594688416,9018962
2024-11-25,0.37299999594688416,0.37700000405311584,0.36899998784065247,0.3700000047683716,14232944
2024-11-26,0.3700000047683716,0.375,0.36899998784065247,0.3700000047683716,8067263
2024-11-27,0.3700000047683716,0.375,0.3569999933242798,0.3580000102519989,16703214
2024-11-28,0.3580000102519989,0.36000001430511475,0.3499999940395355,0.35199999809265137,24792789
2024-12-02,0.35499998927116394,0.3610000014305115,0.35199999809265137,0.3540000021457672,11308855
2024-12-03,0.3540000021457672,0.35899999737739563,0.35199999809265137,0.35499998927116394,9039750
2024-12-05,0.3630000054836273,0.3700000047683716,0.3630000054836273,0.3659999966621399,11189903
2024-12-08,0.3659999966621399,0.37299999594688416,0.36500000953674316,0.36500000953674316,9880982
2024-12-09,0.36500000953674316,0.3709999918937683,0.36500000953674316,0.3709999918937683,16264168
2024-12-10,0.3709999918937683,0.3709999918937683,0.3630000054836273,0.36399999260902405,8154724
2024-12-11,0.36399999260902405,0.367000013589859,0.3619999885559082,0.36399999260902405,6268322
2024-12-15,0.382999986410141,0.382999986410141,0.382999986410141,0.382999986410141,0
2024-12-16,0.382999986410141,0.39100000262260437,0.37700000405311584,0.3799999952316284,45778197
2024-12-17,0.3799999952316284,0.38600000739097595,0.37599998712539673,0.3779999911785126,16584399
2024-12-18,0.3779999911785126,0.38100001215934753,0.36800000071525574,0.36899998784065247,13998109
2024-12-19,0.36899998784065247,0.3720000088214874,0.36000001430511475,0.36899998784065247,19995168
2024-12-23,0.3700000047683716,0.37400001287460327,0.35600000619888306,0.3569999933242798,14768569
2024-12-24,0.3569999933242798,0.36000001430511475,0.35100001096725464,0.35600000619888306,10667430
2024-12-25,0.35600000619888306,0.3610000014305115,0.35499998927116394,0.35600000619888306,7726125
2024-12-26,0.35600000619888306,0.36000001430511475,0.3529999852180481,0.3569999933242798,7675692
2024-12-29,0.3569999933242798,0.3580000102519989,0.35199999809265137,0.3540000021457672,9623505
2024-12-30,0.3540000021457672,0.3569999933242798,0.3479999899864197,0.3479999899864197,9888663
2024-12-31,0.3479999899864197,0.35600000619888306,0.34599998593330383,0.3499999940395355,16449100
2025-01-05,0.3569999933242798,0.3630000054836273,0.35499998927116394,0.3610000014305115,17950163
2025-01-06,0.3610000014305115,0.36500000953674316,0.36000001430511475,0.3619999885559082,12232299
2025-01-08,0.3619999885559082,0.36399999260902405,0.3569999933242798,0.35899999737739563,9122419
2025-01-09,0.35899999737739563,0.3610000014305115,0.3569999933242798,0.3580000102519989,9710531
2025-01-12,0.3580000102519989,0.3580000102519989,0.35100001096725464,0.3540000021457672,9485347
2025-01-13,0.3540000021457672,0.3569999933242798,0.34299999475479126,0.3449999988079071,10200978
2025-01-14,0.3449999988079071,0.3490000069141388,0.33799999952316284,0.3449999988079071,12596282
2025-01-20,0.3720000088214874,0.3869999945163727,0.3720000088214874,0.38499999046325684,74906197
2025-01-21,0.38499999046325684,0.3889999985694885,0.3779999911785126,0.3799999952316284,37307346
2025-01-22,0.3799999952316284,0.3869999945163727,0.3790000081062317,0.3799999952316284,28132578
2025-01-27,0.44200000166893005,0.4429999887943268,0.41499999165534973,0.4169999957084656,170533948
2025-01-28,0.4169999957084656,0.42899999022483826,0.4169999957084656,0.421999990940094,110511720
2025-01-29,0.421999990940094,0.4300000071525574,0.4189999997615814,0.4230000078678131,56100576
2025-01-30,0.4230000078678131,0.4259999990463257,0.4099999964237213,0.41200000047683716,76804508
2025-02-02,0.41200000047683716,0.4129999876022339,0.4009999930858612,0.4020000100135803,55323971
2025-02-03,0.4020000100135803,0.42800000309944153,0.4020000100135803,0.4059999883174896,90501075
2025-02-10,0.4309999942779541,0.43700000643730164,0.4230000078678131,0.42399999499320984,33104048
2025-02-11,0.42399999499320984,0.4359999895095825,0.4169999957084656,0.4169999957084656,62805878
2025-02-12,0.4169999957084656,0.4169999957084656,0.4000000059604645,0.40799999237060547,49943608
2025-02-13,0.40799999237060547,0.42399999499320984,0.40799999237060547,0.42100000381469727,52510918
2025-02-17,0.4259999990463257,0.4309999942779541,0.4099999964237213,0.41499999165534973,38768133
2025-02-18,0.41499999165534973,0.421999990940094,0.41100001335144043,0.42100000381469727,36816552
2025-02-19,0.42100000381469727,0.4259999990463257,0.4169999957084656,0.4169999957084656,38284367
2025-02-20,0.4169999957084656,0.42100000381469727,0.4129999876022339,0.41499999165534973,34481315
2025-02-23,0.41499999165534973,0.4169999957084656,0.41200000047683716,0.414000004529953,15975506
2025-02-24,0.414000004529953,0.4180000126361847,0.414000004529953,0.41499999165534973,15123874
2025-02-25,0.41499999165534973,0.4180000126361847,0.4099999964237213,0.41100001335144043,18478367
2025-02-26,0.41100001335144043,0.414000004529953,0.40400001406669617,0.40400001406669617,14143491
2025-02-27,0.40400001406669617,0.4099999964237213,0.40400001406669617,0.40400001406669617,18475137
2025-03-02,0.40400001406669617,0.4059999883174896,0.4009999930858612,0.4009999930858612,13651742
2025-03-04,0.4050000011920929,0.4090000092983246,0.4009999930858612,0.4009999930858612,14223359
2025-03-05,0.4009999930858612,0.40299999713897705,0.3919999897480011,0.39399999380111694,19298992
2025-03-06,0.39399999380111694,0.39800000190734863,0.3880000114440918,0.3880000114440918,18108389
2025-03-09,0.3880000114440918,0.3880000114440918,0.3880000114440918,0.3880000114440918,62990
2025-03-10,0.3880000114440918,0.39399999380111694,0.38600000739097595,0.38600000739097595,20001135
2025-03-11,0.38600000739097595,0.3889999985694885,0.37599998712539673,0.37700000405311584,25369664
2025-03-17,0.39500001072883606,0.39899998903274536,0.3889999985694885,0.38999998569488525,13450115
2025-03-18,0.38999998569488525,0.3919999897480011,0.38499999046325684,0.3889999985694885,15207090
2025-03-19,0.3889999985694885,0.39100000262260437,0.38600000739097595,0.38600000739097595,12069995
2025-03-20,0.38600000739097595,0.3889999985694885,0.38100001215934753,0.38199999928474426,16635585
2025-03-23,0.38199999928474426,0.38999998569488525,0.38199999928474426,0.38199999928474426,11357546
2025-03-24,0.38199999928474426,0.3880000114440918,0.37700000405311584,0.3779999911785126,14131160
2025-03-25,0.3779999911785126,0.382999986410141,0.375,0.375,8515396
2025-03-26,0.375,0.3889999985694885,0.375,0.38499999046325684,20491503
2025-03-27,0.38499999046325684,0.40400001406669617,0.38499999046325684,0.38600000739097595,41041365
2025-04-03,0.38600000739097595,0.38999998569488525,0.382999986410141,0.38499999046325684,13963049
2025-04-07,0.3700000047683716,0.3720000088214874,0.3619999885559082,0.367000013589859,10705032
2025-04-09,0.3790000081062317,0.3790000081062317,0.3619999885559082,0.36500000953674316,16358311
2025-04-13,0.37400001287460327,0.38100001215934753,0.37400001287460327,0.3790000081062317,13260290
2025-04-15,0.38199999928474426,0.38600000739097595,0.3799999952316284,0.38100001215934753,15067883
2025-04-16,0.38100001215934753,0.3840000033378601,0.3779999911785126,0.38100001215934753,13591465
2025-04-17,0.38100001215934753,0.39500001072883606,0.3779999911785126,0.38600000739097595,68563489
2025-04-23,0.39500001072883606,0.4050000011920929,0.39500001072883606,0.40400001406669617,33488968
2025-04-27,0.40400001406669617,0.4059999883174896,0.4000000059604645,0.4009999930858612,18722098
2025-04-28,0.4009999930858612,0.4050000011920929,0.39899998903274536,0.4009999930858612,24555228
2025-04-30,0.4059999883174896,0.40700000524520874,0.4000000059604645,0.40299999713897705,27010160
2025-05-06,0.4090000092983246,0.4129999876022339,0.4059999883174896,0.40799999237060547,13837202
2025-05-07,0.40799999237060547,0.4189999997615814,0.40400001406669617,0.4090000092983246,70060072
2025-05-08,0.4090000092983246,0.4180000126361847,0.39399999380111694,0.39800000190734863,76180789
2025-05-11,0.39800000190734863,0.40400001406669617,0.3919999897480011,0.39399999380111694,85262860
2025-05-12,0.39399999380111694,0.39399999380111694,0.382999986410141,0.3840000033378601,52910561
2025-05-13,0.3840000033378601,0.3889999985694885,0.3720000088214874,0.3720000088214874,66249917
2025-05-14,0.3720000088214874,0.37599998712539673,0.36800000071525574,0.3700000047683716,27256930
2025-05-15,0.3700000047683716,0.37400001287460327,0.36899998784065247,0.37299999594688416,17249699
2025-05-18,0.37299999594688416,0.3779999911785126,0.3700000047683716,0.3700000047683716,20649338
2025-05-19,0.3700000047683716,0.375,0.367000013589859,0.36800000071525574,13176680
2025-05-20,0.36800000071525574,0.37299999594688416,0.3659999966621399,0.3709999918937683,8363351
2025-05-21,0.3709999918937683,0.37400001287460327,0.36899998784065247,0.3700000047683716,8886718
2025-05-22,0.3700000047683716,0.3720000088214874,0.3659999966621399,0.367000013589859,16117103
2025-05-25,0.367000013589859,0.3720000088214874,0.3659999966621399,0.3659999966621399,16036147
2025-05-26,0.3659999966621399,0.36899998784065247,0.3619999885559082,0.3619999885559082,25640364
2025-05-27,0.3619999885559082,0.3630000054836273,0.3569999933242798,0.3580000102519989,18375982
2025-05-28,0.3580000102519989,0.3630000054836273,0.3569999933242798,0.3580000102519989,17808431
2025-05-29,0.3580000102519989,0.3610000014305115,0.35100001096725464,0.3529999852180481,21760542
2025-06-01,0.3529999852180481,0.35600000619888306,0.3479999899864197,0.3479999899864197,16406651
2025-06-02,0.3479999899864197,0.35899999737739563,0.3479999899864197,0.3540000021457672,21011608
2025-06-03,0.3540000021457672,0.3580000102519989,0.35100001096725464,0.35199999809265137,9178131
2025-06-04,0.35199999809265137,0.3569999933242798,0.35100001096725464,0.3540000021457672,10182836
2025-06-10,0.3540000021457672,0.36399999260902405,0.3540000021457672,0.3630000054836273,27255647
2025-06-11,0.3630000054836273,0.3790000081062317,0.36000001430511475,0.375,40173429
2025-06-12,0.375,0.37700000405311584,0.36399999260902405,0.367000013589859,18419176
2025-06-16,0.34599998593330383,0.3540000021457672,0.3400000035762787,0.34299999475479126,15746283
2025-06-17,0.34299999475479126,0.3449999988079071,0.3319999873638153,0.3319999873638153,23133922
2025-06-18,0.3319999873638153,0.33799999952316284,0.32899999618530273,0.3310000002384186,9956644
2025-06-19,0.3310000002384186,0.33399999141693115,0.3230000138282776,0.3240000009536743,13166220
2025-06-22,0.3240000009536743,0.3269999921321869,0.3109999895095825,0.32499998807907104,10977770
2025-06-23,0.32499998807907104,0.33500000834465027,0.32499998807907104,0.3319999873638153,10240464
2025-06-25,0.3440000116825104,0.35100001096725464,0.3409999907016754,0.3490000069141388,13368856
2025-06-29,0.3490000069141388,0.3540000021457672,0.3490000069141388,0.3499999940395355,12939024
2025-06-30,0.3499999940395355,0.3540000021457672,0.34700000286102295,0.3499999940395355,13414270
2025-07-01,0.3499999940395355,0.3540000021457672,0.34599998593330383,0.34599998593330383,15981409
2025-07-02,0.34599998593330383,0.3490000069141388,0.3449999988079071,0.34599998593330383,16777440
2025-07-07,0.3490000069141388,0.3580000102519989,0.34700000286102295,0.3499999940395355,21588452
2025-07-09,0.3499999940395355,0.35199999809265137,0.34700000286102295,0.3479999899864197,8436018
2025-07-10,0.3479999899864197,0.35199999809265137,0.34599998593330383,0.34700000286102295,10211087
2025-07-13,0.34700000286102295,0.3499999940395355,0.34599998593330383,0.34599998593330383,7570874
2025-07-14,0.34599998593330383,0.3490000069141388,0.3440000116825104,0.3449999988079071,15136962
2025-07-15,0.3449999988079071,0.35199999809265137,0.3440000116825104,0.3449999988079071,24802473
2025-07-16,0.3449999988079071,0.3490000069141388,0.3400000035762787,0.3400000035762787,16396812
2025-07-20,0.3449999988079071,0.35100001096725464,0.3449999988079071,0.3449999988079071,11275762
2025-07-21,0.3449999988079071,0.3490000069141388,0.3400000035762787,0.3409999907016754,14692751
2025-07-22,0.3409999907016754,0.3440000116825104,0.3409999907016754,0.34200000762939453,5071458
2025-07-23,0.34200000762939453,0.34200000762939453,0.34200000762939453,0.34200000762939453,0
2025-07-28,0.34200000762939453,0.3440000116825104,0.33899998664855957,0.3400000035762787,9497097
2025-07-29,0.3400000035762787,0.34200000762939453,0.33799999952316284,0.33799999952316284,8850510
2025-07-30,0.33799999952316284,0.3409999907016754,0.3330000042915344,0.33399999141693115,8532083
2025-07-31,0.33399999141693115,0.33899998664855957,0.33399999141693115,0.33500000834465027,6060590
2025-08-03,0.33500000834465027,0.33500000834465027,0.33500000834465027,0.33500000834465027,0
2025-08-04,0.33500000834465027,0.33500000834465027,0.33500000834465027,0.33500000834465027,0
2025-08-05,0.33500000834465027,0.33500000834465027,0.33500000834465027,0.33500000834465027,0
2025-08-06,0.33500000834465027,0.33500000834465027,0.33500000834465027,0.33500000834465027,0
2025-08-07,0.33500000834465027,0.33500000834465027,0.33500000834465027,0.33500000834465027,0
2025-08-10,0.33799999952316284,0.3409999907016754,0.335999995470047,0.3370000123977661,5493698
2025-08-11,0.3370000123977661,0.3400000035762787,0.33500000834465027,0.3370000123977661,9989970
2025-08-12,0.3370000123977661,0.33899998664855957,0.33500000834465027,0.335999995470047,4187253
2025-08-13,0.335999995470047,0.33899998664855957,0.33399999141693115,0.33399999141693115,7016768
2025-08-14,0.33399999141693115,0.33799999952316284,0.33000001311302185,0.3319999873638153,7797061
2025-08-17,0.3319999873638153,0.33899998664855957,0.33000001311302185,0.335999995470047,14095495
2025-08-18,0.335999995470047,0.34299999475479126,0.335999995470047,0.33799999952316284,11972138
2025-08-19,0.33799999952316284,0.33899998664855957,0.3330000042915344,0.3330000042915344,8862373
2025-08-20,0.3330000042915344,0.33899998664855957,0.3319999873638153,0.3319999873638153,7965799
2025-08-21,0.3319999873638153,0.33399999141693115,0.33000001311302185,0.3319999873638153,4938434
2025-08-24,0.3319999873638153,0.33399999141693115,0.33000001311302185,0.3310000002384186,5947227
2025-08-25,0.3310000002384186,0.3569999933242798,0.33000001311302185,0.35100001096725464,50936264
2025-08-26,0.35100001096725464,0.3540000021457672,0.335999995470047,0.335999995470047,46811687
2025-08-28,0.34200000762939453,0.38999998569488525,0.34200000762939453,0.3700000047683716,217200045
2025-08-31,0.3700000047683716,0.3779999911785126,0.35499998927116394,0.35499998927116394,62044467
2025-09-02,0.3580000102519989,0.3619999885559082,0.35600000619888306,0.35600000619888306,15535879
2025-09-03,0.35600000619888306,0.3610000014305115,0.3529999852180481,0.35600000619888306,21732245
2025-09-07,0.35600000619888306,0.36000001430511475,0.35100001096725464,0.35199999809265137,19934337
2025-09-08,0.35199999809265137,0.3540000021457672,0.34200000762939453,0.34200000762939453,21844802
2025-09-09,0.34200000762939453,0.34599998593330383,0.3370000123977661,0.3400000035762787,13628446
2025-09-10,0.3400000035762787,0.34599998593330383,0.3370000123977661,0.34200000762939453,6677007
2025-09-11,0.34200000762939453,0.3499999940395355,0.3409999907016754,0.34299999475479126,7981856
2025-09-14,0.34299999475479126,0.34700000286102295,0.3370000123977661,0.33899998664855957,8354472
2025-09-15,0.33899998664855957,0.3440000116825104,0.3310000002384186,0.3400000035762787,12813464
2025-09-16,0.3400000035762787,0.3409999907016754,0.3319999873638153,0.33500000834465027,9096242
2025-09-17,0.33500000834465027,0.3370000123977661,0.3319999873638153,0.33500000834465027,5121166
2025-09-18,0.33500000834465027,0.33799999952316284,0.3319999873638153,0.3330000042915344,5313273
2025-09-21,0.3330000042915344,0.335999995470047,0.32600000500679016,0.3269999921321869,13337121
2025-09-22,0.3269999921321869,0.32899999618530273,0.3199999928474426,0.32499998807907104,5982658
2025-09-23,0.32499998807907104,0.3269999921321869,0.3199999928474426,0.32100000977516174,8177394
2025-09-24,0.32100000977516174,0.3240000009536743,0.3199999928474426,0.32199999690055847,6349097
2025-09-25,0.32199999690055847,0.32600000500679016,0.32100000977516174,0.32199999690055847,5679602
2025-09-28,0.32199999690055847,0.32499998807907104,0.3199999928474426,0.3230000138282776,11782522
2025-09-29,0.3230000138282776,0.32499998807907104,0.32100000977516174,0.32199999690055847,4419325
2025-09-30,0.32199999690055847,0.3240000009536743,0.3199999928474426,0.32100000977516174,12096028
2025-10-01,0.32100000977516174,0.3230000138282776,0.3199999928474426,0.32199999690055847,3709512
2025-10-02,0.32199999690055847,0.3230000138282776,0.3199999928474426,0.32199999690055847,6611965
2025-10-05,0.32199999690055847,0.3269999921321869,0.32100000977516174,0.3240000009536743,9304009
2025-10-06,0.3240000009536743,0.32600000500679016,0.32199999690055847,0.3230000138282776,6187399
2025-10-07,0.3230000138282776,0.32499998807907104,0.32199999690055847,0.32199999690055847,7744912
2025-10-08,0.32199999690055847,0.3240000009536743,0.32100000977516174,0.32199999690055847,10197928
2025-10-12,0.32199999690055847,0.3240000009536743,0.3199999928474426,0.3230000138282776,3560956
2025-10-13,0.3230000138282776,0.32499998807907104,0.32199999690055847,0.3240000009536743,5598475
2025-10-14,0.3240000009536743,0.33399999141693115,0.3240000009536743,0.32899999618530273,16702394
2025-10-15,0.32899999618530273,0.3479999899864197,0.32899999618530273,0.3449999988079071,43029674
2025-10-16,0.3449999988079071,0.3449999988079071,0.33799999952316284,0.3400000035762787,19752731
2025-10-19,0.3400000035762787,0.35199999809265137,0.335999995470047,0.3499999940395355,51024553
2025-10-20,0.3499999940395355,0.3540000021457672,0.34200000762939453,0.34299999475479126,19605266
2025-10-21,0.34299999475479126,0.34700000286102295,0.3409999907016754,0.34299999475479126,7777695
2025-10-22,0.34299999475479126,0.34599998593330383,0.3409999907016754,0.3449999988079071,5560599
2025-10-23,0.3449999988079071,0.34599998593330383,0.3409999907016754,0.34299999475479126,7034915
2025-10-26,0.34299999475479126,0.3490000069141388,0.33899998664855957,0.3409999907016754,14981889
2025-10-27,0.3409999907016754,0.34599998593330383,0.3400000035762787,0.34200000762939453,5869053
2025-10-28,0.34200000762939453,0.3449999988079071,0.33899998664855957,0.3400000035762787,9169859
2025-10-29,0.3400000035762787,0.3449999988079071,0.33500000834465027,0.34200000762939453,12875869
2025-10-30,0.34200000762939453,0.34599998593330383,0.3400000035762787,0.3409999907016754,12208557
2025-11-02,0.3409999907016754,0.3440000116825104,0.33799999952316284,0.33899998664855957,6453956
2025-11-03,0.33899998664855957,0.3409999907016754,0.335999995470047,0.3370000123977661,4761414
2025-11-04,0.3370000123977661,0.33899998664855957,0.3330000042915344,0.33399999141693115,11498345
2025-11-05,0.33399999141693115,0.3370000123977661,0.3319999873638153,0.3330000042915344,6723138
2025-11-06,0.3330000042915344,0.335999995470047,0.3330000042915344,0.3330000042915344,6122062
2025-11-09,0.3330000042915344,0.3449999988079071,0.3330000042915344,0.3449999988079071,13166594
2025-11-10,0.3449999988079071,0.34599998593330383,0.33799999952316284,0.3400000035762787,16053612
2025-11-11,0.3400000035762787,0.34299999475479126,0.33500000834465027,0.335999995470047,12680079
2025-11-12,0.335999995470047,0.33799999952316284,0.33399999141693115,0.33399999141693115,8651258
2025-11-13,0.33399999141693115,0.33799999952316284,0.3319999873638153,0.33399999141693115,25722074
2025-11-16,0.33399999141693115,0.3400000035762787,0.33399999141693115,0.335999995470047,13198186
2025-11-17,0.335999995470047,0.3400000035762787,0.33500000834465027,0.3370000123977661,9434865
2025-11-18,0.3370000123977661,0.34200000762939453,0.33399999141693115,0.33500000834465027,20886708
2025-11-19,0.33500000834465027,0.36000001430511475,0.33500000834465027,0.3490000069141388,89855285
2025-11-20,0.3490000069141388,0.3580000102519989,0.3490000069141388,0.3490000069141388,28130552
2025-11-24,0.36000001430511475,0.367000013589859,0.35600000619888306,0.3569999933242798,25149033
2025-11-25,0.3569999933242798,0.35899999737739563,0.3400000035762787,0.3409999907016754,29996584
2025-11-26,0.3409999907016754,0.3490000069141388,0.3400000035762787,0.3409999907016754,10031323
2025-11-27,0.3409999907016754,0.34700000286102295,0.3400000035762787,0.3409999907016754,13026743
2025-11-30,0.3409999907016754,0.3449999988079071,0.3400000035762787,0.3409999907016754,8645776
2025-12-01,0.3409999907016754,0.34599998593330383,0.3400000035762787,0.3409999907016754,9498084
2025-12-03,0.3490000069141388,0.3540000021457672,0.3479999899864197,0.3479999899864197,14741577
2025-12-08,0.3659999966621399,0.3700000047683716,0.36500000953674316,0.36800000071525574,17810588
2025-12-09,0.36800000071525574,0.3720000088214874,0.36000001430511475,0.3619999885559082,17596533
2025-12-10,0.3619999885559082,0.3700000047683716,0.3529999852180481,0.35899999737739563,21673538
2025-12-11,0.35899999737739563,0.36500000953674316,0.35499998927116394,0.35600000619888306,20176916
2025-12-16,0.3619999885559082,0.3630000054836273,0.3580000102519989,0.3580000102519989,12457379
2025-12-17,0.3580000102519989,0.3610000014305115,0.3540000021457672,0.3540000021457672,7927343
2025-12-18,0.3540000021457672,0.3630000054836273,0.3540000021457672,0.35899999737739563,13222084
2025-12-21,0.35899999737739563,0.36500000953674316,0.3569999933242798,0.3580000102519989,8410506
2025-12-22,0.3580000102519989,0.36000001430511475,0.3569999933242798,0.3569999933242798,7230459
2025-12-23,0.3569999933242798,0.35899999737739563,0.3499999940395355,0.35100001096725464,15894010
2025-12-24,0.35100001096725464,0.3529999852180481,0.3449999988079071,0.3479999899864197,13863105
2025-12-25,0.3479999899864197,0.35199999809265137,0.34700000286102295,0.3479999899864197,6279801
2025-12-28,0.3479999899864197,0.3540000021457672,0.3479999899864197,0.35199999809265137,7216607
2025-12-30,0.36899998784065247,0.3970000147819519,0.3659999966621399,0.3840000033378601,151567318
2025-12-31,0.3840000033378601,0.3889999985694885,0.3709999918937683,0.37299999594688416,45369511
2026-01-04,0.37299999594688416,0.37700000405311584,0.3659999966621399,0.3700000047683716,22631754
2026-01-05,0.3700000047683716,0.37400001287460327,0.3630000054836273,0.36500000953674316,15807393
2026-01-06,0.36500000953674316,0.36899998784065247,0.36399999260902405,0.3659999966621399,9057278
2026-01-08,0.3659999966621399,0.3840000033378601,0.3659999966621399,0.3709999918937683,42385808
2026-01-11,0.3709999918937683,0.3790000081062317,0.367000013589859,0.37400001287460327,17458755
2026-01-12,0.37400001287460327,0.3840000033378601,0.3659999966621399,0.367000013589859,20462891
2026-01-13,0.367000013589859,0.36800000071525574,0.3580000102519989,0.3580000102519989,13689114
2026-01-14,0.3580000102519989,0.3580000102519989,0.3409999907016754,0.3440000116825104,21532381
2026-01-15,0.3440000116825104,0.3490000069141388,0.3409999907016754,0.34299999475479126,10098134
2026-01-19,0.3499999940395355,0.35499998927116394,0.3490000069141388,0.35199999809265137,8424649
2026-01-20,0.35199999809265137,0.35499998927116394,0.34599998593330383,0.34700000286102295,10588072
2026-01-21,0.34700000286102295,0.3659999966621399,0.34700000286102295,0.35600000619888306,52881027
2026-01-25,0.35899999737739563,0.36399999260902405,0.35100001096725464,0.3529999852180481,7844809
2026-01-26,0.3529999852180481,0.35499998927116394,0.34700000286102295,0.3479999899864197,12875696
2026-01-27,0.3479999899864197,0.3499999940395355,0.3449999988079071,0.34599998593330383,9718331
2026-01-28,0.34599998593330383,0.3479999899864197,0.3400000035762787,0.34299999475479126,12825734
2026-02-01,0.34299999475479126,0.3580000102519989,0.34200000762939453,0.3569999933242798,13798171
2026-02-02,0.3569999933242798,0.3619999885559082,0.35100001096725464,0.3580000102519989,10533268
2026-02-03,0.3580000102519989,0.36399999260902405,0.35499998927116394,0.36000001430511475,15591266
2026-02-04,0.36000001430511475,0.36899998784065247,0.36000001430511475,0.36399999260902405,17435928
2026-02-05,0.36399999260902405,0.36800000071525574,0.3580000102519989,0.3610000014305115,14334359
2026-02-08,0.3610000014305115,0.367000013589859,0.36000001430511475,0.36000001430511475,13173553
2026-02-09,0.36000001430511475,0.36399999260902405,0.35499998927116394,0.3569999933242798,6795381
2026-02-10,0.3569999933242798,0.3659999966621399,0.3569999933242798,0.36000001430511475,16175267
2026-02-11,0.36000001430511475,0.3619999885559082,0.35499998927116394,0.3569999933242798,6894110
2026-02-12,0.3569999933242798,0.3799999952316284,0.35499998927116394,0.3720000088214874,64143943
2026-02-15,0.3720000088214874,0.382999986410141,0.3709999918937683,0.3720000088214874,30513004
2026-02-16,0.3720000088214874,0.375,0.36399999260902405,0.3700000047683716,27908895
2026-02-17,0.3700000047683716,0.3709999918937683,0.36399999260902405,0.36500000953674316,14382212
2026-02-18,0.36500000953674316,0.36800000071525574,0.36000001430511475,0.3630000054836273,27328854
2026-02-19,0.3630000054836273,0.3659999966621399,0.35199999809265137,0.35499998927116394,20589855
2026-02-22,0.35499998927116394,0.3569999933242798,0.34299999475479126,0.34299999475479126,15796781
2026-02-23,0.34299999475479126,0.35600000619888306,0.34299999475479126,0.3499999940395355,9115627
2026-02-24,0.3499999940395355,0.3529999852180481,0.34299999475479126,0.3449999988079071,9140655
2026-02-25,0.3449999988079071,0.34700000286102295,0.3370000123977661,0.33899998664855957,5734002
2026-02-26,0.33899998664855957,0.34299999475479126,0.3370000123977661,0.34200000762939453,5574345
2026-03-02,0.32600000500679016,0.3319999873638153,0.32199999690055847,0.32499998807907104,7283440
2026-03-03,0.32499998807907104,0.33000001311302185,0.3190000057220459,0.3240000009536743,9832108
2026-03-04,0.3240000009536743,0.3310000002384186,0.32100000977516174,0.32899999618530273,5540100
2026-03-05,0.32899999618530273,0.3370000123977661,0.32899999618530273,0.33000001311302185,8934374
2026-03-08,0.33000001311302185,0.3409999907016754,0.33000001311302185,0.33899998664855957,16258790
2026-03-09,0.33899998664855957,0.3400000035762787,0.33500000834465027,0.33799999952316284,3657448
2026-03-10,0.33799999952316284,0.34200000762939453,0.3370000123977661,0.33899998664855957,5923708
2026-03-12,0.3400000035762787,0.3440000116825104,0.33799999952316284,0.3400000035762787,6181359
2026-03-15,0.3400000035762787,0.34299999475479126,0.33500000834465027,0.335999995470047,5532164
2026-03-16,0.335999995470047,0.33799999952316284,0.3330000042915344,0.33399999141693115,2881398
2026-03-17,0.33399999141693115,0.3400000035762787,0.3330000042915344,0.3370000123977661,1728257
2026-03-18,0.3370000123977661,0.3409999907016754,0.33500000834465027,0.33500000834465027,7877793
2026-03-19,0.33500000834465027,0.33500000834465027,0.33500000834465027,0.33500000834465027,0
2026-03-24,0.33500000834465027,0.3400000035762787,0.33500000834465027,0.33500000834465027,4744117
2026-03-26,0.33799999952316284,0.3440000116825104,0.335999995470047,0.33799999952316284,10597386
2026-03-29,0.33799999952316284,0.33799999952316284,0.3319999873638153,0.33399999141693115,9023353
2026-03-30,0.33399999141693115,0.3370000123977661,0.32899999618530273,0.33000001311302185,11294359
2026-03-31,0.33000001311302185,0.33500000834465027,0.328000009059906,0.33000001311302185,5690003
2026-04-02,0.3330000042915344,0.3370000123977661,0.33000001311302185,0.3319999873638153,8822339
2026-04-05,0.3319999873638153,0.33399999141693115,0.3310000002384186,0.3319999873638153,5558946
2026-04-06,0.3319999873638153,0.335999995470047,0.3310000002384186,0.3310000002384186,6466383
2026-04-09,0.335999995470047,0.3449999988079071,0.33500000834465027,0.3370000123977661,29981017
2026-04-14,0.3370000123977661,0.3400000035762787,0.335999995470047,0.33899998664855957,6855034
2026-04-15,0.33899998664855957,0.34299999475479126,0.33899998664855957,0.3400000035762787,15413138
2026-04-16,0.3400000035762787,0.34299999475479126,0.3400000035762787,0.3409999907016754,9342826
2026-04-19,0.3409999907016754,0.3449999988079071,0.3409999907016754,0.34200000762939453,19408327
2026-04-20,0.34200000762939453,0.3479999899864197,0.3409999907016754,0.34299999475479126,28309937
2026-04-22,0.3580000102519989,0.3619999885559082,0.3529999852180481,0.3529999852180481,17481438
2026-04-23,0.3529999852180481,0.35600000619888306,0.34700000286102295,0.3529999852180481,22920153
2026-04-26,0.3529999852180481,0.3610000014305115,0.3529999852180481,0.3540000021457672,17667316
2026-04-27,0.3540000021457672,0.3720000088214874,0.3499999940395355,0.367000013589859,36074124
2026-04-29,0.38999998569488525,0.40700000524520874,0.38600000739097595,0.3959999978542328,114761597
2026-05-03,0.3970000147819519,0.40400001406669617,0.39100000262260437,0.3930000066757202,44515613
2026-05-04,0.3930000066757202,0.4009999930858612,0.39100000262260437,0.3919999897480011,24300069
2026-05-05,0.3919999897480011,0.3970000147819519,0.38100001215934753,0.3889999985694885,23227509
2026-05-06,0.3889999985694885,0.39500001072883606,0.38499999046325684,0.38999998569488525,51817246
2026-05-10,0.38999998569488525,0.40400001406669617,0.38999998569488525,0.39500001072883606,55791234
2026-05-11,0.39500001072883606,0.4000000059604645,0.382999986410141,0.38499999046325684,41263568
2026-05-12,0.38499999046325684,0.3889999985694885,0.382999986410141,0.3840000033378601,14018558
2026-05-13,0.3840000033378601,0.3930000066757202,0.3840000033378601,0.38499999046325684,29782014
2026-05-14,0.38499999046325684,0.3930000066757202,0.38100001215934753,0.38999998569488525,64348273
2026-05-17,0.38999998569488525,0.4009999930858612,0.3889999985694885,0.38999998569488525,51844343
2026-05-18,0.38999998569488525,0.39100000262260437,0.3840000033378601,0.38499999046325684,22285128
2026-05-20,0.4050000011920929,0.4129999876022339,0.39100000262260437,0.39100000262260437,49069718
2026-05-21,0.39100000262260437,0.39500001072883606,0.38600000739097595,0.3869999945163727,12452854
2026-05-24,0.3869999945163727,0.39100000262260437,0.38600000739097595,0.3869999945163727,11892174
2026-05-26,0.4129999876022339,0.4129999876022339,0.4129999876022339,0.4129999876022339,0
2026-05-27,0.4129999876022339,0.4129999876022339,0.4129999876022339,0.4129999876022339,0
2026-05-28,0.4129999876022339,0.4129999876022339,0.4129999876022339,0.4129999876022339,0
2026-06-02,0.42500001192092896,0.4309999942779541,0.414000004529953,0.4180000126361847,69768979
2026-06-03,0.4180000126361847,0.42500001192092896,0.41100001335144043,0.41100001335144043,43819958
2026-06-07,0.4189999997615814,0.4320000112056732,0.41600000858306885,0.42800000309944153,50555450
2026-06-08,0.42800000309944153,0.4429999887943268,0.4180000126361847,0.4180000126361847,78733965
2026-06-09,0.4180000126361847,0.4300000071525574,0.4180000126361847,0.421999990940094,34532900
2026-06-10,0.421999990940094,0.4269999861717224,0.41499999165534973,0.41499999165534973,25215834
2026-06-15,0.40799999237060547,0.4129999876022339,0.40299999713897705,0.4050000011920929,6182741
2026-06-17,0.4180000126361847,0.4180000126361847,0.4180000126361847,0.4180000126361847,0
2026-06-18,0.4180000126361847,0.4180000126361847,0.4180000126361847,0.4180000126361847,0
2026-06-21,0.453000009059906,0.47699999809265137,0.44600000977516174,0.4580000042915344,186094987
2026-06-22,0.4580000042915344,0.4580000042915344,0.4580000042915344,0.4580000042915344,0
2026-06-23,0.4440000057220459,0.45100000500679016,0.42399999499320984,0.42500001192092896,77105332
2026-06-24,0.42500001192092896,0.4410000145435333,0.42500001192092896,0.4339999854564667,53879086
2026-06-25,0.4339999854564667,0.4390000104904175,0.421999990940094,0.42500001192092896,19599640
2026-06-28,0.42500001192092896,0.4300000071525574,0.41200000047683716,0.41999998688697815,21155124
2026-06-29,0.41999998688697815,0.42399999499320984,0.4129999876022339,0.41499999165534973,28059713
2026-07-05,0.4300000071525574,0.43700000643730164,0.42899999022483826,0.4320000112056732,23475631
2026-07-06,0.4320000112056732,0.4390000104904175,0.4320000112056732,0.4350000023841858,21929203
2026-07-07,0.4350000023841858,0.4390000104904175,0.4320000112056732,0.4350000023841858,18426161
2026-07-09,0.4399999976158142,0.453000009059906,0.4399999976158142,0.44699999690055847,41677470
2026-07-13,0.44999998807907104,0.4519999921321869,0.44600000977516174,0.44699999690055847,16873040
2026-07-14,0.44699999690055847,0.44699999690055847,0.4390000104904175,0.4410000145435333,40029561
2026-07-15,0.4410000145435333,0.4519999921321869,0.4410000145435333,0.4449999928474426,37920195
2026-07-16,0.4449999928474426,0.44999998807907104,0.4440000057220459,0.4480000138282776,28759442
2026-07-19,0.4480000138282776,0.46399998664855957,0.4399999976158142,0.45500001311302185,190696261
2026-07-20,0.45500001311302185,0.4620000123977661,0.453000009059906,0.453000009059906,43490369
2026-07-21,0.453000009059906,0.4580000042915344,0.44999998807907104,0.45100000500679016,43598590
2026-07-22,0.45100000500679016,0.4560000002384186,0.44699999690055847,0.44699999690055847,33902310
2026-07-26,0.44699999690055847,0.45100000500679016,0.44600000977516174,0.44699999690055847,27539426
2026-07-29,0.46700000762939453,0.47099998593330383,0.4569999873638153,0.4569999873638153,84380646
2026-07-30,0.4569999873638153,0.46000000834465027,0.4399999976158142,0.44999998807907104,41830282
2026-08-04,0.492000013589859,0.5,0.4740000069141388,0.4749999940395355,96899176
2026-08-05,0.4749999940395355,0.48399999737739563,0.4740000069141388,0.4749999940395355,29114330
2026-08-09,0.47999998927116394,0.47999998927116394,0.47999998927116394,0.47999998927116394,0
2026-08-10,0.47999998927116394,0.47999998927116394,0.47999998927116394,0.47999998927116394,0
2026-08-11,0.49000000953674316,0.4959999918937683,0.4819999933242798,0.4819999933242798,52543741
2026-08-12,0.4819999933242798,0.4869999885559082,0.4790000021457672,0.47999998927116394,39127703
2026-08-13,0.47999998927116394,0.4860000014305115,0.4779999852180481,0.4790000021457672,34732121
2026-08-16,0.4790000021457672,0.4790000021457672,0.4790000021457672,0.4790000021457672,0
2026-08-17,0.48500001430511475,0.4860000014305115,0.47999998927116394,0.47999998927116394,33292203
2026-08-18,0.47999998927116394,0.48500001430511475,0.47099998593330383,0.4740000069141388,25502263
2026-08-19,0.4740000069141388,0.47999998927116394,0.45500001311302185,0.460999995470047,36005449
2026-08-20,0.460999995470047,0.4620000123977661,0.44999998807907104,0.4580000042915344,23339749
2026-08-23,0.4580000042915344,0.47699999809265137,0.4580000042915344,0.4690000116825104,18859434
2026-08-24,0.4690000116825104,0.4749999940395355,0.45899999141693115,0.45899999141693115,16681324
2026-08-25,0.45899999141693115,0.46299999952316284,0.45399999618530273,0.45500001311302185,12379453
2026-08-26,0.45500001311302185,0.4650000035762787,0.45399999618530273,0.45899999141693115,15442400
2026-08-27,0.45899999141693115,0.45899999141693115,0.45899999141693115,0.45899999141693115,0
2026-08-30,0.45899999141693115,0.46299999952316284,0.45500001311302185,0.45500001311302185,16054782
2026-08-31,0.45500001311302185,0.460999995470047,0.4490000009536743,0.44999998807907104,16851258
2026-09-01,0.44999998807907104,0.45500001311302185,0.4410000145435333,0.4410000145435333,26653583
2026-09-03,0.4429999887943268,0.4480000138282776,0.44200000166893005,0.4449999928474426,8502623
2026-09-06,0.4449999928474426,0.4779999852180481,0.4449999928474426,0.4690000116825104,71637033
2026-09-07,0.4690000116825104,0.47699999809265137,0.4580000042915344,0.45899999141693115,35915973
2026-09-08,0.45899999141693115,0.46799999475479126,0.4519999921321869,0.45500001311302185,13918205
2026-09-09,0.45500001311302185,0.46000000834465027,0.44699999690055847,0.4490000009536743,16776274
2026-09-10,0.4490000009536743,0.453000009059906,0.4399999976158142,0.44200000166893005,23058123
2026-09-13,0.44200000166893005,0.4449999928474426,0.43299999833106995,0.43299999833106995,15020995
2026-09-20,0.4569999873638153,0.46700000762939453,0.43799999356269836,0.4390000104904175,102354965
2026-09-21,0.4390000104904175,0.44200000166893005,0.41499999165534973,0.4180000126361847,64851332
2026-09-22,0.4180000126361847,0.42399999499320984,0.40400001406669617,0.4129999876022339,37011330
2026-09-23,0.4129999876022339,0.4399999976158142,0.41100001335144043,0.421999990940094,84948232
2026-09-24,0.421999990940094,0.4230000078678131,0.4000000059604645,0.40400001406669617,38674873
2026-09-27,0.40400001406669617,0.4129999876022339,0.382999986410141,0.3840000033378601,34495294
2026-09-28,0.3840000033378601,0.39100000262260437,0.3700000047683716,0.37700000405311584,31185972
2026-09-29,0.37700000405311584,0.3880000114440918,0.36800000071525574,0.36899998784065247,26908039
2026-09-30,0.36899998784065247,0.37700000405311584,0.3610000014305115,0.375,22237266
